{"type":"FeatureCollection","name":"brielle_road_centerlines","metadata":{"source":"NJOGIS NG911 Road Centerlines (Tran_road)","url":"https://services2.arcgis.com/XVOqAjTOJ5P6ngMu/arcgis/rest/services/Tran_road/FeatureServer/0","query_url":"https://services2.arcgis.com/XVOqAjTOJ5P6ngMu/arcgis/rest/services/Tran_road/FeatureServer/0/query","retrieved_at_utc":"2026-09-04T20:05:06.016456+00:00","source_last_edit_date":1785341586960,"out_sr":4326,"query_envelope_wgs84":[-74.0862857,40.0893678,-74.0427405,40.120686],"spatial_relationship":"esriSpatialRelIntersects","boundary_file":"brielle_boundary.geojson","boundary_sha256":"53277145059093f3f344990eb2c0e01e644d814c5e2e5ad57f7b2a11b8d05b3b","fields":["OBJECTID","PRIMENAME","ELEVTYP_F","ELEVTYP_T"],"feature_count":1097,"complete_objectid_inventory_verified":true,"municipal_clipping":"Envelope selection only; clip against the actual municipal boundary in the application."},"features":[{"type":"Feature","id":410,"properties":{"OBJECTID":410,"PRIMENAME":"Stonehedge Lane","ELEVTYP_F":0,"ELEVTYP_T":0},"geometry":{"type":"LineString","coordinates":[[-74.0556401813488,40.093542524958],[-74.0557277513758,40.093563953237]]}},{"type":"Feature","id":1292,"properties":{"OBJECTID":1292,"PRIMENAME":"Linden Lane","ELEVTYP_F":0,"ELEVTYP_T":0},"geometry":{"type":"LineString","coordinates":[[-74.0581538208149,40.104330881732],[-74.058091723235,40.1043306448315],[-74.0580231972254,40.1043732922045],[-74.0578111744016,40.1045249849673],[-74.0574807509161,40.1047525170221],[-74.0573684741931,40.1048378786561],[-74.0573245993872,40.104899672991],[-74.0573180748759,40.1049520555544],[-74.0573549209675,40.1050094090474],[-74.0577877342836,40.1052684342061],[-74.0586223703717,40.1057815861076],[-74.0590922570583,40.1060645771712],[-74.0591687552861,40.1061106602776]]}},{"type":"Feature","id":1887,"properties":{"OBJECTID":1887,"PRIMENAME":"Belaire Road","ELEVTYP_F":0,"ELEVTYP_T":0},"geometry":{"type":"LineString","coordinates":[[-74.060502494326,40.1047330277325],[-74.0604480820484,40.1046827744572],[-74.0596397981862,40.1039361924631],[-74.0595351876064,40.1038377861871],[-74.059428125549,40.1037370701301],[-74.0593498277701,40.103663414735]]}},{"type":"Feature","id":1899,"properties":{"OBJECTID":1899,"PRIMENAME":"White Pine Lane","ELEVTYP_F":0,"ELEVTYP_T":0},"geometry":{"type":"LineString","coordinates":[[-74.0793754332753,40.1003501324356],[-74.0791584362658,40.1004841343363],[-74.0790984344245,40.100503133446]]}},{"type":"Feature","id":2088,"properties":{"OBJECTID":2088,"PRIMENAME":"Riverview Drive","ELEVTYP_F":0,"ELEVTYP_T":0},"geometry":{"type":"LineString","coordinates":[[-74.0779884769022,40.0998861506989],[-74.0777527637645,40.0995422934613],[-74.0769531023182,40.0983811840353],[-74.0768731872712,40.0982569688215],[-74.0768585865975,40.098242200002]]}},{"type":"Feature","id":2151,"properties":{"OBJECTID":2151,"PRIMENAME":"East Main Street","ELEVTYP_F":0,"ELEVTYP_T":0},"geometry":{"type":"LineString","coordinates":[[-74.0466070593411,40.120640762454],[-74.0473137948782,40.121102623117],[-74.0473806568213,40.1211462191664],[-74.0475376161514,40.121248559602]]}},{"type":"Feature","id":2374,"properties":{"OBJECTID":2374,"PRIMENAME":"Rankin Road","ELEVTYP_F":0,"ELEVTYP_T":0},"geometry":{"type":"LineString","coordinates":[[-74.0681683980501,40.110294393412],[-74.0680782082758,40.110268827929],[-74.0671672559056,40.1100318841322],[-74.0669441583737,40.1099738654826],[-74.0667604698366,40.1098980394938]]}},{"type":"Feature","id":2726,"properties":{"OBJECTID":2726,"PRIMENAME":"East Virginia Avenue","ELEVTYP_F":0,"ELEVTYP_T":0},"geometry":{"type":"LineString","coordinates":[[-74.0426487898682,40.114087434267],[-74.042763597748,40.1141630625388],[-74.0427775887351,40.1141722777628]]}},{"type":"Feature","id":2881,"properties":{"OBJECTID":2881,"PRIMENAME":"Riverview Drive","ELEVTYP_F":0,"ELEVTYP_T":0},"geometry":{"type":"LineString","coordinates":[[-74.0723483363226,40.0962733906945],[-74.0721432734047,40.0963902978704],[-74.0717064920591,40.0966445194933]]}},{"type":"Feature","id":3453,"properties":{"OBJECTID":3453,"PRIMENAME":"River Road","ELEVTYP_F":0,"ELEVTYP_T":0},"geometry":{"type":"LineString","coordinates":[[-74.085666407967,40.0929548613032],[-74.0854244515589,40.092736210163],[-74.0846764337261,40.0920557952412],[-74.0845006642113,40.0918932736646]]}},{"type":"Feature","id":3530,"properties":{"OBJECTID":3530,"PRIMENAME":"Oakshire Lane","ELEVTYP_F":0,"ELEVTYP_T":0},"geometry":{"type":"LineString","coordinates":[[-74.0824255733484,40.1101024222214],[-74.0819087272792,40.1102560688347],[-74.0817504803804,40.1103031115117]]}},{"type":"Feature","id":3655,"properties":{"OBJECTID":3655,"PRIMENAME":"Ramshorn Drive","ELEVTYP_F":0,"ELEVTYP_T":0},"geometry":{"type":"LineString","coordinates":[[-74.0840840895786,40.1034374038604],[-74.0841347126603,40.1036723099225],[-74.0841868320581,40.1039726411316],[-74.0842001138254,40.1040401684948]]}},{"type":"Feature","id":3750,"properties":{"OBJECTID":3750,"PRIMENAME":"Heathrow Lane","ELEVTYP_F":0,"ELEVTYP_T":0},"geometry":{"type":"LineString","coordinates":[[-74.0789751347937,40.1121712648961],[-74.07862571136,40.1122991655137],[-74.0783279404804,40.1124256237897],[-74.0781259512139,40.1125292410907],[-74.0780165500478,40.1126023990709]]}},{"type":"Feature","id":3954,"properties":{"OBJECTID":3954,"PRIMENAME":"Riverview Lane","ELEVTYP_F":0,"ELEVTYP_T":0},"geometry":{"type":"LineString","coordinates":[[-74.0581538208149,40.104330881732],[-74.0578238018814,40.1040378872765]]}},{"type":"Feature","id":4002,"properties":{"OBJECTID":4002,"PRIMENAME":"Locust Road","ELEVTYP_F":0,"ELEVTYP_T":0},"geometry":{"type":"LineString","coordinates":[[-74.0588804247748,40.1064465481152],[-74.058952987895,40.1064930009688],[-74.0593423685242,40.1067423291965],[-74.0596450951977,40.1069627208135],[-74.0600220803649,40.1072167489496],[-74.0604051657761,40.107489878296],[-74.0605906323618,40.1076097557963],[-74.0606836162485,40.1076722605467],[-74.0607760326913,40.1077343820789],[-74.0608996746902,40.1078110878821],[-74.0609986827234,40.1078543999217],[-74.0611598239503,40.1078931160108],[-74.0614821724765,40.1079658245546],[-74.0616059934552,40.1080091750731],[-74.0616988534811,40.1080524623429],[-74.061834902705,40.108129187076],[-74.0620142744251,40.1082299590425],[-74.0621774498829,40.1083255842202],[-74.0622926070714,40.1083930667324]]}},{"type":"Feature","id":4179,"properties":{"OBJECTID":4179,"PRIMENAME":"Dartmouth Avenue","ELEVTYP_F":0,"ELEVTYP_T":0},"geometry":{"type":"LineString","coordinates":[[-74.0455104231488,40.0996672923654],[-74.0455168766838,40.1000298353823]]}},{"type":"Feature","id":4279,"properties":{"OBJECTID":4279,"PRIMENAME":"Jeanne Lane","ELEVTYP_F":0,"ELEVTYP_T":0},"geometry":{"type":"LineString","coordinates":[[-74.0800901904423,40.0989221969915],[-74.0800228768157,40.0988930443831],[-74.0796453052327,40.0987296189303],[-74.0794286598792,40.0986382653758],[-74.0793048960812,40.0985806310907],[-74.0791625905092,40.0985038490791],[-74.0789771812782,40.098379251985],[-74.0787918832941,40.0982308254248],[-74.0786546101955,40.0981208156938]]}},{"type":"Feature","id":4717,"properties":{"OBJECTID":4717,"PRIMENAME":"Passaic Avenue","ELEVTYP_F":0,"ELEVTYP_T":0},"geometry":{"type":"LineString","coordinates":[[-74.0805393057702,40.0905428249549],[-74.0811505129641,40.0895369569516],[-74.0811756406968,40.0894846392391],[-74.0811914506628,40.0894418153533],[-74.0811983262893,40.0894048604983]]}},{"type":"Feature","id":5063,"properties":{"OBJECTID":5063,"PRIMENAME":"Mariners Bend","ELEVTYP_F":0,"ELEVTYP_T":0},"geometry":{"type":"LineString","coordinates":[[-74.0777721493833,40.1032865743965],[-74.0775731068417,40.103258227201],[-74.0774607342365,40.1033032472158],[-74.0772099933587,40.1035677412094],[-74.0771755065595,40.1036058730208],[-74.0770502166932,40.1037249686429],[-74.0769215628685,40.1038847008669],[-74.076767951343,40.1040515148431],[-74.0767244330006,40.1041251340139],[-74.0766854341621,40.1041631338978],[-74.0766534355551,40.1042041352329],[-74.076620434896,40.1042461344629],[-74.0765874348627,40.1042861341545],[-74.0765554344661,40.1043251350232],[-74.0765204336546,40.1043641339198],[-74.0764884348418,40.1044191346257],[-74.0764624352806,40.1044611350889],[-74.0764344334687,40.1045031354295],[-74.0764063116632,40.1046240492436],[-74.0764845548449,40.104737840264]]}},{"type":"Feature","id":5085,"properties":{"OBJECTID":5085,"PRIMENAME":"Chicago Avenue","ELEVTYP_F":0,"ELEVTYP_T":0},"geometry":{"type":"LineString","coordinates":[[-74.04435072751,40.0953743446944],[-74.0443620599968,40.0961783526413]]}},{"type":"Feature","id":5279,"properties":{"OBJECTID":5279,"PRIMENAME":"Morris Avenue","ELEVTYP_F":0,"ELEVTYP_T":0},"geometry":{"type":"LineString","coordinates":[[-74.0524702008739,40.1177253012612],[-74.0519231058959,40.1173862281015],[-74.0504453243786,40.1164797134052],[-74.0503401836357,40.1164220926965],[-74.0502657600797,40.1164075008141],[-74.0501974103971,40.1164263155445],[-74.0501487225536,40.1164595707643]]}},{"type":"Feature","id":5452,"properties":{"OBJECTID":5452,"PRIMENAME":"Lakewood Road","ELEVTYP_F":0,"ELEVTYP_T":0},"geometry":{"type":"LineString","coordinates":[[-74.0816991625402,40.1186997979033],[-74.0818520509324,40.1186493332499]]}},{"type":"Feature","id":5950,"properties":{"OBJECTID":5950,"PRIMENAME":"Yale Avenue","ELEVTYP_F":0,"ELEVTYP_T":0},"geometry":{"type":"LineString","coordinates":[[-74.0465059531766,40.0982089333296],[-74.0460521091384,40.0982120148044],[-74.0454847764652,40.0982242857148]]}},{"type":"Feature","id":5951,"properties":{"OBJECTID":5951,"PRIMENAME":"Nan Street","ELEVTYP_F":0,"ELEVTYP_T":0},"geometry":{"type":"LineString","coordinates":[[-74.0679279947311,40.1173385748021],[-74.0680766254819,40.1173409963138],[-74.0688302954129,40.1173533302069]]}},{"type":"Feature","id":6735,"properties":{"OBJECTID":6735,"PRIMENAME":"Fletcher Avenue","ELEVTYP_F":0,"ELEVTYP_T":0},"geometry":{"type":"LineString","coordinates":[[-74.0431647023603,40.119647273917],[-74.0446899759164,40.1206400499249],[-74.0447805230617,40.1206986064173]]}},{"type":"Feature","id":7092,"properties":{"OBJECTID":7092,"PRIMENAME":"Brandywyne","ELEVTYP_F":0,"ELEVTYP_T":0},"geometry":{"type":"LineString","coordinates":[[-74.0705204319132,40.1127621370232],[-74.0705854332008,40.112700135077],[-74.0706634326056,40.1126481365838]]}},{"type":"Feature","id":7268,"properties":{"OBJECTID":7268,"PRIMENAME":"Old Bridge Road","ELEVTYP_F":0,"ELEVTYP_T":0},"geometry":{"type":"LineString","coordinates":[[-74.0726760808488,40.1085980965309],[-74.072583707333,40.1087258525651],[-74.0724792443184,40.1089013859741],[-74.072383402526,40.1091391049455],[-74.0723368544853,40.1092651628176],[-74.0722599959811,40.1094733010882],[-74.0721774996098,40.1097317696767],[-74.0720910520352,40.1099918862675]]}},{"type":"Feature","id":7285,"properties":{"OBJECTID":7285,"PRIMENAME":"Curriers Place","ELEVTYP_F":0,"ELEVTYP_T":0},"geometry":{"type":"LineString","coordinates":[[-74.0761794354839,40.1147421356119],[-74.0759048148357,40.1147279370896],[-74.0756983465574,40.1147271808872],[-74.0755556577707,40.1147042876778],[-74.0754278065078,40.1146584135886],[-74.0752804345353,40.1145701363397],[-74.0751624341951,40.1144151364911],[-74.0751209039699,40.1143470137235],[-74.0751116587276,40.1142486021532],[-74.0751344341715,40.1141576396478],[-74.0752730631402,40.11360398441],[-74.0753354345867,40.1135321373446],[-74.0754814349486,40.1134231362762],[-74.0763520330953,40.1131669699213]]}},{"type":"Feature","id":7321,"properties":{"OBJECTID":7321,"PRIMENAME":"Acpoan Place","ELEVTYP_F":0,"ELEVTYP_T":0},"geometry":{"type":"LineString","coordinates":[[-74.0576337366737,40.1209934316502],[-74.0575554905384,40.1209443758853],[-74.0572146150599,40.1207305804501]]}},{"type":"Feature","id":7388,"properties":{"OBJECTID":7388,"PRIMENAME":"Jordan Way","ELEVTYP_F":0,"ELEVTYP_T":0},"geometry":{"type":"LineString","coordinates":[[-74.0857716568374,40.1078379204732],[-74.0858437703519,40.1078203879376],[-74.0871181369806,40.107510298079],[-74.0872027464689,40.1074897360867]]}},{"type":"Feature","id":7566,"properties":{"OBJECTID":7566,"PRIMENAME":"Sequoia Court","ELEVTYP_F":0,"ELEVTYP_T":0},"geometry":{"type":"LineString","coordinates":[[-74.0607247833564,40.1182349702258],[-74.0606514410658,40.1182906958556],[-74.0606151105376,40.1183183082029],[-74.0604642576556,40.1184329607097],[-74.0603269005729,40.1185563621867],[-74.0602207030527,40.1186608016648],[-74.0600769954219,40.1187984546147],[-74.0599770808332,40.1188934190833],[-74.0597962440881,40.1190214319622],[-74.0597129684966,40.1190761572984],[-74.0595655142649,40.1191730563844]]}},{"type":"Feature","id":7794,"properties":{"OBJECTID":7794,"PRIMENAME":"Pine Avenue","ELEVTYP_F":0,"ELEVTYP_T":0},"geometry":{"type":"LineString","coordinates":[[-74.0483995982627,40.1187594403176],[-74.0483160340127,40.1187048669823],[-74.0472280916976,40.1179952694252],[-74.0471511493889,40.1179451417039]]}},{"type":"Feature","id":7948,"properties":{"OBJECTID":7948,"PRIMENAME":"Broadway","ELEVTYP_F":0,"ELEVTYP_T":0},"geometry":{"type":"LineString","coordinates":[[-74.04994044171,40.1001862399515],[-74.0501520359153,40.1001598835994],[-74.0503368815558,40.1001130251019]]}},{"type":"Feature","id":8012,"properties":{"OBJECTID":8012,"PRIMENAME":"Oak Road","ELEVTYP_F":0,"ELEVTYP_T":0},"geometry":{"type":"LineString","coordinates":[[-74.0684037584126,40.1198947959658],[-74.0683149917609,40.1198965241091],[-74.0676202436822,40.119808141137],[-74.0675422442148,40.119815152685]]}},{"type":"Feature","id":8435,"properties":{"OBJECTID":8435,"PRIMENAME":"Green Avenue","ELEVTYP_F":0,"ELEVTYP_T":0},"geometry":{"type":"LineString","coordinates":[[-74.0468921493529,40.1104564298124],[-74.0466529615937,40.1106919190551],[-74.0465279695742,40.110820129963],[-74.046371558994,40.1110006251146],[-74.0462344106422,40.1111874390836],[-74.0460959321504,40.111376063457],[-74.0460645087624,40.1114181393356]]}},{"type":"Feature","id":8974,"properties":{"OBJECTID":8974,"PRIMENAME":"Old Bridge Road","ELEVTYP_F":0,"ELEVTYP_T":0},"geometry":{"type":"LineString","coordinates":[[-74.0846852788693,40.098604000615],[-74.0836783051655,40.0990755711877]]}},{"type":"Feature","id":9355,"properties":{"OBJECTID":9355,"PRIMENAME":"Unnamed Segment","ELEVTYP_F":0,"ELEVTYP_T":0},"geometry":{"type":"LineString","coordinates":[[-74.0699584339667,40.108600135277],[-74.0700574314534,40.1086691352904],[-74.0705774329447,40.1087651359269],[-74.0707294316456,40.1087901359568]]}},{"type":"Feature","id":10627,"properties":{"OBJECTID":10627,"PRIMENAME":"Osprey Court","ELEVTYP_F":0,"ELEVTYP_T":0},"geometry":{"type":"LineString","coordinates":[[-74.0845375448806,40.1048787262919],[-74.0844421204538,40.104908801165],[-74.0831983629669,40.105299904291],[-74.0814301568347,40.1058748896953],[-74.0812703871133,40.1059268413259]]}},{"type":"Feature","id":10741,"properties":{"OBJECTID":10741,"PRIMENAME":"Old Bridge Road","ELEVTYP_F":0,"ELEVTYP_T":0},"geometry":{"type":"LineString","coordinates":[[-74.0709868308563,40.1133083666788],[-74.0709638637775,40.113384188898],[-74.0709274967039,40.1134530441858],[-74.0708732739241,40.1135011598115],[-74.0707426337379,40.1135558572619],[-74.0706615159601,40.1135874076266]]}},{"type":"Feature","id":11010,"properties":{"OBJECTID":11010,"PRIMENAME":"Haris Avenue","ELEVTYP_F":0,"ELEVTYP_T":0},"geometry":{"type":"LineString","coordinates":[[-74.0614237872898,40.1158703733366],[-74.0613563011156,40.1158387945542],[-74.0607497485128,40.1155552939004]]}},{"type":"Feature","id":11074,"properties":{"OBJECTID":11074,"PRIMENAME":"Woodland Road","ELEVTYP_F":0,"ELEVTYP_T":0},"geometry":{"type":"LineString","coordinates":[[-74.0540181235727,40.0936777013879],[-74.0540830745386,40.0934092411334],[-74.05409842987,40.0933349572188],[-74.054098691087,40.0932949315211],[-74.0540920708602,40.0932412077459]]}},{"type":"Feature","id":12088,"properties":{"OBJECTID":12088,"PRIMENAME":"FR RAMP Y101490 to RIVERVIEW DR","ELEVTYP_F":0,"ELEVTYP_T":0},"geometry":{"type":"LineString","coordinates":[[-74.0575066826779,40.108453150491],[-74.057485058353,40.1084357449316],[-74.0574383570249,40.1083981203671],[-74.0574114451871,40.1083688901651],[-74.0573845343068,40.1083340864991],[-74.0573721557262,40.1082965930645],[-74.0573669562909,40.1082604997139],[-74.0573761990174,40.1082300070944],[-74.0573890981749,40.1081926111579],[-74.0574092100407,40.10815106899],[-74.057425908288,40.1081012229355]]}},{"type":"Feature","id":12101,"properties":{"OBJECTID":12101,"PRIMENAME":"Shore Drive","ELEVTYP_F":0,"ELEVTYP_T":0},"geometry":{"type":"LineString","coordinates":[[-74.0836783051655,40.0990755711877],[-74.0833573001434,40.0985801792083],[-74.0833032311493,40.0984855283785]]}},{"type":"Feature","id":12838,"properties":{"OBJECTID":12838,"PRIMENAME":"Poplar Court","ELEVTYP_F":0,"ELEVTYP_T":0},"geometry":{"type":"LineString","coordinates":[[-74.0713564336677,40.1100951359143],[-74.0714624318781,40.1098271364351]]}},{"type":"Feature","id":13262,"properties":{"OBJECTID":13262,"PRIMENAME":"Ramshorn Drive","ELEVTYP_F":0,"ELEVTYP_T":0},"geometry":{"type":"LineString","coordinates":[[-74.0811681770906,40.0998101987703],[-74.0812376485831,40.0998841894775],[-74.0815367057636,40.100202655561],[-74.0815651630722,40.1002315831604]]}},{"type":"Feature","id":13293,"properties":{"OBJECTID":13293,"PRIMENAME":"Cedar Lane","ELEVTYP_F":0,"ELEVTYP_T":0},"geometry":{"type":"LineString","coordinates":[[-74.0800901904423,40.0989221969915],[-74.079967289512,40.0989766025406],[-74.0792258999796,40.0993048037759],[-74.0788078590027,40.0995012210551]]}},{"type":"Feature","id":13667,"properties":{"OBJECTID":13667,"PRIMENAME":"Arnold Avenue","ELEVTYP_F":0,"ELEVTYP_T":0},"geometry":{"type":"LineString","coordinates":[[-74.0564470968711,40.0912256913658],[-74.0563331904296,40.0912335135839]]}},{"type":"Feature","id":14186,"properties":{"OBJECTID":14186,"PRIMENAME":"Drawbridge Lane","ELEVTYP_F":0,"ELEVTYP_T":0},"geometry":{"type":"LineString","coordinates":[[-74.0427999007489,40.1114867630328],[-74.0428136103896,40.1113222497715],[-74.0428191527017,40.1112760582551],[-74.0429116476529,40.111141797503],[-74.0432428416335,40.1109240837947]]}},{"type":"Feature","id":14507,"properties":{"OBJECTID":14507,"PRIMENAME":"Jordan Drive","ELEVTYP_F":0,"ELEVTYP_T":0},"geometry":{"type":"LineString","coordinates":[[-74.0659110068461,40.0986837118361],[-74.0661357907838,40.0984700906456],[-74.066137015184,40.0984688054432]]}},{"type":"Feature","id":14620,"properties":{"OBJECTID":14620,"PRIMENAME":"Old Bridge Road","ELEVTYP_F":0,"ELEVTYP_T":0},"geometry":{"type":"LineString","coordinates":[[-74.0747339898124,40.1066428332001],[-74.074314965251,40.1070521001006],[-74.073993777433,40.1073993544148],[-74.0739352795544,40.1074517124677]]}},{"type":"Feature","id":14629,"properties":{"OBJECTID":14629,"PRIMENAME":"Riverview Drive","ELEVTYP_F":0,"ELEVTYP_T":0},"geometry":{"type":"LineString","coordinates":[[-74.0678424289073,40.0993777832405],[-74.0676234645546,40.0996097683902],[-74.0674921969306,40.0997618074951],[-74.0674488239571,40.0998141089341]]}},{"type":"Feature","id":14720,"properties":{"OBJECTID":14720,"PRIMENAME":"Cooper Boulevard","ELEVTYP_F":0,"ELEVTYP_T":0},"geometry":{"type":"LineString","coordinates":[[-74.0808523419757,40.1167824048878],[-74.0808291278797,40.1168251476778],[-74.0808051235768,40.1168676128929],[-74.0807803396238,40.1169098005709],[-74.0807547605974,40.1169517385767],[-74.0807455239796,40.1169663097935]]}},{"type":"Feature","id":14858,"properties":{"OBJECTID":14858,"PRIMENAME":"Oval Road","ELEVTYP_F":0,"ELEVTYP_T":0},"geometry":{"type":"LineString","coordinates":[[-74.0719087554245,40.1123427166326],[-74.0720199291924,40.1122886745774],[-74.0722051376767,40.1122264691422],[-74.0723691819322,40.1121899872894],[-74.0724384761799,40.1121786647641],[-74.0725815186227,40.1121552956598],[-74.0726532580762,40.1121463166136],[-74.0728568619668,40.1121208351208],[-74.0730060424523,40.1121100986658],[-74.0730382171812,40.1121131679331],[-74.0731425986513,40.1121231269914],[-74.0731466714905,40.1121235157873],[-74.0732095852977,40.1121382604261],[-74.0732891507434,40.1121772552666],[-74.0733003265386,40.1121844073745],[-74.0734209364898,40.1122615911997],[-74.0737791601709,40.1125161610494]]}},{"type":"Feature","id":15055,"properties":{"OBJECTID":15055,"PRIMENAME":"Laurel Avenue","ELEVTYP_F":0,"ELEVTYP_T":0},"geometry":{"type":"LineString","coordinates":[[-74.0647231111739,40.099358800441],[-74.0648202486081,40.0994136328675],[-74.0654692602828,40.0998307210356],[-74.0659946457753,40.1001710773674],[-74.0663101334086,40.1003343148033],[-74.0665141494654,40.1004590017416],[-74.0666440043196,40.10053575177],[-74.0667365191574,40.100626637924],[-74.0667894568467,40.1006786400135]]}},{"type":"Feature","id":16396,"properties":{"OBJECTID":16396,"PRIMENAME":"Old Bridge Road","ELEVTYP_F":0,"ELEVTYP_T":0},"geometry":{"type":"LineString","coordinates":[[-74.0760381855852,40.1052195875363],[-74.0754770893307,40.1058592474936],[-74.0754186689385,40.1059236884447]]}},{"type":"Feature","id":16518,"properties":{"OBJECTID":16518,"PRIMENAME":"Morningstar Road","ELEVTYP_F":0,"ELEVTYP_T":0},"geometry":{"type":"LineString","coordinates":[[-74.0796207649851,40.1137491004255],[-74.0797175893041,40.113431269272],[-74.0799904350427,40.1130761367734]]}},{"type":"Feature","id":16739,"properties":{"OBJECTID":16739,"PRIMENAME":"FR RT 35 SB to CO 20 SB","ELEVTYP_F":0,"ELEVTYP_T":0},"geometry":{"type":"LineString","coordinates":[[-74.0710489500706,40.1150253990714],[-74.0709610572525,40.1149648282767],[-74.0708757293391,40.1149021329007],[-74.0707930534076,40.1148373769295],[-74.0707131138278,40.1147706264518],[-74.0706860286382,40.1147377752909],[-74.0706645258489,40.1147025746508],[-74.0706489452791,40.1146655808392],[-74.0706395331524,40.1146273785018],[-74.0706478144562,40.1145568258907],[-74.070662157147,40.1144868478692],[-74.0707128085218,40.1143119071058],[-74.0707683669486,40.1141378466516]]}},{"type":"Feature","id":17219,"properties":{"OBJECTID":17219,"PRIMENAME":"FR RT 35 SB to CO 20 SB","ELEVTYP_F":0,"ELEVTYP_T":0},"geometry":{"type":"LineString","coordinates":[[-74.0707683669486,40.1141378466516],[-74.0707888774457,40.1140774162425],[-74.0708486978629,40.1138788535562],[-74.0709062256951,40.113679891948],[-74.0709203475,40.1136229622339],[-74.0709559583399,40.1134659595978],[-74.0709868308563,40.1133083666788]]}},{"type":"Feature","id":17338,"properties":{"OBJECTID":17338,"PRIMENAME":"East Virginia Avenue","ELEVTYP_F":0,"ELEVTYP_T":0},"geometry":{"type":"LineString","coordinates":[[-74.0449695949602,40.1156116513405],[-74.0454340267214,40.1159099398715]]}},{"type":"Feature","id":17356,"properties":{"OBJECTID":17356,"PRIMENAME":"Broadway","ELEVTYP_F":0,"ELEVTYP_T":0},"geometry":{"type":"LineString","coordinates":[[-74.0465709776959,40.1005571672836],[-74.0473384263269,40.1005492706686],[-74.0474678664199,40.100539865259],[-74.0475973626638,40.1005271120607],[-74.047677135142,40.1005194344883]]}},{"type":"Feature","id":18185,"properties":{"OBJECTID":18185,"PRIMENAME":"Ramshorn Drive","ELEVTYP_F":0,"ELEVTYP_T":0},"geometry":{"type":"LineString","coordinates":[[-74.0853909623751,40.1069181983874],[-74.0852726626803,40.1066347061852],[-74.0850106274792,40.1059998488589]]}},{"type":"Feature","id":18364,"properties":{"OBJECTID":18364,"PRIMENAME":"Pine Road","ELEVTYP_F":0,"ELEVTYP_T":0},"geometry":{"type":"LineString","coordinates":[[-74.0647277689619,40.1202844052221],[-74.0646246429533,40.1203116632824],[-74.0645002034647,40.1203445505625],[-74.0643821551834,40.1203679360831],[-74.0642579086625,40.120381771598],[-74.0641026791224,40.1203811874648],[-74.0639966506897,40.1203813647969],[-74.0637298317227,40.1203613077891],[-74.0627431663692,40.1202628373408],[-74.0624772356997,40.1202362949555]]}},{"type":"Feature","id":18627,"properties":{"OBJECTID":18627,"PRIMENAME":"FR RIVER AVE to RT 35 SB","ELEVTYP_F":0,"ELEVTYP_T":0},"geometry":{"type":"LineString","coordinates":[[-74.0504157865262,40.0961576708519],[-74.0504050810387,40.096163449163],[-74.0503942393949,40.0961690757569],[-74.0503832652397,40.0961745487422],[-74.0503721622629,40.0961798662786],[-74.0503609341973,40.0961850265783],[-74.050349584818,40.0961900279064],[-74.0503381179407,40.0961948685813],[-74.0503265374208,40.0961995469756],[-74.0503259118337,40.0961997985418],[-74.050324028036,40.0962005532127]]}},{"type":"Feature","id":19318,"properties":{"OBJECTID":19318,"PRIMENAME":"Chestnut Court","ELEVTYP_F":0,"ELEVTYP_T":0},"geometry":{"type":"LineString","coordinates":[[-74.0695084328879,40.1106441356603],[-74.0694634328731,40.1105361361629],[-74.0694154331384,40.1103491360083],[-74.0693954327093,40.1102001345978],[-74.0694154330736,40.1100271362335],[-74.0694414326936,40.1099091345939],[-74.0694534330287,40.1098821351259],[-74.0694624324295,40.1098611356975],[-74.0694974332233,40.1098191360853],[-74.069557432426,40.1097801349896],[-74.069624433883,40.1097561347313],[-74.0696754326445,40.1097511353532],[-74.0697534331519,40.1097631358799],[-74.069910432957,40.1098321352872],[-74.0700994328257,40.1099001364063],[-74.0701854331433,40.1099271348793],[-74.0704794338952,40.1099971363151]]}},{"type":"Feature","id":19954,"properties":{"OBJECTID":19954,"PRIMENAME":"Hickory Court","ELEVTYP_F":0,"ELEVTYP_T":0},"geometry":{"type":"LineString","coordinates":[[-74.0709174323366,40.1118761359736],[-74.0703084346045,40.1117731353439],[-74.0700374330689,40.1117211362591]]}},{"type":"Feature","id":20066,"properties":{"OBJECTID":20066,"PRIMENAME":"FR NJ 71 SB to NJ 35 SB","ELEVTYP_F":0,"ELEVTYP_T":0},"geometry":{"type":"LineString","coordinates":[[-74.0582070620031,40.1087068270932],[-74.058038740322,40.1086340658979],[-74.057812991689,40.1085567745348],[-74.0576594637611,40.1085075421113],[-74.0575066826779,40.108453150491]]}},{"type":"Feature","id":20182,"properties":{"OBJECTID":20182,"PRIMENAME":"Arnold Avenue","ELEVTYP_F":0,"ELEVTYP_T":0},"geometry":{"type":"LineString","coordinates":[[-74.0490992172091,40.0917927807969],[-74.0486720922047,40.0918268883292],[-74.0485145812575,40.091838529317],[-74.0482522064269,40.0918579205383]]}},{"type":"Feature","id":20353,"properties":{"OBJECTID":20353,"PRIMENAME":"Birch Drive","ELEVTYP_F":0,"ELEVTYP_T":0},"geometry":{"type":"LineString","coordinates":[[-74.0729524068737,40.0969171435403],[-74.0729482737818,40.0968177208679],[-74.0729427874585,40.0966890009398],[-74.072962191223,40.0965699254995],[-74.0729875715091,40.0964842552892],[-74.0730439141032,40.0964034215243],[-74.0731687394409,40.0962894848192],[-74.0734495084378,40.096047448742],[-74.0735236177853,40.0959835636109]]}},{"type":"Feature","id":20979,"properties":{"OBJECTID":20979,"PRIMENAME":"Forrest Road","ELEVTYP_F":0,"ELEVTYP_T":0},"geometry":{"type":"LineString","coordinates":[[-74.077427792273,40.0959673172439],[-74.0769535899599,40.0964320145236],[-74.0759668174466,40.0974293467799],[-74.0758667030404,40.0975305574363]]}},{"type":"Feature","id":21861,"properties":{"OBJECTID":21861,"PRIMENAME":"Lyman Avenue","ELEVTYP_F":0,"ELEVTYP_T":0},"geometry":{"type":"LineString","coordinates":[[-74.0622312934208,40.1151460339077],[-74.0623102211979,40.1151942100621],[-74.062891541125,40.1155490940161],[-74.0635963261666,40.1159950080576],[-74.0639116360326,40.1161963834261],[-74.0639692219846,40.1162331672513]]}},{"type":"Feature","id":22045,"properties":{"OBJECTID":22045,"PRIMENAME":"Acpoan Place","ELEVTYP_F":0,"ELEVTYP_T":0},"geometry":{"type":"LineString","coordinates":[[-74.0571960078742,40.1191082876621],[-74.0572518531216,40.1191468289949],[-74.0573580293216,40.1192118591279],[-74.0574597660212,40.1192722327615],[-74.0575021602389,40.1192967457155],[-74.0575440870623,40.1193216964035],[-74.0575855109464,40.1193471387315],[-74.0576264697832,40.1193730188036],[-74.0576669528392,40.1193993635998],[-74.0576860942301,40.1194144790762],[-74.0576927300761,40.11942241245],[-74.0576986483446,40.1194306430118],[-74.0577038855613,40.1194391465825],[-74.0577083701742,40.1194479210878],[-74.0577121027141,40.119456884567],[-74.0577150821768,40.1194660108967],[-74.0577172758997,40.1194752711301],[-74.0577186805325,40.1194846391346],[-74.0577192989813,40.1194940284553],[-74.0577190960156,40.1195034443618],[-74.05771880984,40.119506147131],[-74.0577181048573,40.1195128293371],[-74.0577159394608,40.1195214685628],[-74.0577129875695,40.1195299958018],[-74.057709321272,40.1195383302676],[-74.0577049065985,40.1195464637242],[-74.0576997778627,40.1195543512681],[-74.0576939704697,40.1195619606098],[-74.0576875187858,40.1195692387399],[-74.0576804335563,40.1195761568773],[-74.0576350659777,40.1196184807131],[-74.0576005745835,40.1196491236365],[-74.0575667945936,40.1196802367237],[-74.0575337273684,40.1197117911583],[-74.0575013731065,40.1197437563184],[-74.0574697655797,40.1197761710632],[-74.057451097558,40.1197984187523],[-74.0574331430266,40.1198209988161],[-74.0574160084124,40.1198439630008],[-74.0573996226193,40.1198672389801],[-74.0573840220863,40.1198908160854],[-74.0573747350087,40.1199058247648],[-74.0573629103546,40.119926067544],[-74.0573517264594,40.1199466424221],[-74.0573412933234,40.1199674120149],[-74.0573316095985,40.1199884033379],[-74.0573244352611,40.1200028985906],[-74.0573181170922,40.1200176168828],[-74.0573126566221,40.1200325032788],[-74.0573080126144,40.1200475846416],[-74.0573042734148,40.1200628063671],[-74.0573013828864,40.1200781412202],[-74.0572998788823,40.1200895291594],[-74.0572991957565,40.1201009742775],[-74.0572993010108,40.1201124224091],[-74.0573002640385,40.1201238467989],[-74.0573020134395,40.1201352219546],[-74.0573045869897,40.1201465119932],[-74.0573079826411,40.1201576709718],[-74.0573121677434,40.1201686681421],[-74.0573171037628,40.1201794754355],[-74.0573228284112,40.1201900668761],[-74.0573293045089,40.1202003864792],[-74.0573364992012,40.1202104350196],[-74.057346587726,40.1202207405074],[-74.0573572512571,40.1202306644994],[-74.0573684896253,40.1202402331147],[-74.0573803018268,40.1202494202293],[-74.0573926178324,40.120258169733],[-74.0574054376364,40.1202664825261],[-74.0574187250566,40.1202743296483],[-74.0574324810794,40.1202817399252],[-74.0574466321558,40.120288657233],[-74.0574611806319,40.1202950815805],[-74.0574691991336,40.120299311221],[-74.0574767129306,40.1203041180742],[-74.0574835806216,40.1203094160345],[-74.0574898010394,40.120315204197],[-74.0574952997948,40.1203213750958],[-74.0575000170666,40.1203279267011],[-74.0575039414731,40.1203348049283],[-74.0575070068548,40.1203418996408],[-74.0575087850736,40.1203490164561],[-74.0575097391769,40.120356212986],[-74.0575098353228,40.1203634611798],[-74.0575090728752,40.1203706781719],[-74.0575074897261,40.1203778100659],[-74.0575050485142,40.1203848287977],[-74.0575018215161,40.1203916247596],[-74.05749781008,40.1203981709361],[-74.0574930485902,40.120404411616],[-74.0574876113079,40.1204102930416],[-74.0574814608661,40.1204157880495],[-74.057448912129,40.1204500068664],[-74.0573973925237,40.1205093543915],[-74.0573727413472,40.1205385811382],[-74.0573483368721,40.1205686590705],[-74.0573246809061,40.1205990965305],[-74.0573017736309,40.1206298655979],[-74.0572864126834,40.1206495733515],[-74.0572704798166,40.1206690042073],[-74.0572539818942,40.1206881852119],[-74.0572369051823,40.120707063172],[-74.0572192977757,40.1207256391719],[-74.0572146150599,40.1207305804501]]}},{"type":"Feature","id":22137,"properties":{"OBJECTID":22137,"PRIMENAME":"Sawyer Avenue","ELEVTYP_F":0,"ELEVTYP_T":0},"geometry":{"type":"LineString","coordinates":[[-74.0774857674426,40.1066531795552],[-74.0778954300656,40.1069060592],[-74.0780768324044,40.1069850711043],[-74.0784894355327,40.1070921350608],[-74.0788143056104,40.1071768152657],[-74.0791288098177,40.1072546044499],[-74.0794464589615,40.1073324879633]]}},{"type":"Feature","id":22266,"properties":{"OBJECTID":22266,"PRIMENAME":"Sinclaire Road","ELEVTYP_F":0,"ELEVTYP_T":0},"geometry":{"type":"LineString","coordinates":[[-74.0618723386238,40.0903265216131],[-74.0619837139882,40.0908511596651]]}},{"type":"Feature","id":22419,"properties":{"OBJECTID":22419,"PRIMENAME":"Arnold Avenue","ELEVTYP_F":0,"ELEVTYP_T":0},"geometry":{"type":"LineString","coordinates":[[-74.0572642338645,40.0911968933162],[-74.056538124979,40.0912221687186],[-74.0564470968711,40.0912256913658]]}},{"type":"Feature","id":22763,"properties":{"OBJECTID":22763,"PRIMENAME":"Jordan Drive","ELEVTYP_F":0,"ELEVTYP_T":0},"geometry":{"type":"LineString","coordinates":[[-74.066137015184,40.0984688054432],[-74.0662795290742,40.0983133504007],[-74.0664915006552,40.0980848002208]]}},{"type":"Feature","id":23034,"properties":{"OBJECTID":23034,"PRIMENAME":"Hickory Court","ELEVTYP_F":0,"ELEVTYP_T":0},"geometry":{"type":"LineString","coordinates":[[-74.0706764330438,40.1113421353451],[-74.0705894326805,40.1113811359812],[-74.0704484344585,40.1114321352258],[-74.070187432582,40.111502136695],[-74.0701544325859,40.1115141365937],[-74.0701234319936,40.1115331359478],[-74.0700824326336,40.1115891353872],[-74.070050431946,40.1116611356198],[-74.0700374330689,40.1117211362591]]}},{"type":"Feature","id":24356,"properties":{"OBJECTID":24356,"PRIMENAME":"Pleasant Place","ELEVTYP_F":0,"ELEVTYP_T":0},"geometry":{"type":"LineString","coordinates":[[-74.0852319240487,40.0877194464742],[-74.0847620627122,40.0884527118814],[-74.0843192503923,40.0891525170565],[-74.0841680920296,40.0893914001159],[-74.0841188731652,40.0894761848062],[-74.0839879497336,40.0897017154459]]}},{"type":"Feature","id":25936,"properties":{"OBJECTID":25936,"PRIMENAME":"Oak Road","ELEVTYP_F":0,"ELEVTYP_T":0},"geometry":{"type":"LineString","coordinates":[[-74.0666118237341,40.119864851333],[-74.0665209877361,40.119865993918],[-74.0662291368812,40.1198744268752],[-74.0659559754918,40.1198734034747],[-74.0657387674567,40.1198630635779],[-74.0654905799171,40.1198431075061],[-74.0651865938057,40.1198085565577],[-74.0648081595503,40.1197679597922]]}},{"type":"Feature","id":25974,"properties":{"OBJECTID":25974,"PRIMENAME":"East Virginia Avenue","ELEVTYP_F":0,"ELEVTYP_T":0},"geometry":{"type":"LineString","coordinates":[[-74.0419674582104,40.1136385475629],[-74.0421040152085,40.1137285023695],[-74.0426487898682,40.114087434267]]}},{"type":"Feature","id":26583,"properties":{"OBJECTID":26583,"PRIMENAME":"Valley Road","ELEVTYP_F":0,"ELEVTYP_T":0},"geometry":{"type":"LineString","coordinates":[[-74.0679072109338,40.0993091176134],[-74.0679920510359,40.0993587675753],[-74.0688453347081,40.0998576399456],[-74.0689071560962,40.0999011905423]]}},{"type":"Feature","id":26906,"properties":{"OBJECTID":26906,"PRIMENAME":"Riverview Drive","ELEVTYP_F":0,"ELEVTYP_T":0},"geometry":{"type":"LineString","coordinates":[[-74.0613616953187,40.1040452362465],[-74.0612340154989,40.1041474267372]]}},{"type":"Feature","id":28166,"properties":{"OBJECTID":28166,"PRIMENAME":"Ramshorn Drive","ELEVTYP_F":0,"ELEVTYP_T":0},"geometry":{"type":"LineString","coordinates":[[-74.0842001138254,40.1040401684948],[-74.0842085755563,40.1040831086352],[-74.0842527727014,40.1042109238537],[-74.0843413450605,40.1044078884424],[-74.0844919046451,40.1047706716548],[-74.0845375448806,40.1048787262919]]}},{"type":"Feature","id":30109,"properties":{"OBJECTID":30109,"PRIMENAME":"Richard Road","ELEVTYP_F":0,"ELEVTYP_T":0},"geometry":{"type":"LineString","coordinates":[[-74.0641579589476,40.088829586448],[-74.0642340279003,40.0892937757278],[-74.0642566028556,40.0893690548981],[-74.0642850366604,40.0894222558286],[-74.0643248744443,40.0894975999158]]}},{"type":"Feature","id":31877,"properties":{"OBJECTID":31877,"PRIMENAME":"Brielle Avenue","ELEVTYP_F":0,"ELEVTYP_T":0},"geometry":{"type":"LineString","coordinates":[[-74.0507868520012,40.1132563801259],[-74.0507501125808,40.1134817923458],[-74.0506918751738,40.1138390313583],[-74.0506146096203,40.1142676849639]]}},{"type":"Feature","id":32716,"properties":{"OBJECTID":32716,"PRIMENAME":"Euclid Avenue","ELEVTYP_F":0,"ELEVTYP_T":0},"geometry":{"type":"LineString","coordinates":[[-74.04807313264,40.1203453614843],[-74.0481287042307,40.1203884591043],[-74.0482067760142,40.120438273525],[-74.0485120054921,40.1206330231515],[-74.0489076579132,40.1208919360327],[-74.049086945598,40.1210022540563],[-74.0492166621656,40.1211028532084],[-74.04936516671,40.1211797228777],[-74.0494373939721,40.1212460827521]]}},{"type":"Feature","id":32972,"properties":{"OBJECTID":32972,"PRIMENAME":"Higgins Avenue","ELEVTYP_F":0,"ELEVTYP_T":0},"geometry":{"type":"LineString","coordinates":[[-74.0548875180435,40.1053042961334],[-74.0548232417351,40.1052496655014],[-74.054705986629,40.1051491491202],[-74.054582818629,40.1049961735636],[-74.054453626195,40.1048240674803]]}},{"type":"Feature","id":33344,"properties":{"OBJECTID":33344,"PRIMENAME":"Chestnut Lane","ELEVTYP_F":0,"ELEVTYP_T":0},"geometry":{"type":"LineString","coordinates":[[-74.0704294327197,40.110513134617],[-74.0700924326067,40.1105091353414],[-74.0699564324102,40.1105181363281],[-74.0698324332628,40.1105361363731],[-74.0696974316424,40.1105711346356],[-74.0695084328879,40.1106441356603]]}},{"type":"Feature","id":33761,"properties":{"OBJECTID":33761,"PRIMENAME":"Apache Road","ELEVTYP_F":0,"ELEVTYP_T":0},"geometry":{"type":"LineString","coordinates":[[-74.0702813260298,40.1157629342388],[-74.0702778194335,40.1157858716529],[-74.0703969042067,40.1165965621595],[-74.0703903803219,40.1166275045014],[-74.0703771456623,40.1166488044075]]}},{"type":"Feature","id":33933,"properties":{"OBJECTID":33933,"PRIMENAME":"FR RT 35 SB to RT 34 NB","ELEVTYP_F":0,"ELEVTYP_T":0},"geometry":{"type":"LineString","coordinates":[[-74.0727662378058,40.1167759193574],[-74.0727892266553,40.1167558197269],[-74.0728135567295,40.1167366732848],[-74.0728391610768,40.1167185327173],[-74.0728659692394,40.1167014479428],[-74.0728939074469,40.1166854659746],[-74.0729228988197,40.1166706307909],[-74.07295286358,40.1166569832145],[-74.0729837192718,40.1166445608002],[-74.073026098798,40.1166299621979],[-74.0730697036912,40.1166176734167],[-74.0731688523808,40.1166074251515],[-74.0732235964907,40.1166031480008],[-74.0732784542127,40.1165998383031],[-74.0733333965456,40.1165974978081],[-74.0733883944435,40.1165961277531],[-74.0734434188314,40.1165957288625],[-74.07349844062,40.1165963013471],[-74.0735534307214,40.1165978449044],[-74.0736083600646,40.1166003587182]]}},{"type":"Feature","id":35153,"properties":{"OBJECTID":35153,"PRIMENAME":"Longstreet Avenue","ELEVTYP_F":0,"ELEVTYP_T":0},"geometry":{"type":"LineString","coordinates":[[-74.0545954492213,40.1101857534771],[-74.054669731362,40.1102321057127],[-74.0552075789329,40.1105678089947],[-74.0553961302039,40.1106860042939]]}},{"type":"Feature","id":36583,"properties":{"OBJECTID":36583,"PRIMENAME":"Brielle Road","ELEVTYP_F":0,"ELEVTYP_T":0},"geometry":{"type":"LineString","coordinates":[[-74.0438101256087,40.1116385006632],[-74.0427999007489,40.1114867630328]]}},{"type":"Feature","id":36603,"properties":{"OBJECTID":36603,"PRIMENAME":"Arnold Avenue","ELEVTYP_F":0,"ELEVTYP_T":0},"geometry":{"type":"LineString","coordinates":[[-74.0536767509097,40.0914396438385],[-74.0532802865423,40.0914701540423],[-74.0524197716023,40.0915354649443],[-74.0518050894398,40.0915816805168]]}},{"type":"Feature","id":37971,"properties":{"OBJECTID":37971,"PRIMENAME":"Fisk Avenue","ELEVTYP_F":0,"ELEVTYP_T":0},"geometry":{"type":"LineString","coordinates":[[-74.0477235298526,40.1124024883765],[-74.0469551717221,40.1122087972154],[-74.0467053430117,40.1121458163734],[-74.0465838357406,40.1121161359605]]}},{"type":"Feature","id":38167,"properties":{"OBJECTID":38167,"PRIMENAME":null,"ELEVTYP_F":0,"ELEVTYP_T":0},"geometry":{"type":"LineString","coordinates":[[-74.0503368815558,40.1001130251019],[-74.0503925317037,40.1000968395674],[-74.050462510079,40.1000470760576],[-74.0505045198799,40.0999811320637],[-74.0505292972497,40.0998828368606],[-74.0505358998316,40.0998627942119]]}},{"type":"Feature","id":39184,"properties":{"OBJECTID":39184,"PRIMENAME":"Riverview Drive","ELEVTYP_F":0,"ELEVTYP_T":0},"geometry":{"type":"LineString","coordinates":[[-74.060105924465,40.1050624967619],[-74.0599285003891,40.1052382353783],[-74.0597095260844,40.105509051945],[-74.0596862648155,40.1055347412422]]}},{"type":"Feature","id":39839,"properties":{"OBJECTID":39839,"PRIMENAME":"Bayberry Road","ELEVTYP_F":0,"ELEVTYP_T":0},"geometry":{"type":"LineString","coordinates":[[-74.0649197468639,40.1190975923453],[-74.0652157510925,40.1191271179176],[-74.0657120646267,40.1191814153472],[-74.0659044555886,40.1191916622773],[-74.0661216916968,40.1191972535439],[-74.0666308086678,40.1191896061101],[-74.0667196423802,40.1191882641004]]}},{"type":"Feature","id":39914,"properties":{"OBJECTID":39914,"PRIMENAME":"Unnamed Segment","ELEVTYP_F":0,"ELEVTYP_T":0},"geometry":{"type":"LineString","coordinates":[[-74.0801620978522,40.0988903372206],[-74.0802149494887,40.098946149117],[-74.0805047778254,40.0992522296844]]}},{"type":"Feature","id":40423,"properties":{"OBJECTID":40423,"PRIMENAME":"Unnamed Segment","ELEVTYP_F":0,"ELEVTYP_T":0},"geometry":{"type":"LineString","coordinates":[[-74.0746242251513,40.1103497874893],[-74.0740404346491,40.1103201358401]]}},{"type":"Feature","id":40965,"properties":{"OBJECTID":40965,"PRIMENAME":"Trenton Avenue","ELEVTYP_F":0,"ELEVTYP_T":0},"geometry":{"type":"LineString","coordinates":[[-74.0587868004029,40.0893473611456],[-74.0584404633116,40.0893226243831]]}},{"type":"Feature","id":41926,"properties":{"OBJECTID":41926,"PRIMENAME":"Eastham Road","ELEVTYP_F":0,"ELEVTYP_T":0},"geometry":{"type":"LineString","coordinates":[[-74.0874047075099,40.0904214861717],[-74.0870903349551,40.0900197147548],[-74.086975784686,40.0898763305148],[-74.0869054641247,40.0898074461232],[-74.086827587979,40.0897585490184],[-74.0867570077145,40.0897268360737],[-74.0866715413052,40.0897036625733],[-74.086578534167,40.0896861724853],[-74.0864892115094,40.0896801432722],[-74.0864110589905,40.0896769820462],[-74.0863179324214,40.0896852421102],[-74.086250810627,40.0897021605682],[-74.0861799368635,40.0897247759715],[-74.0860417671011,40.0897872325598],[-74.0858101927308,40.0899093402323],[-74.085100509113,40.0902785710424],[-74.0850332649046,40.0903155017293],[-74.0849846427508,40.0903524990966],[-74.0849360205444,40.0903894964429],[-74.0849097551699,40.0904237186907],[-74.0848759155623,40.0904750719706],[-74.0848419719815,40.0905493204568],[-74.0848266328582,40.0906207534],[-74.08483000165,40.0906779504049],[-74.0848334600147,40.09072658215],[-74.0848406516482,40.0907666346739],[-74.0848552784362,40.0908124521521],[-74.0848848097709,40.0908525847334],[-74.0849143236321,40.0908955994583],[-74.0849771911049,40.0909673126341],[-74.0851363143292,40.091128016645],[-74.0853547463529,40.0913346978027],[-74.0856509519088,40.0916074063681],[-74.08621378682,40.0921270467375],[-74.0862765874641,40.0922102076503],[-74.0863319353791,40.09229048582],[-74.0863613123289,40.0923563682412],[-74.0863869390529,40.092433658034],[-74.0864014270176,40.092496632086],[-74.0864121658956,40.0925710135199],[-74.0864228325363,40.0926511330005],[-74.0864181089902,40.0927524178255]]}},{"type":"Feature","id":42460,"properties":{"OBJECTID":42460,"PRIMENAME":"South Street","ELEVTYP_F":0,"ELEVTYP_T":0},"geometry":{"type":"LineString","coordinates":[[-74.0614237872898,40.1158703733366],[-74.0618801551298,40.1154642593316],[-74.0621923540774,40.1151794616549],[-74.0622312934208,40.1151460339077]]}},{"type":"Feature","id":42914,"properties":{"OBJECTID":42914,"PRIMENAME":"Riverview Lane","ELEVTYP_F":0,"ELEVTYP_T":0},"geometry":{"type":"LineString","coordinates":[[-74.0578238018814,40.1040378872765],[-74.0576415898463,40.1038761158556]]}},{"type":"Feature","id":45340,"properties":{"OBJECTID":45340,"PRIMENAME":"Apache Road","ELEVTYP_F":0,"ELEVTYP_T":0},"geometry":{"type":"LineString","coordinates":[[-74.0704499210362,40.1147912013889],[-74.0704184282418,40.1151477263587],[-74.0703805707366,40.1152429030287],[-74.0703361073357,40.115404793443],[-74.0702813260298,40.1157629342388]]}},{"type":"Feature","id":47528,"properties":{"OBJECTID":47528,"PRIMENAME":"Yale Avenue","ELEVTYP_F":0,"ELEVTYP_T":0},"geometry":{"type":"LineString","coordinates":[[-74.0473490648225,40.0974765159991],[-74.0472974062273,40.0976602773627],[-74.0472525605403,40.0977762289549],[-74.0472078044586,40.0978680216686],[-74.0471632105581,40.0979404609701],[-74.0470997716998,40.0980031351465]]}},{"type":"Feature","id":47619,"properties":{"OBJECTID":47619,"PRIMENAME":"Liberty Lane","ELEVTYP_F":0,"ELEVTYP_T":0},"geometry":{"type":"LineString","coordinates":[[-74.0458556213708,40.0904006172611],[-74.0446345870921,40.0904837284358],[-74.0439687132327,40.090552844444],[-74.0438858551631,40.0905587221743]]}},{"type":"Feature","id":47705,"properties":{"OBJECTID":47705,"PRIMENAME":"Homestead Road","ELEVTYP_F":0,"ELEVTYP_T":0},"geometry":{"type":"LineString","coordinates":[[-74.0512187037359,40.1095531587345],[-74.0507794133892,40.1099740127843]]}},{"type":"Feature","id":47761,"properties":{"OBJECTID":47761,"PRIMENAME":"Morningstar Road","ELEVTYP_F":0,"ELEVTYP_T":0},"geometry":{"type":"LineString","coordinates":[[-74.0788987846774,40.115882496378],[-74.0791034354983,40.1157611358162],[-74.0793211588955,40.1155790655655],[-74.0794909027771,40.1153778738354],[-74.0795516927139,40.1152362550847],[-74.0796239323455,40.1150867896304],[-74.079659647174,40.1148453565187]]}},{"type":"Feature","id":48104,"properties":{"OBJECTID":48104,"PRIMENAME":"Brown Street","ELEVTYP_F":0,"ELEVTYP_T":0},"geometry":{"type":"LineString","coordinates":[[-74.0587056887917,40.1066421723472],[-74.0586042003145,40.1065793300611],[-74.0579849806015,40.1061959195738],[-74.0575645519232,40.105944683913],[-74.0571556160788,40.1056803406017],[-74.0564568363559,40.1052572512802],[-74.0563688761679,40.105203984519]]}},{"type":"Feature","id":48179,"properties":{"OBJECTID":48179,"PRIMENAME":"Niblick Street","ELEVTYP_F":0,"ELEVTYP_T":0},"geometry":{"type":"LineString","coordinates":[[-74.04435072751,40.0953743446944],[-74.045126852792,40.0953700103555],[-74.0464921908575,40.0953493655223]]}},{"type":"Feature","id":48529,"properties":{"OBJECTID":48529,"PRIMENAME":"Bradley Road","ELEVTYP_F":0,"ELEVTYP_T":0},"geometry":{"type":"LineString","coordinates":[[-74.062422428553,40.0895411073324],[-74.0626087793444,40.0903758101068]]}},{"type":"Feature","id":48723,"properties":{"OBJECTID":48723,"PRIMENAME":"Perrine Boulevard","ELEVTYP_F":0,"ELEVTYP_T":0},"geometry":{"type":"LineString","coordinates":[[-74.0471055437742,40.1160769789255],[-74.0468878370022,40.1159444901692],[-74.0467209704301,40.1158294679614],[-74.0465232963603,40.1156904683891],[-74.0463813091944,40.1155659895086],[-74.0462764488721,40.1154559588171],[-74.0461536030684,40.1152600670866],[-74.0461491881277,40.115251840922]]}},{"type":"Feature","id":48887,"properties":{"OBJECTID":48887,"PRIMENAME":"Union Avenue","ELEVTYP_F":0,"ELEVTYP_T":0},"geometry":{"type":"LineString","coordinates":[[-74.0518375679368,40.1184598583398],[-74.0513812091008,40.1189884826267],[-74.0510441572533,40.1193780800437]]}},{"type":"Feature","id":48999,"properties":{"OBJECTID":48999,"PRIMENAME":"Cedarcrest Drive","ELEVTYP_F":0,"ELEVTYP_T":0},"geometry":{"type":"LineString","coordinates":[[-74.0520298311954,40.1100693416291],[-74.0521450724148,40.109964998517],[-74.052998577009,40.1091921436587],[-74.0537435970417,40.1085175033549],[-74.0537938777811,40.1084719871265]]}},{"type":"Feature","id":49032,"properties":{"OBJECTID":49032,"PRIMENAME":"River Avenue","ELEVTYP_F":0,"ELEVTYP_T":0},"geometry":{"type":"LineString","coordinates":[[-74.0506963556683,40.095898257312],[-74.0509023693788,40.0945817468038],[-74.0510519752701,40.0936448022932]]}},{"type":"Feature","id":49049,"properties":{"OBJECTID":49049,"PRIMENAME":"Magnolia Avenue","ELEVTYP_F":0,"ELEVTYP_T":0},"geometry":{"type":"LineString","coordinates":[[-74.049899511907,40.1139832541471],[-74.0488056303859,40.1137077756918]]}},{"type":"Feature","id":49181,"properties":{"OBJECTID":49181,"PRIMENAME":"Morgan Parkway","ELEVTYP_F":0,"ELEVTYP_T":0},"geometry":{"type":"LineString","coordinates":[[-74.0583693435829,40.1151256619889],[-74.0584625099271,40.115017550096],[-74.0588637801539,40.1145518564372]]}},{"type":"Feature","id":49207,"properties":{"OBJECTID":49207,"PRIMENAME":"Rankin Road","ELEVTYP_F":0,"ELEVTYP_T":0},"geometry":{"type":"LineString","coordinates":[[-74.0621717854656,40.1069056430599],[-74.0618014640878,40.1065705508732],[-74.0613677939849,40.10618522576]]}},{"type":"Feature","id":49521,"properties":{"OBJECTID":49521,"PRIMENAME":"Quail Place","ELEVTYP_F":0,"ELEVTYP_T":0},"geometry":{"type":"LineString","coordinates":[[-74.0761240644596,40.0952180524925],[-74.0761913145378,40.0952567877954],[-74.076708741662,40.0955546792866],[-74.0773910234426,40.0959474723802],[-74.077427792273,40.0959673172439]]}},{"type":"Feature","id":49551,"properties":{"OBJECTID":49551,"PRIMENAME":"Old Bridge Road","ELEVTYP_F":0,"ELEVTYP_T":0},"geometry":{"type":"LineString","coordinates":[[-74.0693999674213,40.1140807435332],[-74.0693057323733,40.1141177888104]]}},{"type":"Feature","id":50064,"properties":{"OBJECTID":50064,"PRIMENAME":"Ocean Avenue","ELEVTYP_F":0,"ELEVTYP_T":0},"geometry":{"type":"LineString","coordinates":[[-74.0492006524987,40.1081857381067],[-74.0492886895746,40.1082381035877],[-74.049659640994,40.1084588416145],[-74.0500058461162,40.1086698458426],[-74.050141825077,40.1087609418853],[-74.0501726076553,40.1087991938853],[-74.0501908265958,40.1088612256984],[-74.0502086061646,40.1089899670883],[-74.0502079646661,40.1090873578321]]}},{"type":"Feature","id":51273,"properties":{"OBJECTID":51273,"PRIMENAME":"Channel Drive","ELEVTYP_F":0,"ELEVTYP_T":0},"geometry":{"type":"LineString","coordinates":[[-74.047677135142,40.1005194344883],[-74.0476884224325,40.1006504019091],[-74.0476845705256,40.1006761105629],[-74.0476732651108,40.1006989628452],[-74.0476544510084,40.1007274673531],[-74.0476319565789,40.1007502759344],[-74.0471901846562,40.1011031332341],[-74.047145347026,40.1011258534701],[-74.047096810518,40.1011456770192],[-74.0470371038524,40.1011626016805],[-74.0469812233546,40.1011738318045],[-74.0469066287331,40.101187815062],[-74.0468320704224,40.1011961438847],[-74.0467426986246,40.1011957941935],[-74.0465743446183,40.101197194252]]}},{"type":"Feature","id":51605,"properties":{"OBJECTID":51605,"PRIMENAME":"Freedom Lane","ELEVTYP_F":0,"ELEVTYP_T":0},"geometry":{"type":"LineString","coordinates":[[-74.0420242726779,40.091719946174],[-74.0440177889771,40.091570641961]]}},{"type":"Feature","id":51627,"properties":{"OBJECTID":51627,"PRIMENAME":"Mount Lane","ELEVTYP_F":0,"ELEVTYP_T":0},"geometry":{"type":"LineString","coordinates":[[-74.0501487225536,40.1164595707643],[-74.0501349829485,40.1164689547982],[-74.0500787536086,40.1165259480293],[-74.0499908863423,40.116668581743],[-74.0497457050776,40.1171442409515],[-74.0497331362455,40.1171685430648]]}},{"type":"Feature","id":52378,"properties":{"OBJECTID":52378,"PRIMENAME":"Mount Lane","ELEVTYP_F":0,"ELEVTYP_T":0},"geometry":{"type":"LineString","coordinates":[[-74.0485985101734,40.1192970313855],[-74.0485013230476,40.1194366904258],[-74.0480736691863,40.1202643216009],[-74.0480610091052,40.1203024045671],[-74.04807313264,40.1203453614843]]}},{"type":"Feature","id":52825,"properties":{"OBJECTID":52825,"PRIMENAME":"Riverview Drive","ELEVTYP_F":0,"ELEVTYP_T":0},"geometry":{"type":"LineString","coordinates":[[-74.0746599516396,40.0967229640418],[-74.0737771184279,40.096129449363],[-74.0737458821481,40.096110065941]]}},{"type":"Feature","id":52906,"properties":{"OBJECTID":52906,"PRIMENAME":"White Pine Drive","ELEVTYP_F":0,"ELEVTYP_T":0},"geometry":{"type":"LineString","coordinates":[[-74.0793754332753,40.1003501324356],[-74.0794584347691,40.1004121329049],[-74.0797324361378,40.1005711327895]]}},{"type":"Feature","id":53109,"properties":{"OBJECTID":53109,"PRIMENAME":"Arnold Avenue","ELEVTYP_F":0,"ELEVTYP_T":0},"geometry":{"type":"LineString","coordinates":[[-74.0482522064269,40.0918579205383],[-74.0481317587168,40.0918668314375],[-74.0478637200272,40.0918866581355],[-74.0473423882408,40.0919287667338]]}},{"type":"Feature","id":53914,"properties":{"OBJECTID":53914,"PRIMENAME":"Unnamed Segment","ELEVTYP_F":0,"ELEVTYP_T":0},"geometry":{"type":"LineString","coordinates":[[-74.0729044350351,40.11042413595],[-74.0728162425321,40.1103775135113]]}},{"type":"Feature","id":55033,"properties":{"OBJECTID":55033,"PRIMENAME":"Euclid Avenue","ELEVTYP_F":0,"ELEVTYP_T":0},"geometry":{"type":"LineString","coordinates":[[-74.0459987060011,40.1189910910296],[-74.047315130904,40.1198496472707],[-74.0473937478169,40.1199009342934]]}},{"type":"Feature","id":55281,"properties":{"OBJECTID":55281,"PRIMENAME":"Higgins Avenue","ELEVTYP_F":0,"ELEVTYP_T":0},"geometry":{"type":"LineString","coordinates":[[-74.0563402928409,40.106290878776],[-74.0570974740134,40.106778817403],[-74.0573509046139,40.1069418408557],[-74.0579937254441,40.1073637240072],[-74.0580394431308,40.1073930537602]]}},{"type":"Feature","id":55415,"properties":{"OBJECTID":55415,"PRIMENAME":"Mountain Laurel Lane","ELEVTYP_F":0,"ELEVTYP_T":0},"geometry":{"type":"LineString","coordinates":[[-74.0706764330438,40.1113421353451],[-74.0707744330049,40.1114901358085]]}},{"type":"Feature","id":55517,"properties":{"OBJECTID":55517,"PRIMENAME":"River Road","ELEVTYP_F":0,"ELEVTYP_T":0},"geometry":{"type":"LineString","coordinates":[[-74.0861713268821,40.1047191426252],[-74.0861746669635,40.1047815552466],[-74.0861916984606,40.1050389881901],[-74.0862090982221,40.1052296579115],[-74.0862184760306,40.1052751537255]]}},{"type":"Feature","id":55691,"properties":{"OBJECTID":55691,"PRIMENAME":"Yale Avenue","ELEVTYP_F":0,"ELEVTYP_T":0},"geometry":{"type":"LineString","coordinates":[[-74.0443982188352,40.0982392062229],[-74.0438396025051,40.0982468639042],[-74.0423893087033,40.0982561326291]]}},{"type":"Feature","id":55727,"properties":{"OBJECTID":55727,"PRIMENAME":"Valley Road","ELEVTYP_F":0,"ELEVTYP_T":0},"geometry":{"type":"LineString","coordinates":[[-74.0704422947879,40.0989173468076],[-74.070371885623,40.0989148348495],[-74.0702042762228,40.0989237396508],[-74.0700551359451,40.0989517920889],[-74.0698748161047,40.0990035581213],[-74.0697255907022,40.0990506621207],[-74.069594562815,40.0991597956363],[-74.0693132826271,40.0994733080834],[-74.0689571442424,40.099848502459],[-74.0689071560962,40.0999011905423]]}},{"type":"Feature","id":56042,"properties":{"OBJECTID":56042,"PRIMENAME":"Parkway","ELEVTYP_F":0,"ELEVTYP_T":0},"geometry":{"type":"LineString","coordinates":[[-74.044336913631,40.0944817079366],[-74.0445903378124,40.0944787784618],[-74.0453135670686,40.0944712166634],[-74.0460903522782,40.0944630883355],[-74.0464005033323,40.0944283666355]]}},{"type":"Feature","id":56117,"properties":{"OBJECTID":56117,"PRIMENAME":"Heathrow Lane","ELEVTYP_F":0,"ELEVTYP_T":0},"geometry":{"type":"LineString","coordinates":[[-74.0780165500478,40.1126023990709],[-74.0779793691066,40.1126272613058],[-74.0779703950097,40.1126361796477],[-74.0778767337308,40.1127293027607],[-74.0778476795886,40.1127581873228],[-74.0777753227568,40.1128753535164]]}},{"type":"Feature","id":56189,"properties":{"OBJECTID":56189,"PRIMENAME":"Valley Road","ELEVTYP_F":0,"ELEVTYP_T":0},"geometry":{"type":"LineString","coordinates":[[-74.0718334342166,40.0994159127643],[-74.0716604110647,40.0992961261389],[-74.0714129245265,40.0991760646553],[-74.0711899796358,40.0990989744653],[-74.0709545939267,40.0990218377649],[-74.0706882167198,40.0989446136458],[-74.0705208169873,40.0989201644161],[-74.0704422947879,40.0989173468076]]}},{"type":"Feature","id":56261,"properties":{"OBJECTID":56261,"PRIMENAME":"Riverview Drive","ELEVTYP_F":0,"ELEVTYP_T":0},"geometry":{"type":"LineString","coordinates":[[-74.0783497567089,40.1004131660269],[-74.0779884769022,40.0998861506989]]}},{"type":"Feature","id":56482,"properties":{"OBJECTID":56482,"PRIMENAME":"Robin Way","ELEVTYP_F":0,"ELEVTYP_T":0},"geometry":{"type":"LineString","coordinates":[[-74.0819589903809,40.1197938283263],[-74.0820643133727,40.1198958807317],[-74.082116741589,40.1199850317007],[-74.082271768686,40.1207196690979]]}},{"type":"Feature","id":56988,"properties":{"OBJECTID":56988,"PRIMENAME":"Rue Avenue","ELEVTYP_F":0,"ELEVTYP_T":0},"geometry":{"type":"LineString","coordinates":[[-74.058829240342,40.0879281137049],[-74.0584404633116,40.0893226243831]]}},{"type":"Feature","id":59124,"properties":{"OBJECTID":59124,"PRIMENAME":"Saint Louis Avenue","ELEVTYP_F":0,"ELEVTYP_T":0},"geometry":{"type":"LineString","coordinates":[[-74.0459173711404,40.090897925554],[-74.0459809887034,40.0914100655671],[-74.0459816368645,40.091414707567]]}},{"type":"Feature","id":60822,"properties":{"OBJECTID":60822,"PRIMENAME":"West Union Lane","ELEVTYP_F":0,"ELEVTYP_T":0},"geometry":{"type":"LineString","coordinates":[[-74.0673374159656,40.1154365389436],[-74.0673499306615,40.1154365856935],[-74.0676288378301,40.1155043105468],[-74.0680688219293,40.1156298751577],[-74.0681804097221,40.1156541477693],[-74.0683293171547,40.1156690066794],[-74.0689535571096,40.1156990484648]]}},{"type":"Feature","id":60838,"properties":{"OBJECTID":60838,"PRIMENAME":"Pearce Avenue","ELEVTYP_F":0,"ELEVTYP_T":0},"geometry":{"type":"LineString","coordinates":[[-74.0825102759829,40.0900572713464],[-74.0825504972792,40.0900380613313],[-74.0825758837048,40.0900250306336],[-74.0825975740535,40.0900084991327],[-74.0826208386835,40.0899799769835],[-74.0828087531086,40.0896799047438],[-74.0833752329521,40.0887917850207],[-74.0834576991635,40.0886624926983],[-74.0840177995017,40.0877808704265],[-74.0842885943838,40.0873271360938]]}},{"type":"Feature","id":61184,"properties":{"OBJECTID":61184,"PRIMENAME":"Union Lane","ELEVTYP_F":0,"ELEVTYP_T":0},"geometry":{"type":"LineString","coordinates":[[-74.0537938777811,40.1084719871265],[-74.0532907253594,40.1081594163999]]}},{"type":"Feature","id":61210,"properties":{"OBJECTID":61210,"PRIMENAME":"FR RT 35 NB to EVERGREEN AVE","ELEVTYP_F":0,"ELEVTYP_T":0},"geometry":{"type":"LineString","coordinates":[[-74.0554290459876,40.1075909381456],[-74.0553821528027,40.1075830437471],[-74.0553185936723,40.1075596565484],[-74.055255084186,40.1075284731438],[-74.0550613815651,40.1074067162683],[-74.0548643331971,40.1072772038888],[-74.0548142980824,40.1072358050743],[-74.0547743626433,40.1071918636871],[-74.0547511259008,40.1071531483266],[-74.0547213542029,40.1070912646406],[-74.0547083000811,40.1070371037752],[-74.0547052585334,40.1069881711707],[-74.0547123461594,40.1069264012606],[-74.0547295501586,40.1068595092937],[-74.0547466013376,40.10681065393],[-74.054782731313,40.1067198412574]]}},{"type":"Feature","id":61265,"properties":{"OBJECTID":61265,"PRIMENAME":"Laurel Court","ELEVTYP_F":0,"ELEVTYP_T":0},"geometry":{"type":"LineString","coordinates":[[-74.0439556992559,40.0910942778666],[-74.0441045818019,40.0910824280779],[-74.0456223220611,40.0909701505778],[-74.0459173711404,40.090897925554]]}},{"type":"Feature","id":61483,"properties":{"OBJECTID":61483,"PRIMENAME":"Algonkin Trail","ELEVTYP_F":0,"ELEVTYP_T":0},"geometry":{"type":"LineString","coordinates":[[-74.065031169713,40.1184020498845],[-74.0652225919089,40.1172066567712],[-74.0653057745613,40.116687185875],[-74.0653158909261,40.1166202658338]]}},{"type":"Feature","id":61990,"properties":{"OBJECTID":61990,"PRIMENAME":"Old Bridge Road","ELEVTYP_F":0,"ELEVTYP_T":0},"geometry":{"type":"LineString","coordinates":[[-74.0686560759322,40.1143724112815],[-74.0679633281568,40.114642627792],[-74.0676107039645,40.1147827685137]]}},{"type":"Feature","id":62175,"properties":{"OBJECTID":62175,"PRIMENAME":"Collier Road","ELEVTYP_F":0,"ELEVTYP_T":0},"geometry":{"type":"LineString","coordinates":[[-74.0763520330953,40.1131669699213],[-74.0764867615452,40.1134363325032],[-74.0765185374146,40.1136105048879],[-74.0765111847094,40.1137366049742],[-74.0764741056585,40.1138878219333],[-74.0764424848481,40.1139677612646],[-74.0763405914669,40.1142253555815],[-74.0762670111557,40.1144344567593],[-74.0761794354839,40.1147421356119]]}},{"type":"Feature","id":62421,"properties":{"OBJECTID":62421,"PRIMENAME":"Oval Road","ELEVTYP_F":0,"ELEVTYP_T":0},"geometry":{"type":"LineString","coordinates":[[-74.0737791601709,40.1125161610494],[-74.0737930726874,40.1125338675387],[-74.0738451637429,40.1126001733393],[-74.0738658630962,40.112648624567],[-74.0738927075621,40.1127447475112],[-74.0738878080304,40.112834147116],[-74.0738599627201,40.112921120508],[-74.0737554628171,40.1131755163594],[-74.0736126160749,40.11351684767],[-74.0735107604015,40.1136841762796],[-74.0734428786771,40.1137919656395],[-74.0733998156314,40.1138476478958],[-74.0732861923282,40.1139945683953],[-74.0732162527858,40.1140958993061],[-74.073178453005,40.1141917562463],[-74.0729818526075,40.1149706409665],[-74.0729581040892,40.1150737542266],[-74.0729304067766,40.115136541732],[-74.0728860002033,40.1151847539271],[-74.0728416831951,40.1152184536512],[-74.0727679308573,40.1152568814757],[-74.0726879619435,40.1152823875664],[-74.0725808190209,40.1152868307129],[-74.072505280783,40.1152752636024],[-74.071803638976,40.1150379416266],[-74.0716692031178,40.1149657939051],[-74.0715374739189,40.1148717792316],[-74.071441491074,40.1147714468555],[-74.0713518508633,40.1146646880464],[-74.0713336194751,40.114634406994],[-74.0713315110744,40.114630905422],[-74.0713061209378,40.1145887295042],[-74.071260522745,40.11449180972],[-74.0712317077607,40.1143981756114],[-74.0712252501051,40.1143474988143],[-74.0712163448179,40.1141691404307],[-74.0712333777321,40.1140209295232],[-74.0712698890869,40.1137032370849],[-74.0712866343554,40.1136351728233],[-74.071410869266,40.1133403131922],[-74.0714428499072,40.1132166463544],[-74.0714437790317,40.11306862079],[-74.0714443053333,40.1129847713687],[-74.0714809397993,40.1128365536596],[-74.0715194601955,40.1127222069886],[-74.0715704433215,40.1126304812536],[-74.0715778189985,40.1126206820275],[-74.0716236818792,40.1125597399657],[-74.0716636275878,40.1125066606272],[-74.0717460621744,40.1124231140833],[-74.071796348086,40.1123934692095],[-74.0718493526565,40.1123622203301],[-74.0719087554245,40.1123427166326]]}},{"type":"Feature","id":62661,"properties":{"OBJECTID":62661,"PRIMENAME":"Cedar Avenue","ELEVTYP_F":0,"ELEVTYP_T":0},"geometry":{"type":"LineString","coordinates":[[-74.0442488882871,40.1169696630546],[-74.0427514079191,40.1159831448793],[-74.0427228914711,40.1159643592483]]}},{"type":"Feature","id":62803,"properties":{"OBJECTID":62803,"PRIMENAME":"Union Street","ELEVTYP_F":0,"ELEVTYP_T":0},"geometry":{"type":"LineString","coordinates":[[-74.0654522293549,40.1156774918443],[-74.0654144399921,40.1156541249227]]}},{"type":"Feature","id":62878,"properties":{"OBJECTID":62878,"PRIMENAME":"McLean Avenue","ELEVTYP_F":0,"ELEVTYP_T":0},"geometry":{"type":"LineString","coordinates":[[-74.0493827051617,40.0935494827167],[-74.0498329233749,40.0935709998337],[-74.0499642359474,40.093579004727]]}},{"type":"Feature","id":63133,"properties":{"OBJECTID":63133,"PRIMENAME":"South Street","ELEVTYP_F":0,"ELEVTYP_T":0},"geometry":{"type":"LineString","coordinates":[[-74.0562356320011,40.1200242356757],[-74.0561052432452,40.1201521883483],[-74.055594148791,40.120643586682],[-74.0555264962825,40.1207087745647]]}},{"type":"Feature","id":63487,"properties":{"OBJECTID":63487,"PRIMENAME":"Pine Avenue","ELEVTYP_F":0,"ELEVTYP_T":0},"geometry":{"type":"LineString","coordinates":[[-74.0448438247105,40.1164394696021],[-74.0446937620406,40.11634100931],[-74.0439025241597,40.1158422326488],[-74.0433895048472,40.1155065750795],[-74.0432954500098,40.1154444891471]]}},{"type":"Feature","id":63601,"properties":{"OBJECTID":63601,"PRIMENAME":"Brandywyne","ELEVTYP_F":0,"ELEVTYP_T":0},"geometry":{"type":"LineString","coordinates":[[-74.0706634326056,40.1126481365838],[-74.0710344341333,40.1126421364121],[-74.07120523767,40.1126479469437]]}},{"type":"Feature","id":63874,"properties":{"OBJECTID":63874,"PRIMENAME":"Ashley Avenue","ELEVTYP_F":0,"ELEVTYP_T":0},"geometry":{"type":"LineString","coordinates":[[-74.0560513576393,40.1054964880536],[-74.056019382269,40.1055259603318],[-74.0556684559019,40.1058588279085]]}},{"type":"Feature","id":63904,"properties":{"OBJECTID":63904,"PRIMENAME":"Unnamed Segment","ELEVTYP_F":0,"ELEVTYP_T":0},"geometry":{"type":"LineString","coordinates":[[-74.0739752993992,40.1103193063247],[-74.0739536455733,40.1106384433382]]}},{"type":"Feature","id":64594,"properties":{"OBJECTID":64594,"PRIMENAME":"Perry Place","ELEVTYP_F":0,"ELEVTYP_T":0},"geometry":{"type":"LineString","coordinates":[[-74.0503846289391,40.1130885920738],[-74.0503538417216,40.1133277249375],[-74.0502814053303,40.1139565848365],[-74.0502685895501,40.1140184960759]]}},{"type":"Feature","id":65267,"properties":{"OBJECTID":65267,"PRIMENAME":"Old Bridge Road","ELEVTYP_F":0,"ELEVTYP_T":0},"geometry":{"type":"LineString","coordinates":[[-74.0653033475887,40.1156981272342],[-74.0646116988782,40.1159720907914],[-74.0639692219846,40.1162331672513]]}},{"type":"Feature","id":65469,"properties":{"OBJECTID":65469,"PRIMENAME":"Chalet Drive","ELEVTYP_F":0,"ELEVTYP_T":0},"geometry":{"type":"LineString","coordinates":[[-74.0828921409957,40.1108677920254],[-74.0829444044543,40.1109747181493],[-74.0830915229772,40.1112754743723],[-74.0831711153171,40.1114568686196],[-74.083244695876,40.1116096623248],[-74.0832996936799,40.1117433098379],[-74.0833670615438,40.1119008304378],[-74.0834035035081,40.112034383224],[-74.0834764683894,40.1122825187424],[-74.0836101089164,40.1127596121063],[-74.0837193743457,40.1131651291342],[-74.0837499151787,40.1132462531193],[-74.0838240582197,40.1133132578666],[-74.083910617356,40.1133612269888],[-74.0840035789712,40.11338539043],[-74.0841028786947,40.113390523394],[-74.0844814411841,40.1134061580491],[-74.084601872725,40.1134111745489]]}},{"type":"Feature","id":65794,"properties":{"OBJECTID":65794,"PRIMENAME":"Kinmouth Lane","ELEVTYP_F":0,"ELEVTYP_T":0},"geometry":{"type":"LineString","coordinates":[[-74.0493827051617,40.0935494827167],[-74.0490992172091,40.0917927807969]]}},{"type":"Feature","id":65897,"properties":{"OBJECTID":65897,"PRIMENAME":"South Jackson Avenue","ELEVTYP_F":0,"ELEVTYP_T":0},"geometry":{"type":"LineString","coordinates":[[-74.0444810741402,40.114379809142],[-74.0450517547584,40.1138639866889],[-74.0451242751434,40.1137984663989]]}},{"type":"Feature","id":65967,"properties":{"OBJECTID":65967,"PRIMENAME":"Captain Bailey Court","ELEVTYP_F":0,"ELEVTYP_T":0},"geometry":{"type":"LineString","coordinates":[[-74.058304135565,40.1184673497485],[-74.0583839731779,40.1185299177966],[-74.0588111810715,40.1188649866204],[-74.0589213148289,40.1189513649741]]}},{"type":"Feature","id":66077,"properties":{"OBJECTID":66077,"PRIMENAME":"Morningstar Road","ELEVTYP_F":0,"ELEVTYP_T":0},"geometry":{"type":"LineString","coordinates":[[-74.0767085851988,40.1074413641157],[-74.076352358599,40.1072362717799],[-74.0761002543102,40.1070911247392]]}},{"type":"Feature","id":66393,"properties":{"OBJECTID":66393,"PRIMENAME":"Griffiths Avenue","ELEVTYP_F":0,"ELEVTYP_T":0},"geometry":{"type":"LineString","coordinates":[[-74.0485020637907,40.0994413307907],[-74.0485149382661,40.0994026450063],[-74.0485089671049,40.0993542222629],[-74.0485050479374,40.0993257514924],[-74.0482503460067,40.0974752032479]]}},{"type":"Feature","id":66496,"properties":{"OBJECTID":66496,"PRIMENAME":"Lakewood Road","ELEVTYP_F":0,"ELEVTYP_T":0},"geometry":{"type":"LineString","coordinates":[[-74.0555264962825,40.1207087745647],[-74.056318377614,40.121201764631],[-74.0569841300929,40.1216087772946]]}},{"type":"Feature","id":66866,"properties":{"OBJECTID":66866,"PRIMENAME":"Oakcrest Road","ELEVTYP_F":0,"ELEVTYP_T":0},"geometry":{"type":"LineString","coordinates":[[-74.0695557519848,40.1000429547292],[-74.0696571012651,40.1000655954759],[-74.0699607923063,40.1001334347974],[-74.0701031755368,40.1001911751711],[-74.0701710952071,40.1002486120491],[-74.0701930216103,40.1002788818445],[-74.0702264897474,40.1003250826345],[-74.0702383540312,40.10041091739],[-74.0702315345525,40.1005062364415],[-74.0701940502015,40.1005489792116]]}},{"type":"Feature","id":67891,"properties":{"OBJECTID":67891,"PRIMENAME":"William Drive","ELEVTYP_F":0,"ELEVTYP_T":0},"geometry":{"type":"LineString","coordinates":[[-74.0652476739042,40.1083136285512],[-74.0652039009571,40.1083658996387],[-74.0651102850976,40.1084465894485],[-74.0648105361809,40.1087314151471],[-74.0647406788545,40.1087977531757]]}},{"type":"Feature","id":67971,"properties":{"OBJECTID":67971,"PRIMENAME":"Green Avenue","ELEVTYP_F":0,"ELEVTYP_T":0},"geometry":{"type":"LineString","coordinates":[[-74.0492006524987,40.1081857381067],[-74.0490584176138,40.1083277481006],[-74.0484327427961,40.1089370733255]]}},{"type":"Feature","id":68163,"properties":{"OBJECTID":68163,"PRIMENAME":"Channel Drive","ELEVTYP_F":0,"ELEVTYP_T":0},"geometry":{"type":"LineString","coordinates":[[-74.0444581364235,40.1014656177168],[-74.0424459336777,40.1014850575238]]}},{"type":"Feature","id":68657,"properties":{"OBJECTID":68657,"PRIMENAME":"Gull Lane","ELEVTYP_F":0,"ELEVTYP_T":0},"geometry":{"type":"LineString","coordinates":[[-74.0560513576393,40.1054964880536],[-74.0561241826419,40.1055406370216],[-74.0584372096721,40.1069427484115]]}},{"type":"Feature","id":68905,"properties":{"OBJECTID":68905,"PRIMENAME":"Robin Way","ELEVTYP_F":0,"ELEVTYP_T":0},"geometry":{"type":"LineString","coordinates":[[-74.0813264370547,40.1196511370467],[-74.0816615981466,40.1196987092366],[-74.0818302123911,40.1197374451566],[-74.0819589903809,40.1197938283263]]}},{"type":"Feature","id":69326,"properties":{"OBJECTID":69326,"PRIMENAME":"Mulberry Court","ELEVTYP_F":0,"ELEVTYP_T":0},"geometry":{"type":"LineString","coordinates":[[-74.0697434328499,40.1083391349968],[-74.069909432397,40.1085161352249],[-74.0699584339667,40.108600135277]]}},{"type":"Feature","id":69632,"properties":{"OBJECTID":69632,"PRIMENAME":"Sterling Drive","ELEVTYP_F":0,"ELEVTYP_T":0},"geometry":{"type":"LineString","coordinates":[[-74.0839644856836,40.1063219086754],[-74.0828713997824,40.1066658073104],[-74.0814658660954,40.1071135207112],[-74.0814222816172,40.107137192748],[-74.0814033628035,40.1071847825494]]}},{"type":"Feature","id":69947,"properties":{"OBJECTID":69947,"PRIMENAME":"Ivy Road","ELEVTYP_F":0,"ELEVTYP_T":0},"geometry":{"type":"LineString","coordinates":[[-74.06597505091,40.1182793343754],[-74.0660530909629,40.1182771291972],[-74.0663259675323,40.1183162557683],[-74.0668494042208,40.1183948630577]]}},{"type":"Feature","id":70002,"properties":{"OBJECTID":70002,"PRIMENAME":"Chicago Avenue","ELEVTYP_F":0,"ELEVTYP_T":0},"geometry":{"type":"LineString","coordinates":[[-74.04443259025,40.1005790298252],[-74.0444390546611,40.1009765484535],[-74.0444581364235,40.1014656177168]]}},{"type":"Feature","id":70341,"properties":{"OBJECTID":70341,"PRIMENAME":"Manito Road","ELEVTYP_F":0,"ELEVTYP_T":0},"geometry":{"type":"LineString","coordinates":[[-74.0612275706285,40.1214638374178],[-74.0605957702757,40.1213228291111],[-74.0600528554975,40.1212016549077],[-74.059683838437,40.1211192916145],[-74.0580534507609,40.1207508668592],[-74.0579217965317,40.1207210992867]]}},{"type":"Feature","id":70495,"properties":{"OBJECTID":70495,"PRIMENAME":"Cooper Boulevard","ELEVTYP_F":0,"ELEVTYP_T":0},"geometry":{"type":"LineString","coordinates":[[-74.0788987846774,40.115882496378],[-74.0788938820301,40.1159610590679],[-74.0789587568583,40.1160276341926],[-74.0789967315466,40.1160683437221],[-74.0790341669143,40.116109388136],[-74.0790709914672,40.1161507563667],[-74.0791072440622,40.116192425138],[-74.0791428859967,40.1162343925085],[-74.0791808657993,40.1162798279043],[-74.0792193492701,40.1163250183287],[-74.0792582975301,40.1163699906607],[-74.0792977496315,40.1164146900997],[-74.0793376666897,40.1164591444253],[-74.0793780512233,40.1165033257248],[-74.079401242479,40.1165232584039],[-74.0794250441413,40.1165427528585],[-74.0794494927215,40.1165617858029],[-74.0794745520523,40.1165803246808],[-74.079500186585,40.1165984270066],[-74.079526395823,40.1166159828943],[-74.0795531804401,40.1166330734077],[-74.0795783724442,40.1166474128375],[-74.0796041053016,40.1166611777846],[-74.0796303414719,40.1166743681127],[-74.0796570467676,40.1166870107178],[-74.0796842205144,40.1166990245354],[-74.0797118260174,40.1167104625725],[-74.0797398294163,40.116721298586],[-74.0797874374716,40.1167363227676],[-74.0798353720392,40.1167507176327],[-74.0798836321222,40.1167644543552],[-74.0799322188871,40.1167775338397],[-74.0801684637644,40.1168251703662],[-74.0804626744468,40.116890037596],[-74.0804942868196,40.1168955048905],[-74.080525680629,40.1169016036676],[-74.0805568560531,40.1169083051062],[-74.0805878142822,40.1169156065085],[-74.0806185163714,40.1169235455627],[-74.0806489297116,40.1169320834214],[-74.0806790896358,40.1169411976954],[-74.0807088880558,40.1169509141137],[-74.0807455239796,40.1169663097935]]}},{"type":"Feature","id":70516,"properties":{"OBJECTID":70516,"PRIMENAME":"Cherokee Lane","ELEVTYP_F":0,"ELEVTYP_T":0},"geometry":{"type":"LineString","coordinates":[[-74.0602140681033,40.1060256071947],[-74.0606918714797,40.1063889822029],[-74.060926262984,40.1065672364524]]}},{"type":"Feature","id":70607,"properties":{"OBJECTID":70607,"PRIMENAME":"Curtis Avenue","ELEVTYP_F":0,"ELEVTYP_T":0},"geometry":{"type":"LineString","coordinates":[[-74.0529605236193,40.0937634514156],[-74.0527203412533,40.0950148806016],[-74.052569973815,40.0958035758907],[-74.0525584473329,40.0958550058269],[-74.052543221986,40.0959092766617],[-74.0525279600759,40.0959635752741],[-74.0521517911618,40.0971145746089],[-74.0520494898036,40.0974350787479]]}},{"type":"Feature","id":70957,"properties":{"OBJECTID":70957,"PRIMENAME":"Homestead Road","ELEVTYP_F":0,"ELEVTYP_T":0},"geometry":{"type":"LineString","coordinates":[[-74.0517375637784,40.1080559306601],[-74.0518467711886,40.1081241345788],[-74.052322808676,40.1084214526852],[-74.052341087686,40.1084692364078],[-74.05233658385,40.1084747014914],[-74.0523098044195,40.1085071930013],[-74.0520974483467,40.1087113362687],[-74.0516011934262,40.109186742271],[-74.0512187037359,40.1095531587345]]}},{"type":"Feature","id":71045,"properties":{"OBJECTID":71045,"PRIMENAME":"Arnold Avenue","ELEVTYP_F":0,"ELEVTYP_T":0},"geometry":{"type":"LineString","coordinates":[[-74.0602892432591,40.0883588040795],[-74.0594419135659,40.089329814166],[-74.0594141110128,40.0893511764075],[-74.0593907269673,40.0893634692719],[-74.0593612508569,40.089372663096]]}},{"type":"Feature","id":71490,"properties":{"OBJECTID":71490,"PRIMENAME":"Euclid Avenue","ELEVTYP_F":0,"ELEVTYP_T":0},"geometry":{"type":"LineString","coordinates":[[-74.0575068858341,40.1080079723913],[-74.0574436184361,40.1079669078549],[-74.0560837214581,40.1070847437304],[-74.0559825391693,40.1070191000866]]}},{"type":"Feature","id":71886,"properties":{"OBJECTID":71886,"PRIMENAME":"Pine Road","ELEVTYP_F":0,"ELEVTYP_T":0},"geometry":{"type":"LineString","coordinates":[[-74.0624772356997,40.1202362949555],[-74.062344052951,40.1202230019965]]}},{"type":"Feature","id":72044,"properties":{"OBJECTID":72044,"PRIMENAME":"Southwest Drive","ELEVTYP_F":0,"ELEVTYP_T":0},"geometry":{"type":"LineString","coordinates":[[-74.0702788382216,40.0963281333314],[-74.0703504043282,40.0964077100333],[-74.0709050800142,40.0970246334457],[-74.070956057058,40.0970813208003]]}},{"type":"Feature","id":72243,"properties":{"OBJECTID":72243,"PRIMENAME":"Seaview Avenue","ELEVTYP_F":0,"ELEVTYP_T":0},"geometry":{"type":"LineString","coordinates":[[-74.0537870620855,40.1109267013872],[-74.0538641361673,40.1109725433917],[-74.0546061378958,40.1114138784259],[-74.0546675770277,40.1114504079003]]}},{"type":"Feature","id":72263,"properties":{"OBJECTID":72263,"PRIMENAME":"Stony Point Road","ELEVTYP_F":0,"ELEVTYP_T":0},"geometry":{"type":"LineString","coordinates":[[-74.0863267085163,40.1035318849823],[-74.0862420754746,40.1035512942889],[-74.0852600229126,40.1037765753146],[-74.0842965380765,40.1040161914707],[-74.0842001138254,40.1040401684948]]}},{"type":"Feature","id":73012,"properties":{"OBJECTID":73012,"PRIMENAME":"Courtyard Lane","ELEVTYP_F":0,"ELEVTYP_T":0},"geometry":{"type":"LineString","coordinates":[[-74.0603516172348,40.1088660255849],[-74.0602672102946,40.1089539906566],[-74.060215367509,40.1090257363217],[-74.0602027555198,40.1091069116284],[-74.0602105087195,40.1093111622902]]}},{"type":"Feature","id":73493,"properties":{"OBJECTID":73493,"PRIMENAME":"Harris Avenue","ELEVTYP_F":0,"ELEVTYP_T":0},"geometry":{"type":"LineString","coordinates":[[-74.0529125054471,40.1115209542684],[-74.0530283630959,40.1115794093477],[-74.0537337060865,40.1119347908987],[-74.0549711031168,40.1125639161382],[-74.0550934420912,40.112625788743],[-74.0561961422267,40.1131834550979],[-74.0563364079744,40.1132556719256]]}},{"type":"Feature","id":73728,"properties":{"OBJECTID":73728,"PRIMENAME":"Ashley Avenue","ELEVTYP_F":0,"ELEVTYP_T":0},"geometry":{"type":"LineString","coordinates":[[-74.0563688761679,40.105203984519],[-74.0560513576393,40.1054964880536]]}},{"type":"Feature","id":74133,"properties":{"OBJECTID":74133,"PRIMENAME":"Old Bridge Road","ELEVTYP_F":0,"ELEVTYP_T":0},"geometry":{"type":"LineString","coordinates":[[-74.0824544053553,40.0997437672197],[-74.0822571841116,40.0998535546164],[-74.081615774198,40.1002039301449],[-74.0815651630722,40.1002315831604]]}},{"type":"Feature","id":74370,"properties":{"OBJECTID":74370,"PRIMENAME":"Deer Run Drive","ELEVTYP_F":0,"ELEVTYP_T":0},"geometry":{"type":"LineString","coordinates":[[-74.0818981709406,40.1084829857623],[-74.0827315251349,40.1082238418165],[-74.0845102315969,40.1076583065373],[-74.084654663545,40.1076129227273]]}},{"type":"Feature","id":74591,"properties":{"OBJECTID":74591,"PRIMENAME":"Glimmer Glass Circle","ELEVTYP_F":0,"ELEVTYP_T":0},"geometry":{"type":"LineString","coordinates":[[-74.0430174251107,40.1122901370022],[-74.0430184233512,40.1122051376366],[-74.0430054238452,40.1121591368602],[-74.0429834238941,40.112118136313],[-74.0429174231052,40.1120431367949],[-74.0428334244483,40.111983136507],[-74.042778423701,40.1119591376378],[-74.0426694232314,40.1119291377135],[-74.0425604234129,40.1119111366516],[-74.0423854227529,40.1119061373623]]}},{"type":"Feature","id":74744,"properties":{"OBJECTID":74744,"PRIMENAME":"Mountain Laurel Lane","ELEVTYP_F":0,"ELEVTYP_T":0},"geometry":{"type":"LineString","coordinates":[[-74.0704794338952,40.1099971363151],[-74.0704704331386,40.110055135206]]}},{"type":"Feature","id":75057,"properties":{"OBJECTID":75057,"PRIMENAME":"Jordan Lane","ELEVTYP_F":0,"ELEVTYP_T":0},"geometry":{"type":"LineString","coordinates":[[-74.0664915006552,40.0980848002208],[-74.0665482284845,40.0980236007407],[-74.0666357901656,40.0979143080408],[-74.0666982749902,40.0978525797018]]}},{"type":"Feature","id":78038,"properties":{"OBJECTID":78038,"PRIMENAME":"Union Lane","ELEVTYP_F":0,"ELEVTYP_T":0},"geometry":{"type":"LineString","coordinates":[[-74.0528267459118,40.107871290798],[-74.0526093345527,40.1077362675278]]}},{"type":"Feature","id":78214,"properties":{"OBJECTID":78214,"PRIMENAME":"Unnamed Segment","ELEVTYP_F":0,"ELEVTYP_T":0},"geometry":{"type":"LineString","coordinates":[[-74.0728162425321,40.1103775135113],[-74.0727474328148,40.1103411348843],[-74.0726814346356,40.110252135749],[-74.0726674333897,40.110144134755],[-74.0726674326677,40.1101131348498]]}},{"type":"Feature","id":78374,"properties":{"OBJECTID":78374,"PRIMENAME":"Arnold Avenue","ELEVTYP_F":0,"ELEVTYP_T":0},"geometry":{"type":"LineString","coordinates":[[-74.0563331904296,40.0912335135839],[-74.0562403295764,40.0912398887436]]}},{"type":"Feature","id":79266,"properties":{"OBJECTID":79266,"PRIMENAME":"Marcellus Avenue","ELEVTYP_F":0,"ELEVTYP_T":0},"geometry":{"type":"LineString","coordinates":[[-74.0518375679368,40.1184598583398],[-74.0524227994111,40.1188084679996],[-74.053647124487,40.1195614791002],[-74.0554094279288,40.1206359046124],[-74.0554972291735,40.1206905566373],[-74.0555264962825,40.1207087745647]]}},{"type":"Feature","id":80023,"properties":{"OBJECTID":80023,"PRIMENAME":"Arnold Avenue","ELEVTYP_F":0,"ELEVTYP_T":0},"geometry":{"type":"LineString","coordinates":[[-74.0460678724674,40.0920304894745],[-74.0458184572111,40.0920502394052],[-74.0440980780115,40.0921858524598]]}},{"type":"Feature","id":80372,"properties":{"OBJECTID":80372,"PRIMENAME":"Manasquan Avenue","ELEVTYP_F":0,"ELEVTYP_T":0},"geometry":{"type":"LineString","coordinates":[[-74.0496483355245,40.1096688454417],[-74.0495774665436,40.1096261825724],[-74.0488296022702,40.1091759791969],[-74.0485016872213,40.1089785765148],[-74.0484327427961,40.1089370733255]]}},{"type":"Feature","id":80479,"properties":{"OBJECTID":80479,"PRIMENAME":"Minerva Avenue","ELEVTYP_F":0,"ELEVTYP_T":0},"geometry":{"type":"LineString","coordinates":[[-74.0455733745758,40.1199653484674],[-74.0454948645523,40.1200379284529],[-74.0447805230617,40.1206986064173]]}},{"type":"Feature","id":81262,"properties":{"OBJECTID":81262,"PRIMENAME":"Algonkin Trail","ELEVTYP_F":0,"ELEVTYP_T":0},"geometry":{"type":"LineString","coordinates":[[-74.0647277689619,40.1202844052221],[-74.0647435785203,40.1201548044481],[-74.0648081595503,40.1197679597922]]}},{"type":"Feature","id":81564,"properties":{"OBJECTID":81564,"PRIMENAME":"Woodland Road","ELEVTYP_F":0,"ELEVTYP_T":0},"geometry":{"type":"LineString","coordinates":[[-74.0538598006165,40.0919594875525],[-74.0538216181418,40.0918182589336],[-74.0537744909035,40.091623600169],[-74.0537452576395,40.0915405789316],[-74.053706112419,40.0914829018751],[-74.0536767509097,40.0914396438385]]}},{"type":"Feature","id":81690,"properties":{"OBJECTID":81690,"PRIMENAME":"Old Bridge Road","ELEVTYP_F":0,"ELEVTYP_T":0},"geometry":{"type":"LineString","coordinates":[[-74.0688067608011,40.1143136341496],[-74.0686560759322,40.1143724112815]]}},{"type":"Feature","id":81704,"properties":{"OBJECTID":81704,"PRIMENAME":"Woodview Road","ELEVTYP_F":0,"ELEVTYP_T":0},"geometry":{"type":"LineString","coordinates":[[-74.0721843971375,40.0972670821349],[-74.0721699871568,40.0972104484256],[-74.0721146877728,40.0971244533762],[-74.0720284443441,40.0970192637414],[-74.0717696620044,40.0967180521611],[-74.0717064920591,40.0966445194933]]}},{"type":"Feature","id":81882,"properties":{"OBJECTID":81882,"PRIMENAME":"Sanborn Avenue","ELEVTYP_F":0,"ELEVTYP_T":0},"geometry":{"type":"LineString","coordinates":[[-74.0424149016375,40.0997026541289],[-74.0438220739071,40.099688684848],[-74.0444206231031,40.0996825578938]]}},{"type":"Feature","id":82420,"properties":{"OBJECTID":82420,"PRIMENAME":"South Farragut Avenue","ELEVTYP_F":0,"ELEVTYP_T":0},"geometry":{"type":"LineString","coordinates":[[-74.0465334254072,40.1166042534016],[-74.0459366880087,40.1171542149544]]}},{"type":"Feature","id":84817,"properties":{"OBJECTID":84817,"PRIMENAME":"Arnold Avenue","ELEVTYP_F":0,"ELEVTYP_T":0},"geometry":{"type":"LineString","coordinates":[[-74.0497174611654,40.0917437103254],[-74.0494916868462,40.0917614731649],[-74.0490992172091,40.0917927807969]]}},{"type":"Feature","id":85010,"properties":{"OBJECTID":85010,"PRIMENAME":"Perrine Boulevard","ELEVTYP_F":0,"ELEVTYP_T":0},"geometry":{"type":"LineString","coordinates":[[-74.0443614811141,40.1134904979776],[-74.0441977391427,40.1134746122662],[-74.0439556684931,40.113464132793],[-74.043601739075,40.1134770415722],[-74.0431235728267,40.113503735158],[-74.0427677585809,40.1135417640352],[-74.0425644824359,40.113563489367],[-74.0422786851543,40.1136004926595],[-74.0420115446435,40.1136280433512],[-74.0419674582104,40.1136385475629]]}},{"type":"Feature","id":85015,"properties":{"OBJECTID":85015,"PRIMENAME":"Dartmouth Avenue","ELEVTYP_F":0,"ELEVTYP_T":0},"geometry":{"type":"LineString","coordinates":[[-74.0454847764652,40.0982242857148],[-74.0455104231488,40.0996672923654]]}},{"type":"Feature","id":85101,"properties":{"OBJECTID":85101,"PRIMENAME":"Brandywyne East","ELEVTYP_F":0,"ELEVTYP_T":0},"geometry":{"type":"LineString","coordinates":[[-74.0623778445128,40.1100888342216],[-74.0624684731756,40.1100566995893],[-74.0625646794198,40.1100225729123],[-74.062648584097,40.1099928103762],[-74.0627176347753,40.1099578757892],[-74.0627751905385,40.1099257259307],[-74.062821322807,40.1098907056643],[-74.0628286261261,40.1098809976887],[-74.0628675538896,40.1098292478424],[-74.06291372624,40.1097824502867],[-74.0629637049065,40.1097386042198],[-74.0630404444591,40.1096977962383],[-74.0631208799362,40.1096716896745]]}},{"type":"Feature","id":85382,"properties":{"OBJECTID":85382,"PRIMENAME":"Chicago Avenue","ELEVTYP_F":0,"ELEVTYP_T":0},"geometry":{"type":"LineString","coordinates":[[-74.0443852693317,40.097554475088],[-74.0443982188352,40.0982392062229]]}},{"type":"Feature","id":85622,"properties":{"OBJECTID":85622,"PRIMENAME":"River Avenue","ELEVTYP_F":0,"ELEVTYP_T":0},"geometry":{"type":"LineString","coordinates":[[-74.0511975623896,40.0926334447901],[-74.0511953070796,40.0919319815116],[-74.0511931531156,40.0916285888902]]}},{"type":"Feature","id":86072,"properties":{"OBJECTID":86072,"PRIMENAME":"Riverview Drive","ELEVTYP_F":0,"ELEVTYP_T":0},"geometry":{"type":"LineString","coordinates":[[-74.0666749662454,40.1008339257439],[-74.0665784029547,40.1009642140393],[-74.0664406373562,40.1011591094422],[-74.0662157542613,40.1013870886394],[-74.0656720885968,40.1019219291132],[-74.0655787102393,40.1020137888496],[-74.0654393028641,40.1021429607351]]}},{"type":"Feature","id":86397,"properties":{"OBJECTID":86397,"PRIMENAME":"Harvest Lane","ELEVTYP_F":0,"ELEVTYP_T":0},"geometry":{"type":"LineString","coordinates":[[-74.079659647174,40.1148453565187],[-74.0801054367015,40.1148291363154],[-74.0803524373439,40.1148061353725],[-74.0804982163787,40.1147758302214],[-74.0806524353565,40.1146921356329],[-74.0807304133977,40.1146286068881],[-74.0807770084804,40.1145292747328],[-74.0807949339526,40.1143987461364]]}},{"type":"Feature","id":86990,"properties":{"OBJECTID":86990,"PRIMENAME":"Saint Louis Avenue","ELEVTYP_F":0,"ELEVTYP_T":0},"geometry":{"type":"LineString","coordinates":[[-74.0465743446183,40.101197194252],[-74.0465693425406,40.1019507067771]]}},{"type":"Feature","id":87126,"properties":{"OBJECTID":87126,"PRIMENAME":"Ramshorn Drive","ELEVTYP_F":0,"ELEVTYP_T":0},"geometry":{"type":"LineString","coordinates":[[-74.0861571634088,40.1141535818715],[-74.0861896017445,40.1140874809698],[-74.0862402837756,40.1139256345114],[-74.0862720058144,40.1138065741518],[-74.0862915306218,40.1136589192923],[-74.086333407845,40.1128964775743],[-74.0863823935205,40.1119815331066],[-74.086431550871,40.1110380102294],[-74.0864523246604,40.1106248609779]]}},{"type":"Feature","id":87201,"properties":{"OBJECTID":87201,"PRIMENAME":"Park Avenue","ELEVTYP_F":0,"ELEVTYP_T":0},"geometry":{"type":"LineString","coordinates":[[-74.0590109246448,40.1180605817165],[-74.0589335982709,40.118007715053],[-74.0576232779015,40.1171114560598],[-74.0561586184032,40.1160954163496],[-74.0554910406664,40.1156591535257],[-74.0548173654884,40.1151942575622],[-74.0547200793608,40.1151271183134]]}},{"type":"Feature","id":87489,"properties":{"OBJECTID":87489,"PRIMENAME":"Yale Avenue","ELEVTYP_F":0,"ELEVTYP_T":0},"geometry":{"type":"LineString","coordinates":[[-74.0473389421434,40.0961502452405],[-74.0473568630624,40.0972490429569],[-74.0473562561609,40.0973406389703],[-74.0473560290719,40.097374912044],[-74.0473490648225,40.0974765159991]]}},{"type":"Feature","id":87981,"properties":{"OBJECTID":87981,"PRIMENAME":"East Virginia Avenue","ELEVTYP_F":0,"ELEVTYP_T":0},"geometry":{"type":"LineString","coordinates":[[-74.0477726554808,40.1173856072079],[-74.0487182508161,40.1179582036888],[-74.0487952877331,40.1180048441801]]}},{"type":"Feature","id":88065,"properties":{"OBJECTID":88065,"PRIMENAME":"Ramshorn Drive","ELEVTYP_F":0,"ELEVTYP_T":0},"geometry":{"type":"LineString","coordinates":[[-74.0855123652942,40.1072090863137],[-74.0853909623751,40.1069181983874]]}},{"type":"Feature","id":88172,"properties":{"OBJECTID":88172,"PRIMENAME":"Bay Avenue","ELEVTYP_F":0,"ELEVTYP_T":0},"geometry":{"type":"LineString","coordinates":[[-74.0517766361212,40.0894729224476],[-74.0517344772607,40.0898570212846],[-74.051734027039,40.0899256522248],[-74.0517371980647,40.0900143105397],[-74.0517434697771,40.090191626893],[-74.051752096368,40.0904404411217]]}},{"type":"Feature","id":88418,"properties":{"OBJECTID":88418,"PRIMENAME":"Union Avenue","ELEVTYP_F":0,"ELEVTYP_T":0},"geometry":{"type":"LineString","coordinates":[[-74.0563364079744,40.1132556719256],[-74.055836028916,40.1138342752969]]}},{"type":"Feature","id":88871,"properties":{"OBJECTID":88871,"PRIMENAME":"Borrie Avenue","ELEVTYP_F":0,"ELEVTYP_T":0},"geometry":{"type":"LineString","coordinates":[[-74.0583693435829,40.1151256619889],[-74.0578303906792,40.1148530832368],[-74.0566115191002,40.1142240596083],[-74.0559680280888,40.1139022609552],[-74.055836028916,40.1138342752969]]}},{"type":"Feature","id":88921,"properties":{"OBJECTID":88921,"PRIMENAME":"Trenton Avenue","ELEVTYP_F":0,"ELEVTYP_T":0},"geometry":{"type":"LineString","coordinates":[[-74.0609594496123,40.0894619149034],[-74.0613669578652,40.0894846780971],[-74.0614856218512,40.0894913061176],[-74.0616974014202,40.0895025952913]]}},{"type":"Feature","id":88989,"properties":{"OBJECTID":88989,"PRIMENAME":"Union Avenue","ELEVTYP_F":0,"ELEVTYP_T":0},"geometry":{"type":"LineString","coordinates":[[-74.0540197124465,40.1159363185429],[-74.054017587051,40.1159387809442],[-74.0539359456545,40.1160328774916]]}},{"type":"Feature","id":89063,"properties":{"OBJECTID":89063,"PRIMENAME":"Woodland Road","ELEVTYP_F":0,"ELEVTYP_T":0},"geometry":{"type":"LineString","coordinates":[[-74.0542835568036,40.0952087678052],[-74.0537446623263,40.0950522686283],[-74.0537395603766,40.0950476527485],[-74.0537224520915,40.0950321697144],[-74.0537152058082,40.0949978254834],[-74.0537154113143,40.0949663651517],[-74.0537193882762,40.0949320641611],[-74.053727159571,40.0948806466527],[-74.0538185278618,40.094502914808]]}},{"type":"Feature","id":89379,"properties":{"OBJECTID":89379,"PRIMENAME":"Schoolhouse Road","ELEVTYP_F":0,"ELEVTYP_T":1},"geometry":{"type":"LineString","coordinates":[[-74.0631223541691,40.1142302709127],[-74.0631922977985,40.1141346961299],[-74.0634550995582,40.113811577135],[-74.0635047563816,40.1137549948296],[-74.0636802167463,40.1135550529379],[-74.0641118410378,40.1130324083762],[-74.0651438567661,40.1118209144362],[-74.0652102405109,40.1117389965683]]}},{"type":"Feature","id":89856,"properties":{"OBJECTID":89856,"PRIMENAME":"Black Pine Lane","ELEVTYP_F":0,"ELEVTYP_T":0},"geometry":{"type":"LineString","coordinates":[[-74.0790984344245,40.100503133446],[-74.0791224344345,40.1005761342351],[-74.0793204351459,40.1008671342796]]}},{"type":"Feature","id":89879,"properties":{"OBJECTID":89879,"PRIMENAME":"Liberty Lane","ELEVTYP_F":0,"ELEVTYP_T":0},"geometry":{"type":"LineString","coordinates":[[-74.0438858551631,40.0905587221743],[-74.0437585097621,40.09056769234],[-74.043754093082,40.0905677325884],[-74.0435862838452,40.0905692646976],[-74.0431570987068,40.0905967002936],[-74.0423643048414,40.0906591565292]]}},{"type":"Feature","id":89916,"properties":{"OBJECTID":89916,"PRIMENAME":"Crestview Road","ELEVTYP_F":0,"ELEVTYP_T":0},"geometry":{"type":"LineString","coordinates":[[-74.0666118237341,40.119864851333],[-74.0666206888107,40.1198091824168],[-74.0667196423802,40.1191882641004]]}},{"type":"Feature","id":89927,"properties":{"OBJECTID":89927,"PRIMENAME":"Saint Louis Avenue","ELEVTYP_F":0,"ELEVTYP_T":0},"geometry":{"type":"LineString","coordinates":[[-74.046546263284,40.0996650382854],[-74.0465709776959,40.1005571672836]]}},{"type":"Feature","id":90564,"properties":{"OBJECTID":90564,"PRIMENAME":"Brielle Road","ELEVTYP_F":0,"ELEVTYP_T":0},"geometry":{"type":"LineString","coordinates":[[-74.0464064530988,40.1120727884385],[-74.0459851140575,40.1119640620086]]}},{"type":"Feature","id":90947,"properties":{"OBJECTID":90947,"PRIMENAME":"Mahogany Trail","ELEVTYP_F":0,"ELEVTYP_T":0},"geometry":{"type":"LineString","coordinates":[[-74.0846501351348,40.1103797080594],[-74.0847041188334,40.1104805716298],[-74.0847348045825,40.1105378663876],[-74.08475311351,40.1105903404114],[-74.0847463421894,40.1106808839993],[-74.0846679634185,40.1123392329013],[-74.0846199405328,40.1130920975197],[-74.084601872725,40.1134111745489]]}},{"type":"Feature","id":91079,"properties":{"OBJECTID":91079,"PRIMENAME":"Arbutus Drive","ELEVTYP_F":0,"ELEVTYP_T":0},"geometry":{"type":"LineString","coordinates":[[-74.0473490648225,40.0974765159991],[-74.0482503460067,40.0974752032479]]}},{"type":"Feature","id":91266,"properties":{"OBJECTID":91266,"PRIMENAME":"Mountain Laurel Lane","ELEVTYP_F":0,"ELEVTYP_T":0},"geometry":{"type":"LineString","coordinates":[[-74.070497433739,40.1110061363821],[-74.0705674315972,40.1111631355425],[-74.0706764330438,40.1113421353451]]}},{"type":"Feature","id":91381,"properties":{"OBJECTID":91381,"PRIMENAME":"Tanner Avenue","ELEVTYP_F":0,"ELEVTYP_T":0},"geometry":{"type":"LineString","coordinates":[[-74.0823117003874,40.1130904595767],[-74.0823978587305,40.1133571740667],[-74.0824427635737,40.1135338690806],[-74.0825283734602,40.1138904530555],[-74.0824844366254,40.1140781368191],[-74.082338855618,40.1142534577983],[-74.0821635880805,40.114337162474],[-74.0818436910247,40.1143935115026],[-74.0813004274994,40.114389941111],[-74.0807949339526,40.1143987461364]]}},{"type":"Feature","id":92084,"properties":{"OBJECTID":92084,"PRIMENAME":"Riverview Drive","ELEVTYP_F":0,"ELEVTYP_T":0},"geometry":{"type":"LineString","coordinates":[[-74.0674488239571,40.0998141089341],[-74.0673858900528,40.099890083095],[-74.0672795462396,40.1000183863772],[-74.0672228518165,40.1001022909142]]}},{"type":"Feature","id":92200,"properties":{"OBJECTID":92200,"PRIMENAME":"Lakewood Road","ELEVTYP_F":0,"ELEVTYP_T":0},"geometry":{"type":"LineString","coordinates":[[-74.0778376062874,40.1199670675465],[-74.0781830149074,40.1198533857736],[-74.0784855988895,40.1197537986895],[-74.0788263629405,40.1196416436659]]}},{"type":"Feature","id":92410,"properties":{"OBJECTID":92410,"PRIMENAME":"Lenape Trail","ELEVTYP_F":0,"ELEVTYP_T":0},"geometry":{"type":"LineString","coordinates":[[-74.0671403776235,40.1166403039961],[-74.0662351547255,40.1166200609236]]}},{"type":"Feature","id":92728,"properties":{"OBJECTID":92728,"PRIMENAME":"Dewey Avenue","ELEVTYP_F":0,"ELEVTYP_T":0},"geometry":{"type":"LineString","coordinates":[[-74.048371669275,40.1168462416569],[-74.0483030709202,40.116907990952],[-74.0477726554808,40.1173856072079]]}},{"type":"Feature","id":93010,"properties":{"OBJECTID":93010,"PRIMENAME":"Oak Court","ELEVTYP_F":0,"ELEVTYP_T":0},"geometry":{"type":"LineString","coordinates":[[-74.070497433739,40.1110061363821],[-74.0706104349082,40.1109661360698],[-74.0710564328487,40.1108271362399]]}},{"type":"Feature","id":93023,"properties":{"OBJECTID":93023,"PRIMENAME":"Cedar Avenue","ELEVTYP_F":0,"ELEVTYP_T":0},"geometry":{"type":"LineString","coordinates":[[-74.0479785691763,40.1193864988338],[-74.0478958941951,40.119332395227],[-74.0465730111317,40.1184666003261]]}},{"type":"Feature","id":93479,"properties":{"OBJECTID":93479,"PRIMENAME":"Unnamed Segment","ELEVTYP_F":0,"ELEVTYP_T":0},"geometry":{"type":"LineString","coordinates":[[-74.0619545745717,40.1135043145741],[-74.062050430257,40.1133771369557],[-74.0621484310538,40.1132761368529],[-74.0622124302049,40.1131951367234],[-74.0622394293257,40.1131451353021],[-74.0625494308368,40.112758136159],[-74.0626694312048,40.1125941372002]]}},{"type":"Feature","id":93577,"properties":{"OBJECTID":93577,"PRIMENAME":"Birch Drive","ELEVTYP_F":0,"ELEVTYP_T":0},"geometry":{"type":"LineString","coordinates":[[-74.0733315364876,40.1005242864742],[-74.0729969230554,40.1009358649231],[-74.0727344007448,40.1012351517864],[-74.0726281596087,40.1013539337424],[-74.072544281635,40.1014697231733]]}},{"type":"Feature","id":93693,"properties":{"OBJECTID":93693,"PRIMENAME":"Arbutus Drive","ELEVTYP_F":0,"ELEVTYP_T":0},"geometry":{"type":"LineString","coordinates":[[-74.0482503460067,40.0974752032479],[-74.0485781369507,40.0974667897602]]}},{"type":"Feature","id":93875,"properties":{"OBJECTID":93875,"PRIMENAME":"Unnamed Segment","ELEVTYP_F":0,"ELEVTYP_T":0},"geometry":{"type":"LineString","coordinates":[[-74.0710854332673,40.1101841357813],[-74.0711384352647,40.1100731348275],[-74.0711634343147,40.1100581354504],[-74.0712054330656,40.1100601355537],[-74.0713564336677,40.1100951359143]]}},{"type":"Feature","id":93934,"properties":{"OBJECTID":93934,"PRIMENAME":"Virginia Avenue","ELEVTYP_F":0,"ELEVTYP_T":0},"geometry":{"type":"LineString","coordinates":[[-74.0491763412376,40.1182470366538],[-74.0492662066581,40.118300562979],[-74.0496182745191,40.118510319133],[-74.0503854946824,40.1189674084067],[-74.0510441572533,40.1193780800437]]}},{"type":"Feature","id":94066,"properties":{"OBJECTID":94066,"PRIMENAME":"Hickory Drive","ELEVTYP_F":0,"ELEVTYP_T":0},"geometry":{"type":"LineString","coordinates":[[-74.0815513775805,40.1078326607636],[-74.0817060190951,40.1084441595012],[-74.0817368121844,40.1084776259243],[-74.0817677292582,40.1084967907446],[-74.0818049541417,40.1085017015087],[-74.0818981709406,40.1084829857623]]}},{"type":"Feature","id":94283,"properties":{"OBJECTID":94283,"PRIMENAME":"Warren Avenue","ELEVTYP_F":0,"ELEVTYP_T":0},"geometry":{"type":"LineString","coordinates":[[-74.0473937478169,40.1199009342934],[-74.0478638139089,40.1194895488079],[-74.0479785691763,40.1193864988338]]}},{"type":"Feature","id":94379,"properties":{"OBJECTID":94379,"PRIMENAME":"Cooks Road","ELEVTYP_F":0,"ELEVTYP_T":0},"geometry":{"type":"LineString","coordinates":[[-74.0473423882408,40.0919287667338],[-74.0474775463559,40.0928938329866],[-74.0474787131902,40.0929012772511]]}},{"type":"Feature","id":94660,"properties":{"OBJECTID":94660,"PRIMENAME":"Old Bridge Road","ELEVTYP_F":0,"ELEVTYP_T":0},"geometry":{"type":"LineString","coordinates":[[-74.0654144399921,40.1156541249227],[-74.0653033475887,40.1156981272342]]}},{"type":"Feature","id":94712,"properties":{"OBJECTID":94712,"PRIMENAME":"Fox Lane","ELEVTYP_F":0,"ELEVTYP_T":0},"geometry":{"type":"LineString","coordinates":[[-74.0824544053553,40.0997437672197],[-74.0824687902525,40.0997589731907],[-74.0830607580444,40.1003854983643],[-74.0835725897096,40.1009354682355],[-74.0838252713932,40.101222300527],[-74.08401035622,40.1014088498436],[-74.0843062806061,40.1017339959036],[-74.08433732825,40.1017723776514],[-74.0843407341504,40.101811922067],[-74.0843203393731,40.1018499534764],[-74.0842833547155,40.1018766703168],[-74.0842244373702,40.1019003973879],[-74.0837952610236,40.1020639867694],[-74.0837234862775,40.1020913187814]]}},{"type":"Feature","id":94856,"properties":{"OBJECTID":94856,"PRIMENAME":"Stonehedge Lane","ELEVTYP_F":0,"ELEVTYP_T":0},"geometry":{"type":"LineString","coordinates":[[-74.0557277513758,40.093563953237],[-74.0567068208634,40.0938035177132]]}},{"type":"Feature","id":96521,"properties":{"OBJECTID":96521,"PRIMENAME":"Unnamed Segment","ELEVTYP_F":0,"ELEVTYP_T":0},"geometry":{"type":"LineString","coordinates":[[-74.073514434967,40.1099901360491],[-74.07367443487,40.1103201357647]]}},{"type":"Feature","id":98721,"properties":{"OBJECTID":98721,"PRIMENAME":"Toboggan Run","ELEVTYP_F":0,"ELEVTYP_T":0},"geometry":{"type":"LineString","coordinates":[[-74.0846501351348,40.1103797080594],[-74.0841141404225,40.1105260858275],[-74.0830943456347,40.1108131754168],[-74.0828921409957,40.1108677920254]]}},{"type":"Feature","id":98826,"properties":{"OBJECTID":98826,"PRIMENAME":"Unnamed Segment","ELEVTYP_F":0,"ELEVTYP_T":0},"geometry":{"type":"LineString","coordinates":[[-74.07367443487,40.1103201357647],[-74.0733854328263,40.1104761355231],[-74.0733761749436,40.1104786053373]]}},{"type":"Feature","id":99280,"properties":{"OBJECTID":99280,"PRIMENAME":"Chicago Avenue","ELEVTYP_F":0,"ELEVTYP_T":0},"geometry":{"type":"LineString","coordinates":[[-74.0444206231031,40.0996825578938],[-74.04443259025,40.1005790298252]]}},{"type":"Feature","id":99297,"properties":{"OBJECTID":99297,"PRIMENAME":"Lincoln Avenue","ELEVTYP_F":0,"ELEVTYP_T":0},"geometry":{"type":"LineString","coordinates":[[-74.0553529979266,40.0952731368885],[-74.0550627951766,40.0950662345367],[-74.0550433518202,40.0950328865359],[-74.0550357280333,40.0949904968681],[-74.0550517680458,40.0949481990018],[-74.0551034031062,40.0948248577019]]}},{"type":"Feature","id":99767,"properties":{"OBJECTID":99767,"PRIMENAME":"Sampson Road","ELEVTYP_F":0,"ELEVTYP_T":0},"geometry":{"type":"LineString","coordinates":[[-74.0609964521274,40.0903343235847],[-74.0610019221319,40.090378598891],[-74.0610304961266,40.0904096468306],[-74.0610822395146,40.0904231299043],[-74.0611398645473,40.0904277688313],[-74.0618723386238,40.0903265216131]]}},{"type":"Feature","id":100260,"properties":{"OBJECTID":100260,"PRIMENAME":"Cherokee Lane","ELEVTYP_F":0,"ELEVTYP_T":0},"geometry":{"type":"LineString","coordinates":[[-74.0593716938928,40.1058821170518],[-74.0594406926685,40.1059324812473],[-74.060688950054,40.1068431282223],[-74.0611087571194,40.1071493840671]]}},{"type":"Feature","id":100291,"properties":{"OBJECTID":100291,"PRIMENAME":"Richmond Avenue","ELEVTYP_F":0,"ELEVTYP_T":0},"geometry":{"type":"LineString","coordinates":[[-74.0504291489299,40.0974624860608],[-74.0504926396739,40.0971416688359]]}},{"type":"Feature","id":100389,"properties":{"OBJECTID":100389,"PRIMENAME":"Holly Road","ELEVTYP_F":0,"ELEVTYP_T":0},"geometry":{"type":"LineString","coordinates":[[-74.0627056028627,40.1188760536537],[-74.0628452595555,40.1188900056166],[-74.0631911205458,40.1189246350828],[-74.0633285789206,40.1189383962332]]}},{"type":"Feature","id":100746,"properties":{"OBJECTID":100746,"PRIMENAME":"Unnamed Segment","ELEVTYP_F":0,"ELEVTYP_T":0},"geometry":{"type":"LineString","coordinates":[[-74.0858812341054,40.1149280377515],[-74.0857752258608,40.1149152633964],[-74.085600648649,40.1149146388987],[-74.0854841525428,40.1149326185785],[-74.085398383362,40.1149638500793],[-74.0852816316851,40.115023879969],[-74.0851856591806,40.1150445619437],[-74.0848601965847,40.1150880744645]]}},{"type":"Feature","id":101154,"properties":{"OBJECTID":101154,"PRIMENAME":"Lenape Trail","ELEVTYP_F":0,"ELEVTYP_T":0},"geometry":{"type":"LineString","coordinates":[[-74.0680444502697,40.1166560881088],[-74.0672119194447,40.1166418890593],[-74.0671403776235,40.1166403039961]]}},{"type":"Feature","id":103521,"properties":{"OBJECTID":103521,"PRIMENAME":"Old Bridge Road","ELEVTYP_F":0,"ELEVTYP_T":0},"geometry":{"type":"LineString","coordinates":[[-74.058304135565,40.1184673497485],[-74.0581153476054,40.1185418513907],[-74.0579386480488,40.1186103309356]]}},{"type":"Feature","id":103700,"properties":{"OBJECTID":103700,"PRIMENAME":"Dewey Avenue","ELEVTYP_F":0,"ELEVTYP_T":0},"geometry":{"type":"LineString","coordinates":[[-74.0459987060011,40.1189910910296],[-74.0452864514153,40.1196415126127],[-74.0451994205334,40.1197209492001]]}},{"type":"Feature","id":103909,"properties":{"OBJECTID":103909,"PRIMENAME":"Northeast Drive","ELEVTYP_F":0,"ELEVTYP_T":0},"geometry":{"type":"LineString","coordinates":[[-74.0691194413892,40.0981487164657],[-74.0688693924353,40.0980227368795],[-74.0674588398423,40.0973120978816],[-74.0673724627091,40.0972685646698]]}},{"type":"Feature","id":103911,"properties":{"OBJECTID":103911,"PRIMENAME":"Riverview Lane","ELEVTYP_F":0,"ELEVTYP_T":0},"geometry":{"type":"LineString","coordinates":[[-74.0596862648155,40.1055347412422],[-74.059617399012,40.1054803426083],[-74.0586108290029,40.1046852863556],[-74.0582775207925,40.1044028412518],[-74.0582095398265,40.1043501744716],[-74.0581538208149,40.104330881732]]}},{"type":"Feature","id":104130,"properties":{"OBJECTID":104130,"PRIMENAME":"FR RT 35 NB to RT 34 NB","ELEVTYP_F":0,"ELEVTYP_T":0},"geometry":{"type":"LineString","coordinates":[[-74.0728326225796,40.1162758051933],[-74.0727617249373,40.1163913755025],[-74.0726869466336,40.1165054951039],[-74.0726083379667,40.1166180872079],[-74.0725259518129,40.1167290760521],[-74.0724829919729,40.1167672011277],[-74.0724347680196,40.1168014150517],[-74.0723896967382,40.1168273041809],[-74.0723416102069,40.1168497692489],[-74.0722909482692,40.1168686047683],[-74.0722381743269,40.1168836384511],[-74.0721837711013,40.1168947327844],[-74.0721282362176,40.1169017862886],[-74.0720720776528,40.1169047344454],[-74.0720158090893,40.116903550288],[-74.0719427798182,40.1168955661419],[-74.0718714937566,40.1168810048807],[-74.0718029521725,40.1168600710291],[-74.0717381177837,40.1168330586194],[-74.0716779012343,40.116800347062],[-74.071623148304,40.1167623958153],[-74.0715746280281,40.1167197379324],[-74.0715330218958,40.1166729725735],[-74.071498210065,40.1166244969508],[-74.0714714025641,40.1165731100982],[-74.0714530039099,40.1165195874627],[-74.0714432917244,40.1164647367191],[-74.0714424125465,40.116409385582],[-74.0714503796217,40.1163543693151],[-74.0714670727039,40.1163005181268],[-74.0714922398709,40.1162486446421],[-74.0715272038188,40.1161982106274],[-74.0715693710488,40.1161511352177],[-74.0716182007266,40.1161080221832],[-74.0716730665719,40.1160694244734],[-74.0717332648906,40.1160358371254],[-74.0717980236,40.1160076909147],[-74.0718665121317,40.1159853468312],[-74.0719378520828,40.115969091449],[-74.0719852030323,40.1159631075363],[-74.0720330195787,40.115959994865],[-74.0720810068178,40.1159597726322],[-74.0721288687932,40.1159624422084],[-74.0721763103204,40.1159679871294],[-74.0722230388084,40.1159763731974],[-74.072268766063,40.1159875486922],[-74.0723132100651,40.1160014446898],[-74.0725978136393,40.1161597742922],[-74.0726447051534,40.1161830643755],[-74.0728326225796,40.1162758051933]]}},{"type":"Feature","id":104874,"properties":{"OBJECTID":104874,"PRIMENAME":"McLean Avenue","ELEVTYP_F":0,"ELEVTYP_T":0},"geometry":{"type":"LineString","coordinates":[[-74.0510519752701,40.0936448022932],[-74.0514110467116,40.09366576813],[-74.0529605236193,40.0937634514156]]}},{"type":"Feature","id":105252,"properties":{"OBJECTID":105252,"PRIMENAME":"FR NJ 71 SB to NJ 35 SB","ELEVTYP_F":0,"ELEVTYP_T":0},"geometry":{"type":"LineString","coordinates":[[-74.0575066826779,40.108453150491],[-74.0573117838256,40.1083880551395],[-74.0571674140256,40.1083215062004],[-74.0570275841202,40.1082549474233],[-74.0568860429814,40.1081878595309]]}},{"type":"Feature","id":106566,"properties":{"OBJECTID":106566,"PRIMENAME":"Clark Street","ELEVTYP_F":0,"ELEVTYP_T":0},"geometry":{"type":"LineString","coordinates":[[-74.0597418181522,40.0893939316475],[-74.0597626054179,40.0901081590837]]}},{"type":"Feature","id":106666,"properties":{"OBJECTID":106666,"PRIMENAME":"Riverview Drive","ELEVTYP_F":0,"ELEVTYP_T":0},"geometry":{"type":"LineString","coordinates":[[-74.0583539829965,40.1070359271023],[-74.0581776606161,40.1072333377356],[-74.0580394431308,40.1073930537602]]}},{"type":"Feature","id":106768,"properties":{"OBJECTID":106768,"PRIMENAME":"FR RT 35 NB to RT 35 NB","ELEVTYP_F":0,"ELEVTYP_T":0},"geometry":{"type":"LineString","coordinates":[[-74.0704499210362,40.1147912013889],[-74.0711569355577,40.1152703780423],[-74.0711886368439,40.1153027355024],[-74.0712162234543,40.1153372435451],[-74.0712394496211,40.1153735947477],[-74.0712581084211,40.1154114652668],[-74.071268713518,40.1154397695814],[-74.0712767639931,40.115468565877],[-74.07128580538,40.1155602541683],[-74.0712910944168,40.1156521151465],[-74.0712949154057,40.1158869145559],[-74.0713037007348,40.1161216353888],[-74.0713107417206,40.1162777170595],[-74.0713141472878,40.1164338704213],[-74.0713222965281,40.116494919288],[-74.0713367259572,40.1165552797268],[-74.0713573447039,40.1166145715406],[-74.0713840229108,40.1166724212621],[-74.071414049297,40.1167153018805],[-74.0714472476416,40.11675678126],[-74.071483507382,40.116796721252],[-74.0715227077586,40.1168349888343],[-74.0716514426827,40.1169700216393],[-74.0717755225852,40.1171075991576],[-74.0718608119716,40.1172038090634],[-74.0719387802925,40.1173036131373],[-74.0719696697333,40.1173593207597],[-74.0719948264328,40.1174167029959],[-74.0720140981938,40.1174754127187],[-74.0720273684185,40.1175350947697],[-74.0720363949552,40.1176071155728],[-74.0720388051095,40.1176939107881],[-74.0720320156274,40.1177805690973],[-74.0720147365895,40.117837901673],[-74.0719936314003,40.1178944742857],[-74.0719687561576,40.1179501365396],[-74.0719401769822,40.1180047404586],[-74.0718908426017,40.1181303559317],[-74.0718453220581,40.118256817299],[-74.0718036399364,40.1183840563191],[-74.071765818751,40.1185120043307]]}},{"type":"Feature","id":107404,"properties":{"OBJECTID":107404,"PRIMENAME":"Long Point Lane","ELEVTYP_F":0,"ELEVTYP_T":0},"geometry":{"type":"LineString","coordinates":[[-74.051950380637,40.097745458758],[-74.0528181362382,40.098037665219],[-74.0531992410411,40.0981242150862]]}},{"type":"Feature","id":107493,"properties":{"OBJECTID":107493,"PRIMENAME":"FR EVERGREEN AVE TO A101490","ELEVTYP_F":0,"ELEVTYP_T":0},"geometry":{"type":"LineString","coordinates":[[-74.05590673088,40.1079006566787],[-74.0558986655413,40.1078893653236],[-74.0558903103962,40.1078781989022],[-74.0558816687258,40.1078671617994],[-74.0558727439239,40.1078562583495],[-74.0558635394952,40.1078454928342],[-74.0558540590544,40.1078348694809],[-74.0558443063244,40.1078243924614],[-74.0558342851354,40.1078140658899]]}},{"type":"Feature","id":107560,"properties":{"OBJECTID":107560,"PRIMENAME":"Laurel Avenue","ELEVTYP_F":0,"ELEVTYP_T":0},"geometry":{"type":"LineString","coordinates":[[-74.042022915464,40.0912024497405],[-74.0422239145909,40.0912227361037],[-74.0426253047563,40.0911989825374],[-74.0432961852754,40.0911467504442],[-74.0439556992559,40.0910942778666]]}},{"type":"Feature","id":107805,"properties":{"OBJECTID":107805,"PRIMENAME":"Woodchuck Lane","ELEVTYP_F":0,"ELEVTYP_T":0},"geometry":{"type":"LineString","coordinates":[[-74.0839644856836,40.1063219086754],[-74.0840027335211,40.1063934518127],[-74.0843065316263,40.106961722876]]}},{"type":"Feature","id":107976,"properties":{"OBJECTID":107976,"PRIMENAME":"Lake Avenue","ELEVTYP_F":0,"ELEVTYP_T":0},"geometry":{"type":"LineString","coordinates":[[-74.0476631475166,40.1096973468844],[-74.0477393238735,40.1097429426711],[-74.0488213645711,40.1103906062434],[-74.0488769219645,40.1104238761025]]}},{"type":"Feature","id":108134,"properties":{"OBJECTID":108134,"PRIMENAME":"Laurel Road","ELEVTYP_F":0,"ELEVTYP_T":0},"geometry":{"type":"LineString","coordinates":[[-74.0639907201276,40.1183034322001],[-74.0641907858344,40.1183230239725]]}},{"type":"Feature","id":108548,"properties":{"OBJECTID":108548,"PRIMENAME":"Richard Avenue","ELEVTYP_F":0,"ELEVTYP_T":0},"geometry":{"type":"LineString","coordinates":[[-74.046546263284,40.0996650382854],[-74.0471833185028,40.0996636593226],[-74.0473661583792,40.0996498512353],[-74.0475869506602,40.0996217233211],[-74.0476390323674,40.0996116867896]]}},{"type":"Feature","id":109028,"properties":{"OBJECTID":109028,"PRIMENAME":"Riverview Drive","ELEVTYP_F":0,"ELEVTYP_T":0},"geometry":{"type":"LineString","coordinates":[[-74.0593716938928,40.1058821170518],[-74.0592406579358,40.1060267897456],[-74.0591687552861,40.1061106602776]]}},{"type":"Feature","id":109054,"properties":{"OBJECTID":109054,"PRIMENAME":"Lenape Trail","ELEVTYP_F":0,"ELEVTYP_T":0},"geometry":{"type":"LineString","coordinates":[[-74.0615373787765,40.1206482256539],[-74.0614824905583,40.1207926996655]]}},{"type":"Feature","id":109617,"properties":{"OBJECTID":109617,"PRIMENAME":"Rankin Road","ELEVTYP_F":0,"ELEVTYP_T":0},"geometry":{"type":"LineString","coordinates":[[-74.0613677939849,40.10618522576],[-74.0608695357267,40.1057424414782],[-74.0606970185544,40.1055888259571],[-74.0602030058519,40.105148930779],[-74.060105924465,40.1050624967619]]}},{"type":"Feature","id":109742,"properties":{"OBJECTID":109742,"PRIMENAME":"Sycamore Lane","ELEVTYP_F":0,"ELEVTYP_T":0},"geometry":{"type":"LineString","coordinates":[[-74.0669010906675,40.0982943072376],[-74.0672131312907,40.0984539383154],[-74.0681867002247,40.0989519796717],[-74.0682255403436,40.0989718351665]]}},{"type":"Feature","id":109794,"properties":{"OBJECTID":109794,"PRIMENAME":"Donnelly Place","ELEVTYP_F":0,"ELEVTYP_T":0},"geometry":{"type":"LineString","coordinates":[[-74.0458801316397,40.109610152671],[-74.0458224140021,40.10956866403],[-74.0454826603653,40.1093242346097]]}},{"type":"Feature","id":109817,"properties":{"OBJECTID":109817,"PRIMENAME":"Unnamed Segment","ELEVTYP_F":0,"ELEVTYP_T":0},"geometry":{"type":"LineString","coordinates":[[-74.0740404346491,40.1103201358401],[-74.0739752993992,40.1103193063247]]}},{"type":"Feature","id":110074,"properties":{"OBJECTID":110074,"PRIMENAME":"FR RT 35 NB to RT 34 NB","ELEVTYP_F":0,"ELEVTYP_T":0},"geometry":{"type":"LineString","coordinates":[[-74.0728326225796,40.1162758051933],[-74.0729665180588,40.1163413628322]]}},{"type":"Feature","id":110150,"properties":{"OBJECTID":110150,"PRIMENAME":"Arnold Avenue","ELEVTYP_F":0,"ELEVTYP_T":0},"geometry":{"type":"LineString","coordinates":[[-74.0473423882408,40.0919287667338],[-74.0468168716203,40.0919712132855],[-74.0460678724674,40.0920304894745]]}},{"type":"Feature","id":110695,"properties":{"OBJECTID":110695,"PRIMENAME":"Leslie Avenue","ELEVTYP_F":0,"ELEVTYP_T":0},"geometry":{"type":"LineString","coordinates":[[-74.0511896295048,40.1080472742604],[-74.0511641319282,40.108102411082],[-74.0511200665194,40.1081975574789],[-74.0510699361492,40.1082688508341],[-74.0509387679443,40.1083922653858],[-74.0505077266762,40.1088100205884]]}},{"type":"Feature","id":111006,"properties":{"OBJECTID":111006,"PRIMENAME":"Sparrowbush Lane","ELEVTYP_F":0,"ELEVTYP_T":0},"geometry":{"type":"LineString","coordinates":[[-74.0807455239796,40.1169663097935],[-74.080502436861,40.1173441372507],[-74.080464435661,40.1175621362534],[-74.0804084362694,40.1178981366691],[-74.0803792292899,40.1180328115477],[-74.0803325696571,40.1181417715948],[-74.0802440858794,40.1182537900967],[-74.0801768000611,40.1183177400179],[-74.0800592278732,40.1184007642775],[-74.0798914360757,40.1184641370027],[-74.0796644372427,40.1185171366657],[-74.0794563838594,40.1185333845721],[-74.0792642700661,40.1185005899317],[-74.0789347111016,40.1183838439611],[-74.0783804354243,40.1181471371727],[-74.0780841764082,40.1180052150894],[-74.0779550125216,40.1179341323804],[-74.0778094444427,40.1178116334253],[-74.0776807787955,40.1176603081662],[-74.0775979805885,40.1175284103578],[-74.0772356345411,40.116712992714],[-74.0771857051039,40.1165928874792],[-74.0771786544544,40.1164845405257],[-74.0772249396606,40.1163330453761],[-74.077368408753,40.116013174519]]}},{"type":"Feature","id":112360,"properties":{"OBJECTID":112360,"PRIMENAME":"Wyckoff Avenue","ELEVTYP_F":0,"ELEVTYP_T":0},"geometry":{"type":"LineString","coordinates":[[-74.0458432071622,40.1213855339039],[-74.0458772414507,40.1213548656882],[-74.0465518403179,40.1207331458485],[-74.0466070593411,40.120640762454]]}},{"type":"Feature","id":112402,"properties":{"OBJECTID":112402,"PRIMENAME":"Old Bridge Road","ELEVTYP_F":0,"ELEVTYP_T":0},"geometry":{"type":"LineString","coordinates":[[-74.0706615159601,40.1135874076266],[-74.070551978204,40.1136300120857]]}},{"type":"Feature","id":112639,"properties":{"OBJECTID":112639,"PRIMENAME":"Iroquois Road","ELEVTYP_F":0,"ELEVTYP_T":0},"geometry":{"type":"LineString","coordinates":[[-74.0583730214752,40.1202945270983],[-74.0582757816478,40.1203864550448],[-74.0579217965317,40.1207210992867]]}},{"type":"Feature","id":112726,"properties":{"OBJECTID":112726,"PRIMENAME":"Algonkin Trail","ELEVTYP_F":0,"ELEVTYP_T":0},"geometry":{"type":"LineString","coordinates":[[-74.0653669435232,40.1162785618445],[-74.0653926016838,40.1160977460216],[-74.0654257237169,40.1158643301144],[-74.0654421206772,40.1157487775707],[-74.0654522293549,40.1156774918443]]}},{"type":"Feature","id":113139,"properties":{"OBJECTID":113139,"PRIMENAME":"Borrie Avenue","ELEVTYP_F":0,"ELEVTYP_T":0},"geometry":{"type":"LineString","coordinates":[[-74.0608434485697,40.1163977704374],[-74.0607632258778,40.1163560670269],[-74.0606281915513,40.1162859082794],[-74.0593401593844,40.115616677641],[-74.0583693435829,40.1151256619889]]}},{"type":"Feature","id":113237,"properties":{"OBJECTID":113237,"PRIMENAME":"Arnold Avenue","ELEVTYP_F":0,"ELEVTYP_T":0},"geometry":{"type":"LineString","coordinates":[[-74.0579425546661,40.0910736312357],[-74.0579076185281,40.0910984290418],[-74.0578403960807,40.0911296065925],[-74.0577620580943,40.0911550583056],[-74.0576986638347,40.0911691192402],[-74.057579419558,40.0911857950124],[-74.057434156702,40.0911909775128],[-74.0572642338645,40.0911968933162]]}},{"type":"Feature","id":113514,"properties":{"OBJECTID":113514,"PRIMENAME":"Riverview Drive","ELEVTYP_F":0,"ELEVTYP_T":0},"geometry":{"type":"LineString","coordinates":[[-74.0596278586882,40.1055992535241],[-74.0593716938928,40.1058821170518]]}},{"type":"Feature","id":113800,"properties":{"OBJECTID":113800,"PRIMENAME":"Rathjen Road","ELEVTYP_F":0,"ELEVTYP_T":0},"geometry":{"type":"LineString","coordinates":[[-74.068489963004,40.1091646088567],[-74.0685903221922,40.1088027671197],[-74.0687167078604,40.1084409951659],[-74.0687797973892,40.1082791745256],[-74.0688057894133,40.1080981634723],[-74.0688149503743,40.1080344792403]]}},{"type":"Feature","id":115288,"properties":{"OBJECTID":115288,"PRIMENAME":"Warren Avenue","ELEVTYP_F":0,"ELEVTYP_T":0},"geometry":{"type":"LineString","coordinates":[[-74.0483995982627,40.1187594403176],[-74.0487358722931,40.1181107739607],[-74.0487952877331,40.1180048441801]]}},{"type":"Feature","id":115302,"properties":{"OBJECTID":115302,"PRIMENAME":"Magnolia Avenue","ELEVTYP_F":0,"ELEVTYP_T":0},"geometry":{"type":"LineString","coordinates":[[-74.0512912048464,40.114677546865],[-74.0518701114744,40.1149731781631],[-74.0533240574723,40.1157223049371],[-74.0538066461046,40.1159672336202],[-74.0539359456545,40.1160328774916]]}},{"type":"Feature","id":116127,"properties":{"OBJECTID":116127,"PRIMENAME":"Unnamed Segment","ELEVTYP_F":0,"ELEVTYP_T":0},"geometry":{"type":"LineString","coordinates":[[-74.0494842324375,40.1080272601929],[-74.0494055737441,40.1078865287653],[-74.0492717825839,40.1076509789253],[-74.0491978289589,40.107498801694],[-74.0491900790399,40.1074108346006],[-74.0492218404349,40.1073310166988],[-74.0493220044027,40.1072978315131],[-74.0498657873557,40.1072487824921]]}},{"type":"Feature","id":116133,"properties":{"OBJECTID":116133,"PRIMENAME":"South Jackson Avenue","ELEVTYP_F":0,"ELEVTYP_T":0},"geometry":{"type":"LineString","coordinates":[[-74.0427228914711,40.1159643592483],[-74.0427517092543,40.1159381540443],[-74.0432531115039,40.1154822077949],[-74.0432954500098,40.1154444891471]]}},{"type":"Feature","id":116404,"properties":{"OBJECTID":116404,"PRIMENAME":"Cooper Boulevard","ELEVTYP_F":0,"ELEVTYP_T":0},"geometry":{"type":"LineString","coordinates":[[-74.0808523419757,40.1167824048878],[-74.0808259083094,40.1167728655099],[-74.0807991097866,40.1167639012456],[-74.0807719851202,40.1167555122349],[-74.0807446068776,40.1167477257606],[-74.0807169388517,40.1167405155717],[-74.0806890160754,40.1167339079147],[-74.0806608397154,40.1167279036943],[-74.0806324813378,40.1167225022688],[-74.0806039409361,40.1167177045388],[-74.0805571853211,40.1167092173691],[-74.0805102483635,40.1167014149471],[-74.0804630913377,40.1166942989337],[-74.080415786827,40.1166878939101],[-74.0803682997689,40.1166821781327],[-74.08032070159,40.1166771734765],[-74.080260686202,40.1166676771046],[-74.0802005605316,40.1166587567421],[-74.0801402528391,40.1166504409507],[-74.0800798338765,40.1166426705412],[-74.0800482106793,40.1166389873569],[-74.080016699303,40.1166346722865],[-74.0799853701252,40.1166297273868],[-74.0799541877922,40.1166241786498],[-74.0799232238655,40.116618026335],[-74.0798924773337,40.1166112443189],[-74.0798619855822,40.1166038579568],[-74.0798317122283,40.1165958698188],[-74.079801235719,40.1165860093065],[-74.0797710491319,40.1165755535829],[-74.0797412237567,40.1165645470404],[-74.0797117585762,40.1165529644564],[-74.0796826557596,40.1165408346611],[-74.0796539846994,40.1165281290845],[-74.0796257098529,40.1165149043414],[-74.0796020406507,40.1165028491894],[-74.079578804038,40.1164902732039],[-74.0795560350315,40.1164772053342],[-74.0795337701702,40.1164636177921],[-74.0795120089495,40.1164495925385],[-74.0794907869016,40.1164350747607],[-74.0794701036828,40.1164201203006],[-74.079449959465,40.1164047012376],[-74.0794281795025,40.1163878207196],[-74.0794069749096,40.1163704757307],[-74.0793864169084,40.1163527214718],[-74.0793664327761,40.1163345558776],[-74.0793470950465,40.1163160116366],[-74.0793284391184,40.1162970555524],[-74.0793103930704,40.1162777459087],[-74.079293065007,40.1162580542765],[-74.0792763818557,40.1162380353326],[-74.0790553540859,40.1159786519373],[-74.079001938383,40.1159136118606],[-74.0788987846774,40.115882496378]]}},{"type":"Feature","id":117016,"properties":{"OBJECTID":117016,"PRIMENAME":"Morningstar Road","ELEVTYP_F":0,"ELEVTYP_T":0},"geometry":{"type":"LineString","coordinates":[[-74.079659647174,40.1148453565187],[-74.0796527505029,40.1144802645865],[-74.0796207649851,40.1137491004255]]}},{"type":"Feature","id":117142,"properties":{"OBJECTID":117142,"PRIMENAME":"Maple Lane","ELEVTYP_F":0,"ELEVTYP_T":0},"geometry":{"type":"LineString","coordinates":[[-74.0707294316456,40.1087901359568],[-74.0709554344861,40.1088391358878],[-74.071061431927,40.1088791344729],[-74.0711644318365,40.1089431351275]]}},{"type":"Feature","id":117329,"properties":{"OBJECTID":117329,"PRIMENAME":"FR RT 34 SB to LAKEWOOD RD","ELEVTYP_F":0,"ELEVTYP_T":0},"geometry":{"type":"LineString","coordinates":[[-74.0789442480283,40.1212497196787],[-74.0787446521657,40.12091656557],[-74.0786490021111,40.1208109354061],[-74.0785981702381,40.1207441491532],[-74.0785591920695,40.1206805088793],[-74.0785240939505,40.1206138077661],[-74.0785047473473,40.1205501839718],[-74.078493395733,40.1204775292589],[-74.0784899478667,40.1203988362809],[-74.078502232588,40.1203262675883],[-74.0785185059204,40.1202446272763],[-74.0785425730461,40.1201751214599],[-74.0785744295146,40.1201237901268],[-74.0786458405088,40.1200544565493],[-74.0787013351044,40.1199971720678],[-74.0787449548279,40.1199519784265],[-74.0787687966577,40.1199187370119],[-74.0787887056114,40.1198855362308],[-74.078800840509,40.1198371810316],[-74.078809135217,40.1197736569008],[-74.0788167922584,40.1197149833529],[-74.0788263629405,40.1196416436659]]}},{"type":"Feature","id":117803,"properties":{"OBJECTID":117803,"PRIMENAME":"Morgan Parkway","ELEVTYP_F":0,"ELEVTYP_T":0},"geometry":{"type":"LineString","coordinates":[[-74.0599537387258,40.1135647922235],[-74.0600177318467,40.1135459749826],[-74.0600862089169,40.1135176292471],[-74.0601610252251,40.113465450124],[-74.0602025667806,40.1134248778665]]}},{"type":"Feature","id":117838,"properties":{"OBJECTID":117838,"PRIMENAME":"Richard Avenue","ELEVTYP_F":0,"ELEVTYP_T":0},"geometry":{"type":"LineString","coordinates":[[-74.0476390323674,40.0996116867896],[-74.0478583446873,40.0995694964129],[-74.0484767648894,40.0994557548974],[-74.0485020637907,40.0994413307907]]}},{"type":"Feature","id":118616,"properties":{"OBJECTID":118616,"PRIMENAME":"Union Avenue","ELEVTYP_F":0,"ELEVTYP_T":0},"geometry":{"type":"LineString","coordinates":[[-74.0533635033064,40.1166936294744],[-74.0531848703035,40.1168999679297],[-74.0526368157614,40.1175318243696],[-74.0524702008739,40.1177253012612]]}},{"type":"Feature","id":118982,"properties":{"OBJECTID":118982,"PRIMENAME":"Birch Drive","ELEVTYP_F":0,"ELEVTYP_T":0},"geometry":{"type":"LineString","coordinates":[[-74.0729524068737,40.0969171435403],[-74.0729599566111,40.096927411327],[-74.0730211134796,40.0970658360591],[-74.0731258932563,40.0971853692169],[-74.0731571922665,40.0972109056522]]}},{"type":"Feature","id":119180,"properties":{"OBJECTID":119180,"PRIMENAME":"Bradley Avenue","ELEVTYP_F":0,"ELEVTYP_T":0},"geometry":{"type":"LineString","coordinates":[[-74.0568235739577,40.1126899460401],[-74.0569562545069,40.1127574116924],[-74.059326019697,40.1139627451132],[-74.0593610884237,40.1139805851588]]}},{"type":"Feature","id":119311,"properties":{"OBJECTID":119311,"PRIMENAME":"Forrest Road","ELEVTYP_F":0,"ELEVTYP_T":0},"geometry":{"type":"LineString","coordinates":[[-74.077559244605,40.0958384926256],[-74.077427792273,40.0959673172439]]}},{"type":"Feature","id":119755,"properties":{"OBJECTID":119755,"PRIMENAME":"Pearce Drive","ELEVTYP_F":0,"ELEVTYP_T":0},"geometry":{"type":"LineString","coordinates":[[-74.0596278586882,40.1055992535241],[-74.0597032049094,40.1056522500939],[-74.0599688890962,40.105839144864],[-74.0602140681033,40.1060256071947]]}},{"type":"Feature","id":120365,"properties":{"OBJECTID":120365,"PRIMENAME":"Chestnut Lane","ELEVTYP_F":0,"ELEVTYP_T":0},"geometry":{"type":"LineString","coordinates":[[-74.0695084328879,40.1106441356603],[-74.0693034313083,40.1108091362402],[-74.0692274316483,40.1108801358926],[-74.0691714330499,40.1109471360802],[-74.0691234328128,40.1110471365966],[-74.0691194319923,40.1110961362777],[-74.0691694314718,40.111386136788]]}},{"type":"Feature","id":120894,"properties":{"OBJECTID":120894,"PRIMENAME":"FR RT 34 NB to LAKEWOOD RD","ELEVTYP_F":0,"ELEVTYP_T":0},"geometry":{"type":"LineString","coordinates":[[-74.0765902257502,40.1188279362229],[-74.0769244709066,40.1193058518796],[-74.0769707786004,40.1193750929401],[-74.0769921402369,40.1194248880021],[-74.077002664432,40.1194636082578],[-74.0770059665633,40.1195077918248],[-74.07699848743,40.1195547371527],[-74.0769873802339,40.1196044136226],[-74.0769652853925,40.1196844679685],[-74.0769541803188,40.1197396629527],[-74.0769466297319,40.1197865800929],[-74.0769499690367,40.1198363093262],[-74.076964035768,40.1198861056641],[-74.0769996860135,40.1199442446374],[-74.07707450802,40.1200632789022],[-74.0771753804944,40.1201911944286]]}},{"type":"Feature","id":120980,"properties":{"OBJECTID":120980,"PRIMENAME":"Euclid Avenue","ELEVTYP_F":0,"ELEVTYP_T":0},"geometry":{"type":"LineString","coordinates":[[-74.0421466151584,40.1164883558221],[-74.0427454095393,40.1168787112752],[-74.0433528626684,40.1172747054343],[-74.0436789948877,40.1174859238604]]}},{"type":"Feature","id":120984,"properties":{"OBJECTID":120984,"PRIMENAME":"Fisk Avenue","ELEVTYP_F":0,"ELEVTYP_T":0},"geometry":{"type":"LineString","coordinates":[[-74.0507868520012,40.1132563801259],[-74.0506588528848,40.1131954600715],[-74.0505574924475,40.113151138445],[-74.0504608344375,40.1131088732377],[-74.0503846289391,40.1130885920738]]}},{"type":"Feature","id":121834,"properties":{"OBJECTID":121834,"PRIMENAME":"Chicago Avenue","ELEVTYP_F":0,"ELEVTYP_T":0},"geometry":{"type":"LineString","coordinates":[[-74.0443354159677,40.0944008245409],[-74.0443361284658,40.0944387130887],[-74.044336913631,40.0944817079366]]}},{"type":"Feature","id":122970,"properties":{"OBJECTID":122970,"PRIMENAME":"FR RT 70 EB to CO 48","ELEVTYP_F":0,"ELEVTYP_T":0},"geometry":{"type":"LineString","coordinates":[[-74.0798979504625,40.100785675072],[-74.0797288662235,40.100922598],[-74.0796440819333,40.1009704295324],[-74.079504778324,40.1010201526953],[-74.0792657931906,40.1011030031172],[-74.0791455732583,40.1011517503627],[-74.0790349682749,40.101187974104],[-74.0789803844012,40.1012003340374],[-74.0789354209263,40.1011991239925],[-74.0788763977475,40.1011814081049]]}},{"type":"Feature","id":123712,"properties":{"OBJECTID":123712,"PRIMENAME":"Toboggan Run","ELEVTYP_F":0,"ELEVTYP_T":0},"geometry":{"type":"LineString","coordinates":[[-74.0828921409957,40.1108677920254],[-74.082438549857,40.1109903346957],[-74.0823109155197,40.1110248157998]]}},{"type":"Feature","id":124312,"properties":{"OBJECTID":124312,"PRIMENAME":"William Drive","ELEVTYP_F":0,"ELEVTYP_T":0},"geometry":{"type":"LineString","coordinates":[[-74.0688149503743,40.1080344792403],[-74.0686450046501,40.108002247583],[-74.067894766716,40.1078707516749],[-74.0670392023502,40.1077055281464],[-74.0660100745386,40.1075157924497],[-74.0659355674959,40.107515513252],[-74.0658671897887,40.1075295599207],[-74.0657986909185,40.1075626583675],[-74.0656988555956,40.1076432983308],[-74.0653242205492,40.107999331361],[-74.0652366944406,40.1080895986401],[-74.0651990765174,40.1081466421637],[-74.0652173393762,40.1082038945528],[-74.065254229044,40.1082612456774],[-74.0652476739042,40.1083136285512]]}},{"type":"Feature","id":124722,"properties":{"OBJECTID":124722,"PRIMENAME":"South McClellan Avenue","ELEVTYP_F":0,"ELEVTYP_T":0},"geometry":{"type":"LineString","coordinates":[[-74.0436789948877,40.1174859238604],[-74.0441864046008,40.1170253660367],[-74.0442488882871,40.1169696630546]]}},{"type":"Feature","id":125169,"properties":{"OBJECTID":125169,"PRIMENAME":"Riverwood Pike","ELEVTYP_F":0,"ELEVTYP_T":0},"geometry":{"type":"LineString","coordinates":[[-74.0563276149372,40.0901614659728],[-74.0563212552211,40.0901058635485],[-74.0563035998745,40.0896706637685]]}},{"type":"Feature","id":125241,"properties":{"OBJECTID":125241,"PRIMENAME":"Unnamed Segment","ELEVTYP_F":0,"ELEVTYP_T":0},"geometry":{"type":"LineString","coordinates":[[-74.0792800537074,40.1216276965252],[-74.0798467024991,40.1213582883136],[-74.0798826978336,40.1213056044023],[-74.0798785469278,40.1212541384961],[-74.0792931689936,40.1205420000947],[-74.0792400414042,40.1204629177051],[-74.0792585034759,40.120366943599],[-74.0794424653418,40.120240700422],[-74.0796396400916,40.1201453768628],[-74.0798681700497,40.1200364456428],[-74.0798777395299,40.1199335795363],[-74.0798014287557,40.119831110715],[-74.0795909955394,40.1193905792475]]}},{"type":"Feature","id":126187,"properties":{"OBJECTID":126187,"PRIMENAME":"Scott Road","ELEVTYP_F":0,"ELEVTYP_T":0},"geometry":{"type":"LineString","coordinates":[[-74.0629080915375,40.107573693558],[-74.0629685446717,40.1075186590096],[-74.0638071321386,40.1067552996133],[-74.0638862972645,40.1066832354616]]}},{"type":"Feature","id":126862,"properties":{"OBJECTID":126862,"PRIMENAME":"Brielle Avenue","ELEVTYP_F":0,"ELEVTYP_T":0},"geometry":{"type":"LineString","coordinates":[[-74.0545480795042,40.108940850584],[-74.054466607417,40.1090159788849],[-74.0542702743543,40.1091970445708],[-74.0529740635545,40.1103924332937],[-74.0528465884044,40.1105085335123]]}},{"type":"Feature","id":127415,"properties":{"OBJECTID":127415,"PRIMENAME":"Morningstar Road","ELEVTYP_F":0,"ELEVTYP_T":0},"geometry":{"type":"LineString","coordinates":[[-74.0799904350427,40.1130761367734],[-74.0801434360727,40.1130131362355],[-74.0805452701798,40.1127823650094],[-74.0808514362876,40.1126051361929],[-74.0810554354593,40.1124201360943],[-74.081174435596,40.1122181358335]]}},{"type":"Feature","id":127802,"properties":{"OBJECTID":127802,"PRIMENAME":"Gowdy Avenue","ELEVTYP_F":0,"ELEVTYP_T":0},"geometry":{"type":"LineString","coordinates":[[-74.0536849333199,40.0893222437025],[-74.0536444490084,40.0893038865377],[-74.0536148267969,40.0892751934493],[-74.053600181704,40.0892408206663],[-74.0535116112213,40.0885512683241],[-74.0535036930948,40.0884940528929]]}},{"type":"Feature","id":127984,"properties":{"OBJECTID":127984,"PRIMENAME":"Harvard Avenue","ELEVTYP_F":0,"ELEVTYP_T":0},"geometry":{"type":"LineString","coordinates":[[-74.0444104345924,40.0989214358766],[-74.0424015969627,40.0989404766651]]}},{"type":"Feature","id":128406,"properties":{"OBJECTID":128406,"PRIMENAME":"River Road","ELEVTYP_F":0,"ELEVTYP_T":0},"geometry":{"type":"LineString","coordinates":[[-74.0872814714083,40.0945334117944],[-74.0870432649349,40.0942876657281],[-74.086783198988,40.0940193653324],[-74.0865130196094,40.0937495799307],[-74.086116891257,40.093370684511],[-74.085666407967,40.0929548613032]]}},{"type":"Feature","id":128461,"properties":{"OBJECTID":128461,"PRIMENAME":"Trenton Avenue","ELEVTYP_F":0,"ELEVTYP_T":0},"geometry":{"type":"LineString","coordinates":[[-74.0536849333199,40.0893222437025],[-74.0535462878845,40.0893326627355],[-74.0517766361212,40.0894729224476]]}},{"type":"Feature","id":129076,"properties":{"OBJECTID":129076,"PRIMENAME":"Trenton Avenue","ELEVTYP_F":0,"ELEVTYP_T":0},"geometry":{"type":"LineString","coordinates":[[-74.0547571355259,40.0890778555706],[-74.0546929403266,40.0891241502416],[-74.0546475919381,40.0891665560956],[-74.054606475032,40.0892067264727],[-74.0545829603467,40.0892335397129],[-74.0545478151342,40.0892513319318],[-74.0545098341388,40.0892601630623],[-74.0536849333199,40.0893222437025]]}},{"type":"Feature","id":129802,"properties":{"OBJECTID":129802,"PRIMENAME":"Center Street","ELEVTYP_F":0,"ELEVTYP_T":0},"geometry":{"type":"LineString","coordinates":[[-74.0545617330288,40.1115614601346],[-74.0546675770277,40.1114504079003]]}},{"type":"Feature","id":130075,"properties":{"OBJECTID":130075,"PRIMENAME":"Harvest Lane","ELEVTYP_F":0,"ELEVTYP_T":0},"geometry":{"type":"LineString","coordinates":[[-74.0807949339526,40.1143987461364],[-74.0807757049792,40.1140606554633],[-74.0807810486115,40.1138713024016],[-74.0808383067096,40.1137824657933],[-74.0808769122382,40.1137295657715],[-74.081468437978,40.1133691363469],[-74.0817334366663,40.1132371367301],[-74.0819861738867,40.1131404640843],[-74.0823117003874,40.1130904595767]]}},{"type":"Feature","id":130338,"properties":{"OBJECTID":130338,"PRIMENAME":"Union Avenue","ELEVTYP_F":0,"ELEVTYP_T":0},"geometry":{"type":"LineString","coordinates":[[-74.0524702008739,40.1177253012612],[-74.0518744656054,40.118417174348],[-74.0518375679368,40.1184598583398]]}},{"type":"Feature","id":130906,"properties":{"OBJECTID":130906,"PRIMENAME":"Chicago Avenue","ELEVTYP_F":0,"ELEVTYP_T":0},"geometry":{"type":"LineString","coordinates":[[-74.0442279034653,40.0931611962943],[-74.044272968627,40.093494929084],[-74.0443117576856,40.0938210866585],[-74.0443327250495,40.0940270679108],[-74.0443343447853,40.0943416314496],[-74.0443354159677,40.0944008245409]]}},{"type":"Feature","id":131001,"properties":{"OBJECTID":131001,"PRIMENAME":"Birch Drive","ELEVTYP_F":0,"ELEVTYP_T":0},"geometry":{"type":"LineString","coordinates":[[-74.0723483363226,40.0962733906945],[-74.0724421174378,40.0963678194527],[-74.072793658477,40.0967218333288],[-74.0728728008845,40.0968118988379],[-74.0728860869942,40.0968270181865],[-74.0729524068737,40.0969171435403]]}},{"type":"Feature","id":131272,"properties":{"OBJECTID":131272,"PRIMENAME":"Rankin Road","ELEVTYP_F":0,"ELEVTYP_T":0},"geometry":{"type":"LineString","coordinates":[[-74.0687417476834,40.1103809205675],[-74.0685617519066,40.110370696624],[-74.0684067006487,40.1103510666933],[-74.0682827154096,40.1103267751021],[-74.0681683980501,40.110294393412]]}},{"type":"Feature","id":131380,"properties":{"OBJECTID":131380,"PRIMENAME":"Trenton Avenue","ELEVTYP_F":0,"ELEVTYP_T":0},"geometry":{"type":"LineString","coordinates":[[-74.0476886807477,40.0897903304011],[-74.0476376638722,40.0897944112681],[-74.0457985875872,40.0899414599509]]}},{"type":"Feature","id":131575,"properties":{"OBJECTID":131575,"PRIMENAME":"Broadway","ELEVTYP_F":0,"ELEVTYP_T":0},"geometry":{"type":"LineString","coordinates":[[-74.0491797136708,40.1002653389635],[-74.0494609286281,40.1002256931395],[-74.049569818856,40.1002150804835],[-74.0497193823811,40.1002004799721],[-74.0497647671678,40.100197554418],[-74.049771495269,40.1001971212185],[-74.0498381920115,40.1001928157527],[-74.04994044171,40.1001862399515]]}},{"type":"Feature","id":132030,"properties":{"OBJECTID":132030,"PRIMENAME":"Chicago Avenue","ELEVTYP_F":0,"ELEVTYP_T":0},"geometry":{"type":"LineString","coordinates":[[-74.0444104345924,40.0989214358766],[-74.0444206231031,40.0996825578938]]}},{"type":"Feature","id":132169,"properties":{"OBJECTID":132169,"PRIMENAME":"Brielle Avenue","ELEVTYP_F":0,"ELEVTYP_T":0},"geometry":{"type":"LineString","coordinates":[[-74.0510687770686,40.1122248553686],[-74.0510668347053,40.1125202698593],[-74.0510369077543,40.1132922702649],[-74.0510337609965,40.1133738756863]]}},{"type":"Feature","id":132507,"properties":{"OBJECTID":132507,"PRIMENAME":"FR NJ 71 SB to NJ 35 SB","ELEVTYP_F":0,"ELEVTYP_T":0},"geometry":{"type":"LineString","coordinates":[[-74.0588021708162,40.1091401353404],[-74.0587574331989,40.1090886986256],[-74.0587238794421,40.109050121301],[-74.0586564245159,40.1089873528973],[-74.0585843843331,40.1089314860687],[-74.0584943430242,40.1088616592586],[-74.0583726114748,40.1087882249845],[-74.0582070620031,40.1087068270932]]}},{"type":"Feature","id":132531,"properties":{"OBJECTID":132531,"PRIMENAME":"Fletcher Avenue","ELEVTYP_F":0,"ELEVTYP_T":0},"geometry":{"type":"LineString","coordinates":[[-74.0420774555291,40.1189357916928],[-74.042728774021,40.1193622065936],[-74.0430766170986,40.1195899336886],[-74.0431647023603,40.119647273917]]}},{"type":"Feature","id":132598,"properties":{"OBJECTID":132598,"PRIMENAME":"East Virginia Avenue","ELEVTYP_F":0,"ELEVTYP_T":0},"geometry":{"type":"LineString","coordinates":[[-74.0438962833059,40.1149083665201],[-74.0448296325496,40.1155217694096],[-74.0449695949602,40.1156116513405]]}},{"type":"Feature","id":132969,"properties":{"OBJECTID":132969,"PRIMENAME":"South Street","ELEVTYP_F":0,"ELEVTYP_T":0},"geometry":{"type":"LineString","coordinates":[[-74.0571960078742,40.1191082876621],[-74.0566026825736,40.1196641958675],[-74.0562356320011,40.1200242356757]]}},{"type":"Feature","id":133501,"properties":{"OBJECTID":133501,"PRIMENAME":"Unnamed Segment","ELEVTYP_F":0,"ELEVTYP_T":0},"geometry":{"type":"LineString","coordinates":[[-74.0733761749436,40.1104786053373],[-74.0733254358007,40.1104921359209],[-74.0732364338794,40.1104991351191],[-74.0731884334605,40.1104941350585],[-74.0729044350351,40.11042413595]]}},{"type":"Feature","id":133766,"properties":{"OBJECTID":133766,"PRIMENAME":"Woodland Road","ELEVTYP_F":0,"ELEVTYP_T":0},"geometry":{"type":"LineString","coordinates":[[-74.0538185278618,40.094502914808],[-74.0539818269731,40.0938278400963]]}},{"type":"Feature","id":133796,"properties":{"OBJECTID":133796,"PRIMENAME":"Unnamed Segment","ELEVTYP_F":0,"ELEVTYP_T":0},"geometry":{"type":"LineString","coordinates":[[-74.0583365343836,40.0903239241409],[-74.0584221444653,40.0903436325034],[-74.059124788163,40.0905053809176],[-74.0591424357094,40.0900048743864],[-74.058892049667,40.0899263968652],[-74.0585793956077,40.089913044718],[-74.0584877665444,40.0899091314741]]}},{"type":"Feature","id":134844,"properties":{"OBJECTID":134844,"PRIMENAME":"Unnamed Segment","ELEVTYP_F":0,"ELEVTYP_T":0},"geometry":{"type":"LineString","coordinates":[[-74.0728162425321,40.1103775135113],[-74.0727028705308,40.1105076906589],[-74.0726512183348,40.1106474058522]]}},{"type":"Feature","id":135115,"properties":{"OBJECTID":135115,"PRIMENAME":"Meadow Point Lane","ELEVTYP_F":0,"ELEVTYP_T":0},"geometry":{"type":"LineString","coordinates":[[-74.0817079931939,40.0916821559784],[-74.0821894890031,40.0916215198897],[-74.082278014641,40.0916003981933],[-74.0823479833809,40.0915684750787],[-74.0825067819854,40.0914832566356]]}},{"type":"Feature","id":135860,"properties":{"OBJECTID":135860,"PRIMENAME":"Unnamed Segment","ELEVTYP_F":0,"ELEVTYP_T":0},"geometry":{"type":"LineString","coordinates":[[-74.0726674326677,40.1101131348498],[-74.0723472455547,40.1100457794737]]}},{"type":"Feature","id":136204,"properties":{"OBJECTID":136204,"PRIMENAME":"Cramer Avenue","ELEVTYP_F":0,"ELEVTYP_T":0},"geometry":{"type":"LineString","coordinates":[[-74.0536767509097,40.0914396438385],[-74.0536751932084,40.0914373599886],[-74.0536494722437,40.0913857854794],[-74.053642338449,40.0913342834893],[-74.0537076194916,40.0904623218205],[-74.0537139122077,40.0903526166409]]}},{"type":"Feature","id":136588,"properties":{"OBJECTID":136588,"PRIMENAME":"FR EVERGREEN AVE to RT 35 NB","ELEVTYP_F":0,"ELEVTYP_T":0},"geometry":{"type":"LineString","coordinates":[[-74.0556957086718,40.1077807556295],[-74.0558342851354,40.1078140658899]]}},{"type":"Feature","id":138041,"properties":{"OBJECTID":138041,"PRIMENAME":"Poplar Court","ELEVTYP_F":0,"ELEVTYP_T":0},"geometry":{"type":"LineString","coordinates":[[-74.0704704331386,40.110055135206],[-74.0709334329171,40.1101441361451],[-74.0710854332673,40.1101841357813]]}},{"type":"Feature","id":138363,"properties":{"OBJECTID":138363,"PRIMENAME":"Old Bridge Road","ELEVTYP_F":0,"ELEVTYP_T":0},"geometry":{"type":"LineString","coordinates":[[-74.0603138700445,40.1176813311552],[-74.0599263838283,40.1178380705872],[-74.0590344810611,40.1181795152757],[-74.0589984092244,40.1181933241694],[-74.0589270797499,40.1182214782304]]}},{"type":"Feature","id":138858,"properties":{"OBJECTID":138858,"PRIMENAME":"Sterling Drive","ELEVTYP_F":0,"ELEVTYP_T":0},"geometry":{"type":"LineString","coordinates":[[-74.0850106274792,40.1059998488589],[-74.0846686896594,40.1061003363071],[-74.0839644856836,40.1063219086754]]}},{"type":"Feature","id":139378,"properties":{"OBJECTID":139378,"PRIMENAME":"Howell Drive","ELEVTYP_F":0,"ELEVTYP_T":0},"geometry":{"type":"LineString","coordinates":[[-74.0626602991326,40.1116358632918],[-74.0627339247896,40.1115568572931],[-74.062808797745,40.1114951779909],[-74.0628896788214,40.1114668774032],[-74.0629829047231,40.111448176939],[-74.0630697622796,40.1114580312144],[-74.0631999086982,40.1114918493753],[-74.0634849242402,40.1115739930518],[-74.0636027562542,40.1115934893402],[-74.063745522201,40.1115940271686],[-74.0638759333918,40.1115754660415],[-74.0640066035882,40.1115330492122],[-74.0641311734538,40.1114715561179],[-74.0641873867515,40.1114145829496],[-74.064268600425,40.1113338751993],[-74.0643355658331,40.111267333864]]}},{"type":"Feature","id":139696,"properties":{"OBJECTID":139696,"PRIMENAME":"Union Avenue","ELEVTYP_F":0,"ELEVTYP_T":0},"geometry":{"type":"LineString","coordinates":[[-74.0568235739577,40.1126899460401],[-74.0563783434655,40.1132071584839],[-74.0563364079744,40.1132556719256]]}},{"type":"Feature","id":140120,"properties":{"OBJECTID":140120,"PRIMENAME":"Evergreen Avenue","ELEVTYP_F":0,"ELEVTYP_T":0},"geometry":{"type":"LineString","coordinates":[[-74.0564670717851,40.1091971319926],[-74.0564596546744,40.1092054493689],[-74.0559795518742,40.1097438580775],[-74.0559296329449,40.1097998354262]]}},{"type":"Feature","id":140725,"properties":{"OBJECTID":140725,"PRIMENAME":"Pine Avenue","ELEVTYP_F":0,"ELEVTYP_T":0},"geometry":{"type":"LineString","coordinates":[[-74.0471511493889,40.1179451417039],[-74.0459366880087,40.1171542149544]]}},{"type":"Feature","id":140861,"properties":{"OBJECTID":140861,"PRIMENAME":"Union Lane","ELEVTYP_F":0,"ELEVTYP_T":0},"geometry":{"type":"LineString","coordinates":[[-74.0532907253594,40.1081594163999],[-74.0528267459118,40.107871290798]]}},{"type":"Feature","id":141545,"properties":{"OBJECTID":141545,"PRIMENAME":"Union Avenue","ELEVTYP_F":0,"ELEVTYP_T":0},"geometry":{"type":"LineString","coordinates":[[-74.0574542357697,40.1119612834237],[-74.057225240158,40.1122233803115],[-74.0568248338839,40.1126884953493],[-74.0568235739577,40.1126899460401]]}},{"type":"Feature","id":141843,"properties":{"OBJECTID":141843,"PRIMENAME":"Lincoln Avenue","ELEVTYP_F":0,"ELEVTYP_T":0},"geometry":{"type":"LineString","coordinates":[[-74.0558234908693,40.0931129274316],[-74.056042223889,40.0926003648946]]}},{"type":"Feature","id":142586,"properties":{"OBJECTID":142586,"PRIMENAME":"Arnold Avenue","ELEVTYP_F":0,"ELEVTYP_T":0},"geometry":{"type":"LineString","coordinates":[[-74.0584877665444,40.0899091314741],[-74.0584825870925,40.0899226905577],[-74.0583365343836,40.0903239241409]]}},{"type":"Feature","id":142766,"properties":{"OBJECTID":142766,"PRIMENAME":"Hardenberg Cove","ELEVTYP_F":0,"ELEVTYP_T":0},"geometry":{"type":"LineString","coordinates":[[-74.0810971238134,40.0907071184965],[-74.0818010069178,40.0896019827609]]}},{"type":"Feature","id":142849,"properties":{"OBJECTID":142849,"PRIMENAME":"White Pine Lane","ELEVTYP_F":0,"ELEVTYP_T":0},"geometry":{"type":"LineString","coordinates":[[-74.0790984344245,40.100503133446],[-74.0789604351092,40.1005021338218],[-74.0786824347118,40.1006111332725]]}},{"type":"Feature","id":143216,"properties":{"OBJECTID":143216,"PRIMENAME":"Maple Lane","ELEVTYP_F":0,"ELEVTYP_T":0},"geometry":{"type":"LineString","coordinates":[[-74.0708364325319,40.108476136221],[-74.0707294316456,40.1087901359568]]}},{"type":"Feature","id":143347,"properties":{"OBJECTID":143347,"PRIMENAME":"River Road","ELEVTYP_F":0,"ELEVTYP_T":0},"geometry":{"type":"LineString","coordinates":[[-74.0818010069178,40.0896019827609],[-74.0816608806775,40.0895512650097],[-74.0812744147915,40.0894297613866],[-74.0811983262893,40.0894048604983]]}},{"type":"Feature","id":143628,"properties":{"OBJECTID":143628,"PRIMENAME":"South McClellan Avenue","ELEVTYP_F":0,"ELEVTYP_T":0},"geometry":{"type":"LineString","coordinates":[[-74.0442488882871,40.1169696630546],[-74.0448190353917,40.1164615606067],[-74.0448438247105,40.1164394696021]]}},{"type":"Feature","id":143770,"properties":{"OBJECTID":143770,"PRIMENAME":"Riverview Drive","ELEVTYP_F":0,"ELEVTYP_T":0},"geometry":{"type":"LineString","coordinates":[[-74.0587056887917,40.1066421723472],[-74.0584372096721,40.1069427484115]]}},{"type":"Feature","id":144050,"properties":{"OBJECTID":144050,"PRIMENAME":"FR RIVER AVE to RT 35 SB","ELEVTYP_F":0,"ELEVTYP_T":0},"geometry":{"type":"LineString","coordinates":[[-74.0506963556683,40.095898257312],[-74.0506766668796,40.0959267823564],[-74.0506554336186,40.0959546463343],[-74.0506326934462,40.0959817999528],[-74.0506084865892,40.0960081951757],[-74.0505828555639,40.0960337851172],[-74.0505558460358,40.0960585246935],[-74.0505275057842,40.0960823701394],[-74.0504978849431,40.0961052792713],[-74.0504783293864,40.0961192504443],[-74.05045810889,40.0961326517292],[-74.0504372515943,40.0961454644756],[-74.0504157865262,40.0961576708519]]}},{"type":"Feature","id":145080,"properties":{"OBJECTID":145080,"PRIMENAME":"Trenton Avenue","ELEVTYP_F":0,"ELEVTYP_T":0},"geometry":{"type":"LineString","coordinates":[[-74.0597418181522,40.0893939316475],[-74.0606110389498,40.0894424746382]]}},{"type":"Feature","id":145482,"properties":{"OBJECTID":145482,"PRIMENAME":"Walnut Avenue","ELEVTYP_F":0,"ELEVTYP_T":0},"geometry":{"type":"LineString","coordinates":[[-74.0551034031062,40.0948248577019],[-74.0538185278618,40.094502914808]]}},{"type":"Feature","id":146065,"properties":{"OBJECTID":146065,"PRIMENAME":"Howell Drive","ELEVTYP_F":0,"ELEVTYP_T":0},"geometry":{"type":"LineString","coordinates":[[-74.062422138152,40.1137944741628],[-74.0624779066711,40.1137292642817],[-74.063347315073,40.112712582772],[-74.0633973996125,40.1126412839692],[-74.0634164544951,40.1125746175115],[-74.0633983140177,40.1124982851666],[-74.063355420903,40.1124123320247],[-74.063163750603,40.112292490567],[-74.0627123666407,40.1120143354191],[-74.0626258138792,40.1119567968924],[-74.0625951812992,40.1118994965189],[-74.0625708506965,40.1118183634096],[-74.0625836183651,40.1117564776061],[-74.0626276457033,40.1116708253984],[-74.0626602991326,40.1116358632918]]}},{"type":"Feature","id":146113,"properties":{"OBJECTID":146113,"PRIMENAME":"Timber Lane","ELEVTYP_F":0,"ELEVTYP_T":0},"geometry":{"type":"LineString","coordinates":[[-74.0561748452357,40.0917628944215],[-74.0538598006165,40.0919594875525]]}},{"type":"Feature","id":146529,"properties":{"OBJECTID":146529,"PRIMENAME":"Poplar Court","ELEVTYP_F":0,"ELEVTYP_T":0},"geometry":{"type":"LineString","coordinates":[[-74.0713004323779,40.1102491355498],[-74.0713564336677,40.1100951359143]]}},{"type":"Feature","id":146548,"properties":{"OBJECTID":146548,"PRIMENAME":"Unnamed Segment","ELEVTYP_F":0,"ELEVTYP_T":0},"geometry":{"type":"LineString","coordinates":[[-74.0726674326677,40.1101131348498],[-74.072667432337,40.1100811351814],[-74.0727104341954,40.1100021368049],[-74.0727624335615,40.1099461355596],[-74.0728574344698,40.1098831360101],[-74.0729734334177,40.1098421356636],[-74.0730241017572,40.1098396744354]]}},{"type":"Feature","id":146552,"properties":{"OBJECTID":146552,"PRIMENAME":"Valley Road","ELEVTYP_F":0,"ELEVTYP_T":0},"geometry":{"type":"LineString","coordinates":[[-74.0758367620275,40.1037512907615],[-74.0763653085313,40.1032264557888],[-74.0764527419958,40.1031362075745],[-74.0764904376129,40.1030648576573],[-74.0764848439595,40.1029695199002],[-74.0764295277922,40.1028787496604],[-74.0761577365346,40.1026680415036],[-74.0761121928291,40.1026331739604]]}},{"type":"Feature","id":146561,"properties":{"OBJECTID":146561,"PRIMENAME":"Rankin Road","ELEVTYP_F":0,"ELEVTYP_T":0},"geometry":{"type":"LineString","coordinates":[[-74.0647406788545,40.1087977531757],[-74.064568605175,40.1087066763587],[-74.0642521186847,40.1085295176638],[-74.0640799897023,40.1084331627753],[-74.0638263195041,40.108298759028],[-74.0636779222722,40.1082124094904],[-74.0635295804755,40.1081117561322],[-74.06341221751,40.1080255231971],[-74.0633258519227,40.1079394070105],[-74.0632024508443,40.10782457224],[-74.0630418882628,40.1076952662874],[-74.0629080915375,40.107573693558]]}},{"type":"Feature","id":146926,"properties":{"OBJECTID":146926,"PRIMENAME":"Green Avenue","ELEVTYP_F":0,"ELEVTYP_T":0},"geometry":{"type":"LineString","coordinates":[[-74.0494842324375,40.1080272601929],[-74.0494700504151,40.1080290955743],[-74.0493705145814,40.1080668408099],[-74.0492770606714,40.1081093859781],[-74.0492008213584,40.1081855685338],[-74.0492006524987,40.1081857381067]]}},{"type":"Feature","id":147356,"properties":{"OBJECTID":147356,"PRIMENAME":"FR RT 35 NB to RT 34 NB","ELEVTYP_F":0,"ELEVTYP_T":0},"geometry":{"type":"LineString","coordinates":[[-74.0729665180588,40.1163413628322],[-74.0729910666589,40.1163530393917],[-74.0730159594285,40.1163642782565],[-74.0730411831304,40.1163750734501],[-74.0730667243515,40.1163854192319],[-74.0730925695098,40.1163953101003],[-74.0731187048615,40.1164047407955],[-74.0731451165086,40.1164137063025],[-74.0731717904061,40.1164222018538],[-74.0731987123697,40.1164302229315],[-74.0732258680829,40.1164377652703],[-74.0732532431051,40.1164448248592],[-74.0732808228789,40.1164513979443],[-74.0733085927382,40.11645748103],[-74.0733365379155,40.1164630708815],[-74.0733646435503,40.1164681645263],[-74.0733928946968,40.1164727592557]]}},{"type":"Feature","id":147415,"properties":{"OBJECTID":147415,"PRIMENAME":"West Union Lane","ELEVTYP_F":0,"ELEVTYP_T":0},"geometry":{"type":"LineString","coordinates":[[-74.0695643892137,40.1157284417029],[-74.0701538537306,40.1157568057967],[-74.0702813260298,40.1157629342388]]}},{"type":"Feature","id":147839,"properties":{"OBJECTID":147839,"PRIMENAME":"Oak Road","ELEVTYP_F":0,"ELEVTYP_T":0},"geometry":{"type":"LineString","coordinates":[[-74.0675422442148,40.119815152685],[-74.0673655275752,40.1198310193995],[-74.0668127731966,40.1198623084027],[-74.0666118237341,40.119864851333]]}},{"type":"Feature","id":148496,"properties":{"OBJECTID":148496,"PRIMENAME":"Riverview Drive","ELEVTYP_F":0,"ELEVTYP_T":0},"geometry":{"type":"LineString","coordinates":[[-74.070956057058,40.0970813208003],[-74.070735546435,40.0972096709608],[-74.0700690836213,40.0975932450807],[-74.0694025842346,40.0979816185753],[-74.0691471738199,40.098133171028],[-74.0691194413892,40.0981487164657]]}},{"type":"Feature","id":149959,"properties":{"OBJECTID":149959,"PRIMENAME":"Mount Lane","ELEVTYP_F":0,"ELEVTYP_T":0},"geometry":{"type":"LineString","coordinates":[[-74.0497331362455,40.1171685430648],[-74.049368252526,40.1178750864599],[-74.0492740327558,40.1180575241523],[-74.0491763412376,40.1182470366538]]}},{"type":"Feature","id":150479,"properties":{"OBJECTID":150479,"PRIMENAME":"Morningstar Road","ELEVTYP_F":0,"ELEVTYP_T":0},"geometry":{"type":"LineString","coordinates":[[-74.081174435596,40.1122181358335],[-74.0811598028235,40.1119260860004],[-74.0811240078911,40.1117724972335],[-74.0810321079868,40.1115806081884],[-74.0808613465578,40.1112840637089],[-74.0807755936134,40.1110736551134]]}},{"type":"Feature","id":150492,"properties":{"OBJECTID":150492,"PRIMENAME":"Lakewood Road","ELEVTYP_F":0,"ELEVTYP_T":0},"geometry":{"type":"LineString","coordinates":[[-74.0771753804944,40.1201911944286],[-74.0771930119012,40.1201850818835],[-74.0775145387919,40.1200734234342],[-74.0776588013789,40.1200259069407]]}},{"type":"Feature","id":150769,"properties":{"OBJECTID":150769,"PRIMENAME":"Riverview Drive","ELEVTYP_F":0,"ELEVTYP_T":0},"geometry":{"type":"LineString","coordinates":[[-74.0788763977475,40.1011814081049],[-74.0786026947499,40.1007821436776],[-74.0785269038422,40.1006715820023],[-74.0783497567089,40.1004131660269]]}},{"type":"Feature","id":150944,"properties":{"OBJECTID":150944,"PRIMENAME":"Ivy Road","ELEVTYP_F":0,"ELEVTYP_T":0},"geometry":{"type":"LineString","coordinates":[[-74.0668494042208,40.1183948630577],[-74.067107444725,40.118433575629],[-74.067640917611,40.1184975302477],[-74.0677336780012,40.1185086379063]]}},{"type":"Feature","id":151632,"properties":{"OBJECTID":151632,"PRIMENAME":"South McClellan Avenue","ELEVTYP_F":0,"ELEVTYP_T":0},"geometry":{"type":"LineString","coordinates":[[-74.0448438247105,40.1164394696021],[-74.045379182563,40.1159624076021],[-74.0454340267214,40.1159099398715]]}},{"type":"Feature","id":151964,"properties":{"OBJECTID":151964,"PRIMENAME":"Bennett Place","ELEVTYP_F":0,"ELEVTYP_T":0},"geometry":{"type":"LineString","coordinates":[[-74.0520298311954,40.1100693416291],[-74.0521255695699,40.1100983996992],[-74.0522184218396,40.1101368362072],[-74.0523050257419,40.1101848840516],[-74.0524411006537,40.1102568984729],[-74.0527811378268,40.110467925476],[-74.0528465884044,40.1105085335123]]}},{"type":"Feature","id":152005,"properties":{"OBJECTID":152005,"PRIMENAME":"State Highway 34","ELEVTYP_F":0,"ELEVTYP_T":0},"geometry":{"type":"LineString","coordinates":[[-74.0733928946968,40.1164727592557],[-74.0736083600646,40.1166003587182]]}},{"type":"Feature","id":152114,"properties":{"OBJECTID":152114,"PRIMENAME":"Green Avenue","ELEVTYP_F":0,"ELEVTYP_T":0},"geometry":{"type":"LineString","coordinates":[[-74.0517375637784,40.1080559306601],[-74.0516237608929,40.1080613095144],[-74.0511896295048,40.1080472742604]]}},{"type":"Feature","id":152206,"properties":{"OBJECTID":152206,"PRIMENAME":"Nan Street","ELEVTYP_F":0,"ELEVTYP_T":0},"geometry":{"type":"LineString","coordinates":[[-74.0697249469937,40.1173731840842],[-74.0698704700299,40.1173810273974],[-74.0701247209293,40.1174248530941]]}},{"type":"Feature","id":152740,"properties":{"OBJECTID":152740,"PRIMENAME":"Trenton Avenue","ELEVTYP_F":0,"ELEVTYP_T":0},"geometry":{"type":"LineString","coordinates":[[-74.0517766361212,40.0894729224476],[-74.0516045485454,40.0894865603206],[-74.0500657497063,40.089606108495],[-74.0494420316384,40.0896537040662]]}},{"type":"Feature","id":152863,"properties":{"OBJECTID":152863,"PRIMENAME":"Grove Street","ELEVTYP_F":0,"ELEVTYP_T":0},"geometry":{"type":"LineString","coordinates":[[-74.0539842256734,40.0924254069214],[-74.0561126021321,40.0922597770808]]}},{"type":"Feature","id":153790,"properties":{"OBJECTID":153790,"PRIMENAME":"South Tamarack Drive","ELEVTYP_F":0,"ELEVTYP_T":0},"geometry":{"type":"LineString","coordinates":[[-74.0774517102553,40.1009485782445],[-74.0775830911586,40.1010485026526],[-74.0776075959794,40.1010671399289],[-74.0777805762175,40.1011964711204],[-74.0779349898733,40.1013161798782],[-74.0779535588126,40.1013388143306],[-74.0779781369846,40.1013687725695],[-74.0780149987491,40.101426091685],[-74.0780270495515,40.1014833483246],[-74.0779956361777,40.1015451950543],[-74.0779642886168,40.1016022656551],[-74.0777704141298,40.1018547106458]]}},{"type":"Feature","id":156210,"properties":{"OBJECTID":156210,"PRIMENAME":"Lebanon Drive","ELEVTYP_F":0,"ELEVTYP_T":0},"geometry":{"type":"LineString","coordinates":[[-74.0625480040442,40.1178117100003],[-74.0624419331397,40.1178751437233],[-74.0621678286728,40.1180390660027],[-74.0619806490897,40.1181813342351],[-74.061924397507,40.1182431103749],[-74.0618680850387,40.118314356982],[-74.0617990840067,40.1184236888466],[-74.061717705574,40.1185282785471],[-74.0615864449477,40.1186659795797],[-74.0615249159902,40.1187253198993]]}},{"type":"Feature","id":156452,"properties":{"OBJECTID":156452,"PRIMENAME":"Birch Drive","ELEVTYP_F":0,"ELEVTYP_T":0},"geometry":{"type":"LineString","coordinates":[[-74.0721843971375,40.0972670821349],[-74.07225655408,40.097258426376],[-74.0724491284966,40.0972352807588],[-74.0726291678428,40.0972216692195],[-74.0728154022285,40.097217579832],[-74.0730201900267,40.0972135855586],[-74.0731571922665,40.0972109056522]]}},{"type":"Feature","id":156664,"properties":{"OBJECTID":156664,"PRIMENAME":"Kings Path","ELEVTYP_F":0,"ELEVTYP_T":0},"geometry":{"type":"LineString","coordinates":[[-74.0737458821481,40.096110065941],[-74.0739258173485,40.0959804376061],[-74.0739998176546,40.0959074367757],[-74.0740638193991,40.0958194359528],[-74.0740848188138,40.0957674370214],[-74.0740958174586,40.09568143716],[-74.0740878180632,40.0956174370735],[-74.0740303168099,40.0954848844061]]}},{"type":"Feature","id":157037,"properties":{"OBJECTID":157037,"PRIMENAME":"Riverview Drive","ELEVTYP_F":0,"ELEVTYP_T":0},"geometry":{"type":"LineString","coordinates":[[-74.0737458821481,40.096110065941],[-74.0735916298607,40.0960143420158],[-74.0735236177853,40.0959835636109]]}},{"type":"Feature","id":158239,"properties":{"OBJECTID":158239,"PRIMENAME":"South Street","ELEVTYP_F":0,"ELEVTYP_T":0},"geometry":{"type":"LineString","coordinates":[[-74.0590109246448,40.1180605817165],[-74.0591201681026,40.1179607664517],[-74.0599971972468,40.1171594267943]]}},{"type":"Feature","id":158355,"properties":{"OBJECTID":158355,"PRIMENAME":"Riverview Drive","ELEVTYP_F":0,"ELEVTYP_T":0},"geometry":{"type":"LineString","coordinates":[[-74.0596862648155,40.1055347412422],[-74.0596278586882,40.1055992535241]]}},{"type":"Feature","id":159381,"properties":{"OBJECTID":159381,"PRIMENAME":"East Main Street","ELEVTYP_F":0,"ELEVTYP_T":0},"geometry":{"type":"LineString","coordinates":[[-74.0451994205334,40.1197209492001],[-74.0455733745758,40.1199653484674]]}},{"type":"Feature","id":159685,"properties":{"OBJECTID":159685,"PRIMENAME":"Birch Drive","ELEVTYP_F":0,"ELEVTYP_T":0},"geometry":{"type":"LineString","coordinates":[[-74.0740811139212,40.0977689969696],[-74.0742635489351,40.0978758833894],[-74.0745912648493,40.0980629728622],[-74.0749066801703,40.0982452390001],[-74.0751726808391,40.0983891905162],[-74.0752220322937,40.0984322804061],[-74.0752465797153,40.0984800286621],[-74.0752585401082,40.0985515612276],[-74.0752395600364,40.0986087034893],[-74.0751273452285,40.0986893063443],[-74.0747656815092,40.0989644037902],[-74.074559962745,40.0991114012409],[-74.0744227458976,40.0992109908948],[-74.0743478739323,40.0992822035776],[-74.0742916130132,40.0993439589115],[-74.0742229009147,40.0994247207524],[-74.074154081757,40.0995055091783],[-74.0740474893927,40.0996814480952],[-74.0739348847774,40.0998240374507],[-74.0739212081479,40.099838866546]]}},{"type":"Feature","id":160062,"properties":{"OBJECTID":160062,"PRIMENAME":"Warren Avenue","ELEVTYP_F":0,"ELEVTYP_T":0},"geometry":{"type":"LineString","coordinates":[[-74.0487952877331,40.1180048441801],[-74.0490957404192,40.1174692246636]]}},{"type":"Feature","id":160452,"properties":{"OBJECTID":160452,"PRIMENAME":"Chicago Avenue","ELEVTYP_F":0,"ELEVTYP_T":0},"geometry":{"type":"LineString","coordinates":[[-74.0438242805634,40.0900962792392],[-74.0438795979461,40.0905107096145],[-74.0438858551631,40.0905587221743]]}},{"type":"Feature","id":160567,"properties":{"OBJECTID":160567,"PRIMENAME":"East Main Street","ELEVTYP_F":0,"ELEVTYP_T":0},"geometry":{"type":"LineString","coordinates":[[-74.0413480978502,40.1172085011539],[-74.0413489169,40.1172089979739],[-74.0420349839266,40.1176549687769],[-74.042737145304,40.1181125071152],[-74.0428835457467,40.1182079030325]]}},{"type":"Feature","id":161609,"properties":{"OBJECTID":161609,"PRIMENAME":"Cooper Boulevard","ELEVTYP_F":0,"ELEVTYP_T":0},"geometry":{"type":"LineString","coordinates":[[-74.0818520509324,40.1186493332499],[-74.081850060474,40.1186452387436],[-74.0817903097053,40.11852233585],[-74.0816536793145,40.1182648276071],[-74.0816437073823,40.1182406873859],[-74.0816345590153,40.1182163582921],[-74.0816261613057,40.1181918679841],[-74.0816185905192,40.1181672149359],[-74.0816118407778,40.1181424009281],[-74.0816059151035,40.1181175070335],[-74.0816007762912,40.1180924781758],[-74.08159646036,40.1180673712287],[-74.0815930026858,40.1180421565973],[-74.0815903323485,40.1180169204915],[-74.0815886618523,40.1179803438369],[-74.0815878490804,40.1179437459622],[-74.0815878938825,40.1179071511855],[-74.0815888339635,40.1178705326221],[-74.0815906314499,40.1178339441767],[-74.0815933227025,40.1177973868812],[-74.0815968723654,40.1177608867277],[-74.0815995447934,40.1177333335382],[-74.0815997013839,40.1177309454802],[-74.0816013222735,40.1177057500948],[-74.0816021706252,40.117678162394],[-74.0816021615719,40.1176505445751],[-74.0816012222138,40.1176229233952],[-74.0815994249503,40.117595354058],[-74.0815966972132,40.1175678092805],[-74.0815917013963,40.117542808858],[-74.0815859530899,40.11751788858],[-74.0815794543208,40.1174931006936],[-74.0815722040546,40.1174684226776],[-74.0815642009809,40.1174438770445],[-74.0815554472482,40.1174194962265],[-74.0815459405383,40.1173952757118],[-74.0815357183816,40.117371217437],[-74.0815183743853,40.1173423012389],[-74.081500169975,40.1173136575394],[-74.0814811773952,40.1172853667605],[-74.0814613594316,40.1172573756267],[-74.0814407181001,40.1172297381862],[-74.0814193247916,40.1172024826178],[-74.0813898620473,40.1171668791278],[-74.0813597556059,40.1171316029551],[-74.0813290396603,40.1170966263015],[-74.0812976775234,40.1170620012739],[-74.0812657091817,40.1170277118037],[-74.0812455787196,40.11700938118],[-74.0812248067108,40.1169914067067],[-74.081203494721,40.1169738698127],[-74.0811816089005,40.1169567424541],[-74.0811591479104,40.1169400516461],[-74.0811361481124,40.1169237984209],[-74.0811126447005,40.1169079829052],[-74.0810886021434,40.1168926599123],[-74.0810640923447,40.1168777738592],[-74.0810350782344,40.1168625976979],[-74.0810056315755,40.1168479405621],[-74.0809757537009,40.1168337763362],[-74.0809454784598,40.1168201330638],[-74.0809148080377,40.1168070368724],[-74.0808837390805,40.1167944607289],[-74.0808523419757,40.1167824048878]]}},{"type":"Feature","id":161901,"properties":{"OBJECTID":161901,"PRIMENAME":"Riverview Drive","ELEVTYP_F":0,"ELEVTYP_T":0},"geometry":{"type":"LineString","coordinates":[[-74.0672228518165,40.1001022909142],[-74.0671542501091,40.1002038026507],[-74.0669039532335,40.1005221742826],[-74.0667894568467,40.1006786400135]]}},{"type":"Feature","id":162196,"properties":{"OBJECTID":162196,"PRIMENAME":"River Avenue","ELEVTYP_F":0,"ELEVTYP_T":0},"geometry":{"type":"LineString","coordinates":[[-74.0510519752701,40.0936448022932],[-74.0511237012548,40.0931956733786],[-74.0511859359204,40.0927926833298],[-74.0511975623896,40.0926334447901]]}},{"type":"Feature","id":162220,"properties":{"OBJECTID":162220,"PRIMENAME":"Chicago Avenue","ELEVTYP_F":0,"ELEVTYP_T":0},"geometry":{"type":"LineString","coordinates":[[-74.0439447157638,40.091010091168],[-74.0439503262568,40.091053105041],[-74.0439556992559,40.0910942778666]]}},{"type":"Feature","id":162619,"properties":{"OBJECTID":162619,"PRIMENAME":"Passaic Avenue","ELEVTYP_F":0,"ELEVTYP_T":0},"geometry":{"type":"LineString","coordinates":[[-74.0811983262893,40.0894048604983],[-74.081204277554,40.0893727345136],[-74.0812294479195,40.0893132519365],[-74.0813830885767,40.0890540458681],[-74.0823447542786,40.0875585472954],[-74.0825767468503,40.0871685874883],[-74.0827459264829,40.0868975211346],[-74.0828654671847,40.0866310242325]]}},{"type":"Feature","id":163288,"properties":{"OBJECTID":163288,"PRIMENAME":"FR RT 70 WB to MORNING STAR RD","ELEVTYP_F":0,"ELEVTYP_T":0},"geometry":{"type":"LineString","coordinates":[[-74.0748382333797,40.109281947483],[-74.0748401901983,40.1092743780714],[-74.0749001820629,40.1090395230959],[-74.0749578270298,40.1088043218628],[-74.0750131217347,40.1085687881976],[-74.0750660629515,40.1083329359451],[-74.0751177441116,40.1081290393176],[-74.0751320885282,40.1080735050774],[-74.0751540679005,40.1080194630473],[-74.0751834312751,40.107967530218],[-74.0752198433986,40.1079182994988],[-74.0753011791677,40.1078387678903],[-74.075464198384,40.107679914732],[-74.07565512154,40.1074959809217],[-74.0758514153772,40.1073154112829],[-74.0760120143142,40.107168871702],[-74.0761002543102,40.1070911247392]]}},{"type":"Feature","id":163982,"properties":{"OBJECTID":163982,"PRIMENAME":"FR RT 35 NB to EVERGREEN AVE","ELEVTYP_F":0,"ELEVTYP_T":0},"geometry":{"type":"LineString","coordinates":[[-74.0552008215622,40.1065883545956],[-74.0553498984981,40.1068644738282],[-74.0554862292304,40.1070503867952],[-74.05566566835,40.1072982900576],[-74.0556791133651,40.1073420745777],[-74.0556818764583,40.1073789269498],[-74.0556783427569,40.1074219329904],[-74.0556645287511,40.1074734363208],[-74.0556390705493,40.1075122943416],[-74.0556138258802,40.1075401449583],[-74.05556974507,40.1075672919121],[-74.0555229806726,40.1075835842586],[-74.0554726628568,40.1075911055522],[-74.0554290459876,40.1075909381456]]}},{"type":"Feature","id":163996,"properties":{"OBJECTID":163996,"PRIMENAME":"Unnamed Segment","ELEVTYP_F":0,"ELEVTYP_T":0},"geometry":{"type":"LineString","coordinates":[[-74.073514434967,40.1099901360491],[-74.0740464342034,40.1099881352306],[-74.0740404346491,40.1103201358401]]}},{"type":"Feature","id":164051,"properties":{"OBJECTID":164051,"PRIMENAME":"River Avenue","ELEVTYP_F":0,"ELEVTYP_T":0},"geometry":{"type":"LineString","coordinates":[[-74.0504926396739,40.0971416688359],[-74.0506332620918,40.0964309321424],[-74.0506589755254,40.0962064924908]]}},{"type":"Feature","id":164382,"properties":{"OBJECTID":164382,"PRIMENAME":"Cooks Road","ELEVTYP_F":0,"ELEVTYP_T":0},"geometry":{"type":"LineString","coordinates":[[-74.0475605859149,40.0933793081446],[-74.0476113277065,40.0935006023943],[-74.047640440542,40.0936008098496],[-74.0476760392386,40.0938497565624],[-74.0477399754636,40.0943161325303]]}},{"type":"Feature","id":164471,"properties":{"OBJECTID":164471,"PRIMENAME":"Perry Place","ELEVTYP_F":0,"ELEVTYP_T":0},"geometry":{"type":"LineString","coordinates":[[-74.0504401007421,40.112060087699],[-74.0504409422024,40.1123557876985],[-74.0504264637188,40.1126702877199],[-74.0504127031514,40.1128703941551],[-74.0503846289391,40.1130885920738]]}},{"type":"Feature","id":164630,"properties":{"OBJECTID":164630,"PRIMENAME":"Perry Place","ELEVTYP_F":0,"ELEVTYP_T":0},"geometry":{"type":"LineString","coordinates":[[-74.0502685895501,40.1140184960759],[-74.0502187364503,40.114046909224],[-74.0501566967694,40.1140418910331],[-74.0499397601352,40.1139933901711],[-74.049899511907,40.1139832541471]]}},{"type":"Feature","id":164918,"properties":{"OBJECTID":164918,"PRIMENAME":"Heathrow Lane","ELEVTYP_F":0,"ELEVTYP_T":0},"geometry":{"type":"LineString","coordinates":[[-74.0777753227568,40.1128753535164],[-74.0777536143425,40.1129105075034],[-74.0777439600903,40.1129411902825],[-74.0776971341626,40.1130900177242],[-74.0776684792289,40.1132464411572],[-74.0776662222788,40.1136518921554]]}},{"type":"Feature","id":165759,"properties":{"OBJECTID":165759,"PRIMENAME":"Algonkin Trail","ELEVTYP_F":0,"ELEVTYP_T":0},"geometry":{"type":"LineString","coordinates":[[-74.0649197468639,40.1190975923453],[-74.065031169713,40.1184020498845]]}},{"type":"Feature","id":165877,"properties":{"OBJECTID":165877,"PRIMENAME":"Sherwood Drive","ELEVTYP_F":0,"ELEVTYP_T":0},"geometry":{"type":"LineString","coordinates":[[-74.0603138700445,40.1176813311552],[-74.0603753798691,40.1177749046717],[-74.0605167791988,40.1179899039455],[-74.0606091249769,40.1181094278499],[-74.0606163955659,40.1181186622573],[-74.0606768702068,40.1181954752966],[-74.0607247833564,40.1182349702258]]}},{"type":"Feature","id":165883,"properties":{"OBJECTID":165883,"PRIMENAME":"Old Bridge Road","ELEVTYP_F":0,"ELEVTYP_T":0},"geometry":{"type":"LineString","coordinates":[[-74.0579386480488,40.1186103309356],[-74.0579126224242,40.118620416565],[-74.0576918117721,40.1187196668465],[-74.0575565344554,40.1187915716823],[-74.0574346479785,40.118877362982],[-74.0572971467436,40.119012060314],[-74.0572627719379,40.1190457343977],[-74.0572339012933,40.1190727842449]]}},{"type":"Feature","id":166165,"properties":{"OBJECTID":166165,"PRIMENAME":"Twin Lakes Drive","ELEVTYP_F":0,"ELEVTYP_T":0},"geometry":{"type":"LineString","coordinates":[[-74.085734148203,40.1157352992923],[-74.0889565991469,40.1154771731005],[-74.0893368676245,40.1154277907837]]}},{"type":"Feature","id":166585,"properties":{"OBJECTID":166585,"PRIMENAME":"River Avenue","ELEVTYP_F":0,"ELEVTYP_T":0},"geometry":{"type":"LineString","coordinates":[[-74.0506589755254,40.0962064924908],[-74.0506820502707,40.0960050128963],[-74.0506885950621,40.0959478624565],[-74.0506963556683,40.095898257312]]}},{"type":"Feature","id":167003,"properties":{"OBJECTID":167003,"PRIMENAME":"Fisk Avenue","ELEVTYP_F":0,"ELEVTYP_T":0},"geometry":{"type":"LineString","coordinates":[[-74.0503846289391,40.1130885920738],[-74.0501881362776,40.1130363548211],[-74.0482608644688,40.1125379385255],[-74.0478235159165,40.1124276927222]]}},{"type":"Feature","id":167186,"properties":{"OBJECTID":167186,"PRIMENAME":"State Highway 34","ELEVTYP_F":0,"ELEVTYP_T":0},"geometry":{"type":"LineString","coordinates":[[-74.0730103307248,40.1162426666819],[-74.073095160684,40.1162920650724],[-74.0733364624845,40.1164393610381],[-74.0733928946968,40.1164727592557]]}},{"type":"Feature","id":167258,"properties":{"OBJECTID":167258,"PRIMENAME":"Chicago Avenue","ELEVTYP_F":0,"ELEVTYP_T":0},"geometry":{"type":"LineString","coordinates":[[-74.0440980780115,40.0921858524598],[-74.0441523489429,40.0926022284382],[-74.0442279034653,40.0931611962943]]}},{"type":"Feature","id":167626,"properties":{"OBJECTID":167626,"PRIMENAME":"Unnamed Segment","ELEVTYP_F":0,"ELEVTYP_T":0},"geometry":{"type":"LineString","coordinates":[[-74.0730241017572,40.1098396744354],[-74.0730764327789,40.1098371346489],[-74.0731494332731,40.1098401363941],[-74.0734624359358,40.1099391358156],[-74.0735044342033,40.1099701354586],[-74.073514434967,40.1099901360491]]}},{"type":"Feature","id":168010,"properties":{"OBJECTID":168010,"PRIMENAME":"Shore Drive","ELEVTYP_F":0,"ELEVTYP_T":0},"geometry":{"type":"LineString","coordinates":[[-74.0797533534943,40.0965478462698],[-74.0800433359136,40.0965767626521],[-74.0801734929665,40.0966058133922],[-74.0802849370932,40.0966491261743],[-74.0803591338391,40.0966922768938],[-74.0804456532596,40.0967545515352],[-74.080531896492,40.0968501812977],[-74.0806121957862,40.096912434189],[-74.0806862888239,40.0969842172849],[-74.0807790880219,40.0970369616805],[-74.0808781227325,40.0970754517132],[-74.0809958108051,40.0971092336751],[-74.0811197194999,40.0971430371124],[-74.0812189076998,40.0971624759957],[-74.0813306163641,40.0971628798143],[-74.0815167857482,40.0971635525636],[-74.0816595582253,40.0971640682893],[-74.0817773646564,40.0971787966705],[-74.0819261171946,40.0972126889437],[-74.082049997319,40.0972512685472],[-74.0821676642146,40.0972946019695],[-74.0822418628578,40.0973377514878],[-74.0823531407663,40.0974144178633],[-74.0825013636577,40.0975293489462],[-74.082686660689,40.0976729923317],[-74.0827608017227,40.0977256949356],[-74.0827789892587,40.0977972482755],[-74.0827912546721,40.0978258713727]]}},{"type":"Feature","id":169326,"properties":{"OBJECTID":169326,"PRIMENAME":"Euclid Avenue","ELEVTYP_F":0,"ELEVTYP_T":0},"geometry":{"type":"LineString","coordinates":[[-74.0436789948877,40.1174859238604],[-74.0447799207036,40.1181989824546]]}},{"type":"Feature","id":169437,"properties":{"OBJECTID":169437,"PRIMENAME":"Collier Road","ELEVTYP_F":0,"ELEVTYP_T":0},"geometry":{"type":"LineString","coordinates":[[-74.0807755936134,40.1110736551134],[-74.0803807948504,40.1111335605502],[-74.0799361394252,40.1111817847388],[-74.079611189809,40.1112496084182],[-74.0792284370535,40.1113581358864],[-74.0789710383458,40.1114236262811],[-74.0786864358096,40.1115231352326]]}},{"type":"Feature","id":169672,"properties":{"OBJECTID":169672,"PRIMENAME":"Birch Drive","ELEVTYP_F":0,"ELEVTYP_T":0},"geometry":{"type":"LineString","coordinates":[[-74.0739212081479,40.099838866546],[-74.0736724249605,40.1001090228784],[-74.0733909798031,40.1004511225915],[-74.0733315364876,40.1005242864742]]}},{"type":"Feature","id":169681,"properties":{"OBJECTID":169681,"PRIMENAME":"Unnamed Segment","ELEVTYP_F":0,"ELEVTYP_T":0},"geometry":{"type":"LineString","coordinates":[[-74.0484452629472,40.1078655478901],[-74.0485192632768,40.1077803475136],[-74.0486107055981,40.1076797592486],[-74.048698220698,40.1075913806531]]}},{"type":"Feature","id":170122,"properties":{"OBJECTID":170122,"PRIMENAME":"Osprey Avenue","ELEVTYP_F":0,"ELEVTYP_T":0},"geometry":{"type":"LineString","coordinates":[[-74.0485781369507,40.0974667897602],[-74.0485617550837,40.0973448391214],[-74.0483979348226,40.0961253333651]]}},{"type":"Feature","id":170435,"properties":{"OBJECTID":170435,"PRIMENAME":"Union Avenue","ELEVTYP_F":0,"ELEVTYP_T":0},"geometry":{"type":"LineString","coordinates":[[-74.0539359456545,40.1160328774916],[-74.0537777431796,40.1162151328355],[-74.0533635033064,40.1166936294744]]}},{"type":"Feature","id":170468,"properties":{"OBJECTID":170468,"PRIMENAME":"Blacksmith Row","ELEVTYP_F":0,"ELEVTYP_T":0},"geometry":{"type":"LineString","coordinates":[[-74.0789751347937,40.1121712648961],[-74.0788638604559,40.1120040330259],[-74.0786864358096,40.1115231352326]]}},{"type":"Feature","id":170658,"properties":{"OBJECTID":170658,"PRIMENAME":"Trenton Avenue","ELEVTYP_F":0,"ELEVTYP_T":0},"geometry":{"type":"LineString","coordinates":[[-74.0438242805634,40.0900962792392],[-74.0432093068137,40.090144397166],[-74.042963854101,40.0901655832869],[-74.0428714261674,40.0901807293755],[-74.0427615006777,40.0902201853309],[-74.0426746542956,40.090266402819],[-74.0426021036448,40.0903237407807],[-74.0425497542267,40.0903855772653],[-74.0424914643596,40.0904695733839],[-74.0423643048414,40.0906591565292]]}},{"type":"Feature","id":171344,"properties":{"OBJECTID":171344,"PRIMENAME":"Horseshoe Drive","ELEVTYP_F":0,"ELEVTYP_T":0},"geometry":{"type":"LineString","coordinates":[[-74.0837234862775,40.1020913187814],[-74.0835712776964,40.1021651146235],[-74.0833221316596,40.1023119444109],[-74.0832226152666,40.1023449686486],[-74.0827312558513,40.1025100046848],[-74.0811703608638,40.1030048133645],[-74.0803121067703,40.1032876857304],[-74.0801814401668,40.1033396476659],[-74.0801065566287,40.1034013373843],[-74.0797688477303,40.1038147641217],[-74.079699955709,40.1039193580492],[-74.0796932066548,40.104005124259],[-74.0796988998449,40.1040909356168],[-74.0797356459298,40.1041673339538],[-74.0798097108238,40.1042390904085],[-74.0799271173856,40.1043205576268],[-74.0801930643701,40.1044788002721],[-74.0803044921217,40.1045268631742],[-74.080409787903,40.1045605999027],[-74.0805091038395,40.1045609596374],[-74.0806208830903,40.104551837819],[-74.080745273387,40.1045093513573],[-74.0813049587451,40.1043350721642],[-74.0826917801233,40.10389204324],[-74.0839045123435,40.1034960576168],[-74.0840840895786,40.1034374038604]]}},{"type":"Feature","id":171588,"properties":{"OBJECTID":171588,"PRIMENAME":"Hickory Court","ELEVTYP_F":0,"ELEVTYP_T":0},"geometry":{"type":"LineString","coordinates":[[-74.0700374330689,40.1117211362591],[-74.0695764317541,40.1116061354002],[-74.0694364325573,40.1115541352999]]}},{"type":"Feature","id":171643,"properties":{"OBJECTID":171643,"PRIMENAME":"South Street","ELEVTYP_F":0,"ELEVTYP_T":0},"geometry":{"type":"LineString","coordinates":[[-74.0572339012933,40.1190727842449],[-74.0571960078742,40.1191082876621]]}},{"type":"Feature","id":171717,"properties":{"OBJECTID":171717,"PRIMENAME":"Harris Avenue","ELEVTYP_F":0,"ELEVTYP_T":0},"geometry":{"type":"LineString","coordinates":[[-74.0563364079744,40.1132556719256],[-74.0575758662336,40.1138941659334],[-74.0587699784986,40.1145039779433],[-74.0588637801539,40.1145518564372]]}},{"type":"Feature","id":171767,"properties":{"OBJECTID":171767,"PRIMENAME":"Sunset Drive","ELEVTYP_F":0,"ELEVTYP_T":0},"geometry":{"type":"LineString","coordinates":[[-74.0794121426346,40.0973263305019],[-74.0793430571097,40.0974225778398],[-74.0792367912826,40.0975365886086],[-74.0788995832949,40.0978785542854],[-74.0787122308528,40.0980637035238],[-74.0786546101955,40.0981208156938]]}},{"type":"Feature","id":171846,"properties":{"OBJECTID":171846,"PRIMENAME":"Brandywyne","ELEVTYP_F":0,"ELEVTYP_T":0},"geometry":{"type":"LineString","coordinates":[[-74.0685654326432,40.112907136996],[-74.0686224332379,40.112816136619],[-74.0686574344102,40.1127311357308],[-74.068681432817,40.1126961360928],[-74.0687564334453,40.1126221365156],[-74.0688304328711,40.112575135794],[-74.0688764328022,40.1125521368247],[-74.0689774334288,40.1125171364048],[-74.069244432916,40.1124621357319],[-74.0693804328154,40.1124521367261],[-74.0695724330161,40.112456137026],[-74.0696584316039,40.11246713515],[-74.069786433382,40.1124921364175],[-74.0703844341403,40.1126341366271]]}},{"type":"Feature","id":172213,"properties":{"OBJECTID":172213,"PRIMENAME":"Saint Louis Avenue","ELEVTYP_F":0,"ELEVTYP_T":0},"geometry":{"type":"LineString","coordinates":[[-74.0456951101734,40.0891080164909],[-74.0457985875872,40.0899414599509]]}},{"type":"Feature","id":172260,"properties":{"OBJECTID":172260,"PRIMENAME":"South Potter Avenue","ELEVTYP_F":0,"ELEVTYP_T":0},"geometry":{"type":"LineString","coordinates":[[-74.0426487898682,40.114087434267],[-74.0425479554714,40.1141782621732],[-74.0420527040455,40.1146242555888]]}},{"type":"Feature","id":172288,"properties":{"OBJECTID":172288,"PRIMENAME":"Old Bridge Road","ELEVTYP_F":0,"ELEVTYP_T":0},"geometry":{"type":"LineString","coordinates":[[-74.0693057323733,40.1141177888104],[-74.0689182760479,40.1142701353198],[-74.0688067608011,40.1143136341496]]}},{"type":"Feature","id":172342,"properties":{"OBJECTID":172342,"PRIMENAME":"Tecumseh Place","ELEVTYP_F":0,"ELEVTYP_T":0},"geometry":{"type":"LineString","coordinates":[[-74.0647214065696,40.1208560346672],[-74.0650187101226,40.1208231381231],[-74.0665781618022,40.1206383236048],[-74.0678207241149,40.120495214726]]}},{"type":"Feature","id":172358,"properties":{"OBJECTID":172358,"PRIMENAME":"Nan Street","ELEVTYP_F":0,"ELEVTYP_T":0},"geometry":{"type":"LineString","coordinates":[[-74.0688302954129,40.1173533302069],[-74.0695850015365,40.1173656639471],[-74.0697249469937,40.1173731840842]]}},{"type":"Feature","id":172602,"properties":{"OBJECTID":172602,"PRIMENAME":"Brielle Avenue","ELEVTYP_F":0,"ELEVTYP_T":0},"geometry":{"type":"LineString","coordinates":[[-74.0528465884044,40.1105085335123],[-74.0521498520419,40.1111433531149],[-74.0519687138615,40.1113083899797],[-74.0515931733428,40.1116631119571]]}},{"type":"Feature","id":173116,"properties":{"OBJECTID":173116,"PRIMENAME":"Richard Avenue","ELEVTYP_F":0,"ELEVTYP_T":0},"geometry":{"type":"LineString","coordinates":[[-74.0455104231488,40.0996672923654],[-74.046546263284,40.0996650382854]]}},{"type":"Feature","id":173151,"properties":{"OBJECTID":173151,"PRIMENAME":"South McClellan Avenue","ELEVTYP_F":0,"ELEVTYP_T":0},"geometry":{"type":"LineString","coordinates":[[-74.0428835457467,40.1182079030325],[-74.0436789948877,40.1174859238604]]}},{"type":"Feature","id":173528,"properties":{"OBJECTID":173528,"PRIMENAME":"Poplar Court","ELEVTYP_F":0,"ELEVTYP_T":0},"geometry":{"type":"LineString","coordinates":[[-74.0710854332673,40.1101841357813],[-74.07119343387,40.1102161354366],[-74.0713004323779,40.1102491355498]]}},{"type":"Feature","id":173714,"properties":{"OBJECTID":173714,"PRIMENAME":"Longstreet Avenue","ELEVTYP_F":0,"ELEVTYP_T":0},"geometry":{"type":"LineString","coordinates":[[-74.0553961302039,40.1106860042939],[-74.0559803408331,40.1110521630722],[-74.0568274085649,40.1115701514954],[-74.057365278664,40.111905817779],[-74.0574542357697,40.1119612834237]]}},{"type":"Feature","id":173743,"properties":{"OBJECTID":173743,"PRIMENAME":"Unnamed Segment","ELEVTYP_F":0,"ELEVTYP_T":0},"geometry":{"type":"LineString","coordinates":[[-74.0626602991326,40.1116358632918],[-74.0625723162322,40.1115896022436],[-74.0623805290343,40.1114887563535]]}},{"type":"Feature","id":173812,"properties":{"OBJECTID":173812,"PRIMENAME":"Osborn Place","ELEVTYP_F":0,"ELEVTYP_T":0},"geometry":{"type":"LineString","coordinates":[[-74.0861713268821,40.1047191426252],[-74.0860734778075,40.1047422379423],[-74.0846997903085,40.1050661805381],[-74.0846241740412,40.1050840015433]]}},{"type":"Feature","id":174259,"properties":{"OBJECTID":174259,"PRIMENAME":"Aldrin Lane","ELEVTYP_F":0,"ELEVTYP_T":0},"geometry":{"type":"LineString","coordinates":[[-74.0783497567089,40.1004131660269],[-74.0781760189005,40.1004877545962],[-74.0780328204206,40.1005491951006],[-74.0779082887876,40.1006154527914],[-74.0778148458321,40.1006723240856],[-74.07751553771,40.1008999990661],[-74.0774517102553,40.1009485782445]]}},{"type":"Feature","id":174335,"properties":{"OBJECTID":174335,"PRIMENAME":"Algonkin Trail","ELEVTYP_F":0,"ELEVTYP_T":0},"geometry":{"type":"LineString","coordinates":[[-74.0647214065696,40.1208560346672],[-74.0647175350413,40.1203861371763],[-74.0647173943484,40.120369196528],[-74.0647277689619,40.1202844052221]]}},{"type":"Feature","id":174789,"properties":{"OBJECTID":174789,"PRIMENAME":"Channel Drive","ELEVTYP_F":0,"ELEVTYP_T":0},"geometry":{"type":"LineString","coordinates":[[-74.0465743446183,40.101197194252],[-74.045811688836,40.1012035680088],[-74.0456180180548,40.101205663612],[-74.0455397431587,40.10121392118],[-74.0454577282841,40.1012307574968],[-74.0453681660593,40.101259012796],[-74.0452972097705,40.1012901953524],[-74.0451700928259,40.1013640391755],[-74.0450879080375,40.1014008878819],[-74.0449946274723,40.1014291273865],[-74.0448976480598,40.1014544700765],[-74.044793311605,40.1014626526593],[-74.044651779409,40.1014678067234],[-74.0444581364235,40.1014656177168]]}},{"type":"Feature","id":174847,"properties":{"OBJECTID":174847,"PRIMENAME":"Leslie Avenue","ELEVTYP_F":0,"ELEVTYP_T":0},"geometry":{"type":"LineString","coordinates":[[-74.0500141107973,40.1093037959407],[-74.0496483355245,40.1096688454417]]}},{"type":"Feature","id":175019,"properties":{"OBJECTID":175019,"PRIMENAME":"Yale Avenue","ELEVTYP_F":0,"ELEVTYP_T":0},"geometry":{"type":"LineString","coordinates":[[-74.0470997716998,40.0980031351465],[-74.0470237455682,40.098060900841],[-74.046909834222,40.0981282367427],[-74.0468477837353,40.0981539374813],[-74.0467426536616,40.0981854817259],[-74.0466177489711,40.0982072021092],[-74.0465059531766,40.0982089333296]]}},{"type":"Feature","id":175174,"properties":{"OBJECTID":175174,"PRIMENAME":"Trenton Avenue","ELEVTYP_F":0,"ELEVTYP_T":0},"geometry":{"type":"LineString","coordinates":[[-74.062422428553,40.0895411073324],[-74.0629192031457,40.0895674987688],[-74.0630286124369,40.0895679115436]]}},{"type":"Feature","id":175505,"properties":{"OBJECTID":175505,"PRIMENAME":"Union Avenue","ELEVTYP_F":0,"ELEVTYP_T":0},"geometry":{"type":"LineString","coordinates":[[-74.0580376502754,40.1112883309878],[-74.0580372177446,40.1112888238151],[-74.0575789106186,40.111818536813],[-74.0574542357697,40.1119612834237]]}},{"type":"Feature","id":175815,"properties":{"OBJECTID":175815,"PRIMENAME":"Cramer Avenue","ELEVTYP_F":0,"ELEVTYP_T":0},"geometry":{"type":"LineString","coordinates":[[-74.0537139122077,40.0903526166409],[-74.0537580503663,40.0895817101782],[-74.0537510287131,40.0895130504384],[-74.0537369437559,40.0893928889677],[-74.0537148846968,40.089349922061],[-74.0536849333199,40.0893222437025]]}},{"type":"Feature","id":175816,"properties":{"OBJECTID":175816,"PRIMENAME":"Center Street","ELEVTYP_F":0,"ELEVTYP_T":0},"geometry":{"type":"LineString","coordinates":[[-74.0546675770277,40.1114504079003],[-74.0553492573774,40.1107351847722],[-74.0553961302039,40.1106860042939]]}},{"type":"Feature","id":176176,"properties":{"OBJECTID":176176,"PRIMENAME":"Unnamed Segment","ELEVTYP_F":0,"ELEVTYP_T":0},"geometry":{"type":"LineString","coordinates":[[-74.0810971238134,40.0907071184965],[-74.0808221735285,40.0906089121899]]}},{"type":"Feature","id":176494,"properties":{"OBJECTID":176494,"PRIMENAME":"Heathrow Lane","ELEVTYP_F":0,"ELEVTYP_T":0},"geometry":{"type":"LineString","coordinates":[[-74.0776662222788,40.1136518921554],[-74.0776569441302,40.1138172715136],[-74.0776349740181,40.1140336690987],[-74.0775672672276,40.1142323004187],[-74.0775194362343,40.1143651359732],[-74.077464435443,40.1145261359843],[-74.0774044366755,40.1147131359042],[-74.0774976555147,40.114907970571],[-74.077657868478,40.1150690899329],[-74.0778630140689,40.1151911577935]]}},{"type":"Feature","id":177012,"properties":{"OBJECTID":177012,"PRIMENAME":"Poplar Court","ELEVTYP_F":0,"ELEVTYP_T":0},"geometry":{"type":"LineString","coordinates":[[-74.0713004323779,40.1102491355498],[-74.0714554344118,40.110299135348]]}},{"type":"Feature","id":177477,"properties":{"OBJECTID":177477,"PRIMENAME":"Laurel Avenue","ELEVTYP_F":0,"ELEVTYP_T":0},"geometry":{"type":"LineString","coordinates":[[-74.0640782432879,40.0989771108852],[-74.0644801071723,40.0992216927443],[-74.0647231111739,40.099358800441]]}},{"type":"Feature","id":177669,"properties":{"OBJECTID":177669,"PRIMENAME":"East Main Street","ELEVTYP_F":0,"ELEVTYP_T":0},"geometry":{"type":"LineString","coordinates":[[-74.0428835457467,40.1182079030325],[-74.0439264117476,40.1188873304144],[-74.0439737645974,40.11891834648]]}},{"type":"Feature","id":178342,"properties":{"OBJECTID":178342,"PRIMENAME":"Chatham Lane","ELEVTYP_F":0,"ELEVTYP_T":0},"geometry":{"type":"LineString","coordinates":[[-74.085666407967,40.0929548613032],[-74.0855613745882,40.0930278955262],[-74.0854979919015,40.0930936660105],[-74.0854402217073,40.0931770542574],[-74.0854053629587,40.0932605244805],[-74.0853818810948,40.0933484271866],[-74.085381320345,40.0934408325263],[-74.0853980066696,40.0935244593104],[-74.0854319396177,40.0935993912946],[-74.0861806814333,40.0948251327632]]}},{"type":"Feature","id":178352,"properties":{"OBJECTID":178352,"PRIMENAME":"Chicago Avenue","ELEVTYP_F":0,"ELEVTYP_T":0},"geometry":{"type":"LineString","coordinates":[[-74.0437133365188,40.0892659066464],[-74.0438242805634,40.0900962792392]]}},{"type":"Feature","id":178416,"properties":{"OBJECTID":178416,"PRIMENAME":"Giese Lane","ELEVTYP_F":0,"ELEVTYP_T":0},"geometry":{"type":"LineString","coordinates":[[-74.082936708577,40.0904483396285],[-74.0831308900463,40.0903514153066],[-74.0833027815443,40.0902462015691],[-74.083583159136,40.0900641802057],[-74.0836803173457,40.0900044893047],[-74.0837932698587,40.0899102369738]]}},{"type":"Feature","id":178834,"properties":{"OBJECTID":178834,"PRIMENAME":"Teaberry Lane","ELEVTYP_F":0,"ELEVTYP_T":0},"geometry":{"type":"LineString","coordinates":[[-74.072544281635,40.1014697231733],[-74.0724416157921,40.1014056528568],[-74.0715884944056,40.1008734523878],[-74.0712360654735,40.1006529077678],[-74.0711621094813,40.1005716475311],[-74.0711068921284,40.100466572132],[-74.0711013361621,40.1003664578638],[-74.0711083884674,40.1002282577602],[-74.0711524872067,40.1001283264386],[-74.0712462040659,40.1000285796747],[-74.0714646664151,40.0998292547546],[-74.0715770969365,40.0997152460668],[-74.0716583489671,40.0996249794571],[-74.0717459399421,40.0995156551016],[-74.0718334342166,40.0994159127643]]}},{"type":"Feature","id":179422,"properties":{"OBJECTID":179422,"PRIMENAME":"Quail Place","ELEVTYP_F":0,"ELEVTYP_T":0},"geometry":{"type":"LineString","coordinates":[[-74.077427792273,40.0959673172439],[-74.078059021321,40.0963074017428]]}},{"type":"Feature","id":179654,"properties":{"OBJECTID":179654,"PRIMENAME":"Perrine Boulevard","ELEVTYP_F":0,"ELEVTYP_T":0},"geometry":{"type":"LineString","coordinates":[[-74.0461491881277,40.115251840922],[-74.046055511393,40.1150785751596],[-74.0458777986983,40.114734715706],[-74.0457427966991,40.1144958671062],[-74.0456261115998,40.1143095246222],[-74.0455154223611,40.1141518122791],[-74.0453675074968,40.1139891494429],[-74.0451761186682,40.1138311469894],[-74.0451242751434,40.1137984663989]]}},{"type":"Feature","id":179728,"properties":{"OBJECTID":179728,"PRIMENAME":"Broadway","ELEVTYP_F":0,"ELEVTYP_T":0},"geometry":{"type":"LineString","coordinates":[[-74.047677135142,40.1005194344883],[-74.0476965600196,40.1005175333285],[-74.0478563162365,40.1004916929879],[-74.048787001066,40.1003205010347],[-74.049113980984,40.1002746097022],[-74.0491797136708,40.1002653389635]]}},{"type":"Feature","id":179938,"properties":{"OBJECTID":179938,"PRIMENAME":"Saint Louis Avenue","ELEVTYP_F":0,"ELEVTYP_T":0},"geometry":{"type":"LineString","coordinates":[[-74.0457985875872,40.0899414599509],[-74.0458556213708,40.0904006172611]]}},{"type":"Feature","id":180579,"properties":{"OBJECTID":180579,"PRIMENAME":"Rankin Road","ELEVTYP_F":0,"ELEVTYP_T":0},"geometry":{"type":"LineString","coordinates":[[-74.0667604698366,40.1098980394938],[-74.0666409725183,40.1098202025848],[-74.0663130892231,40.1096426168989],[-74.0659418645466,40.1094553692027],[-74.0656511181278,40.1092969730714],[-74.0655471498006,40.1092398928902],[-74.0652490405084,40.1090762252196],[-74.0648408094018,40.1088507026163],[-74.0647406788545,40.1087977531757]]}},{"type":"Feature","id":180636,"properties":{"OBJECTID":180636,"PRIMENAME":"Isham Circle","ELEVTYP_F":0,"ELEVTYP_T":0},"geometry":{"type":"LineString","coordinates":[[-74.0620292888162,40.1048073336308],[-74.0622029652877,40.1049420163814],[-74.0623142642788,40.1050139796594],[-74.0625166721769,40.1051294462158],[-74.062524466143,40.1051338926338],[-74.062598544137,40.1052009377923],[-74.0626846556046,40.1053203817985],[-74.0628199738666,40.1055163034541],[-74.0629430955647,40.1056740473485],[-74.0630231156506,40.1057792201083],[-74.0630786836209,40.1058223385667],[-74.0631655342222,40.1058321648211],[-74.0632214082919,40.105827626201],[-74.0632694164196,40.1057840193254],[-74.0632841181243,40.1057325184104],[-74.0632235114669,40.1054987736026],[-74.0630047941509,40.1047592141109],[-74.0629865697631,40.1047018786251],[-74.0629309966159,40.104654037782],[-74.0626898130537,40.1045149283652],[-74.0626092467072,40.1044955448532],[-74.0625160852973,40.1044999693714],[-74.0624289724484,40.1045425221284],[-74.062264771099,40.1046513156289],[-74.0620292888162,40.1048073336308]]}},{"type":"Feature","id":180976,"properties":{"OBJECTID":180976,"PRIMENAME":"Oak Road","ELEVTYP_F":0,"ELEVTYP_T":0},"geometry":{"type":"LineString","coordinates":[[-74.0648081595503,40.1197679597922],[-74.0643118720428,40.1197147295036],[-74.0632674730984,40.119615590576],[-74.0629759163076,40.1195879124067],[-74.0628406353182,40.1195750705513]]}},{"type":"Feature","id":180984,"properties":{"OBJECTID":180984,"PRIMENAME":"Union Lane","ELEVTYP_F":0,"ELEVTYP_T":0},"geometry":{"type":"LineString","coordinates":[[-74.0619545745717,40.1135043145741],[-74.0608086328769,40.1128107098778]]}},{"type":"Feature","id":181045,"properties":{"OBJECTID":181045,"PRIMENAME":"FR RAMP A101500 to RT 71 SB","ELEVTYP_F":0,"ELEVTYP_T":0},"geometry":{"type":"LineString","coordinates":[[-74.058290511651,40.1103483429627],[-74.058303121545,40.1103569119369],[-74.0583160878652,40.1103651613617],[-74.0583293968825,40.1103730825022],[-74.0583430345047,40.1103806669712],[-74.0583569862918,40.1103879067379],[-74.0583712374713,40.1103947941365],[-74.0583857729533,40.1104013218744],[-74.0584005773472,40.1104074830396],[-74.0584265367319,40.1104171733098],[-74.0584531594092,40.110425737168],[-74.0584803625512,40.1104331479706],[-74.0585080615241,40.1104393826612],[-74.0585356211612,40.1104420469855],[-74.0585632573429,40.1104441935788],[-74.0585909535739,40.11044582116],[-74.0586186933232,40.1104469287575],[-74.0586557196594,40.1104475947112],[-74.0586927546008,40.110447334363]]}},{"type":"Feature","id":181533,"properties":{"OBJECTID":181533,"PRIMENAME":"Cedar Avenue","ELEVTYP_F":0,"ELEVTYP_T":0},"geometry":{"type":"LineString","coordinates":[[-74.0538155948194,40.097787309954],[-74.0534279368265,40.0977094501239]]}},{"type":"Feature","id":181551,"properties":{"OBJECTID":181551,"PRIMENAME":"Old Bridge Road","ELEVTYP_F":0,"ELEVTYP_T":0},"geometry":{"type":"LineString","coordinates":[[-74.0754186689385,40.1059236884447],[-74.0753368372151,40.1060139527631],[-74.0748709779021,40.1065090343089],[-74.0747339898124,40.1066428332001]]}},{"type":"Feature","id":181684,"properties":{"OBJECTID":181684,"PRIMENAME":"Morningstar Road","ELEVTYP_F":0,"ELEVTYP_T":0},"geometry":{"type":"LineString","coordinates":[[-74.0804040195349,40.1089792060067],[-74.0801955105579,40.1087867739249],[-74.0799784357744,40.1086001342561],[-74.0796635072381,40.1084283265177],[-74.0790485864751,40.1082559170958]]}},{"type":"Feature","id":181735,"properties":{"OBJECTID":181735,"PRIMENAME":"Old Bridge Road","ELEVTYP_F":0,"ELEVTYP_T":0},"geometry":{"type":"LineString","coordinates":[[-74.0815651630722,40.1002315831604],[-74.0811922165541,40.1004549944684]]}},{"type":"Feature","id":182025,"properties":{"OBJECTID":182025,"PRIMENAME":"Saint Louis Avenue","ELEVTYP_F":0,"ELEVTYP_T":0},"geometry":{"type":"LineString","coordinates":[[-74.0465709776959,40.1005571672836],[-74.0465771178416,40.1007794238668],[-74.0465743446183,40.101197194252]]}},{"type":"Feature","id":182171,"properties":{"OBJECTID":182171,"PRIMENAME":"River Road","ELEVTYP_F":0,"ELEVTYP_T":0},"geometry":{"type":"LineString","coordinates":[[-74.0799304341213,40.090367131785],[-74.0805892452708,40.0892816551407],[-74.0805785338729,40.0892018069344]]}},{"type":"Feature","id":182423,"properties":{"OBJECTID":182423,"PRIMENAME":"Susan Lane","ELEVTYP_F":0,"ELEVTYP_T":0},"geometry":{"type":"LineString","coordinates":[[-74.0652476739042,40.1083136285512],[-74.0654342431541,40.1082619212181],[-74.0655273731737,40.1082574933448],[-74.0656391297877,40.1082531910935],[-74.0657507657639,40.1082678576893],[-74.065862311685,40.1082968817203],[-74.0660480919605,40.1083690655909],[-74.0664070517962,40.1085276891052],[-74.0667414830549,40.1086528636468],[-74.0671129471579,40.1088020042582],[-74.0673437863859,40.1088957683203],[-74.0674595644495,40.1089454513082],[-74.0675449283535,40.1089762700878],[-74.0676547414748,40.1090024865816],[-74.0678652205753,40.1090595777177],[-74.0680970438902,40.1091167489658],[-74.0683229385025,40.1091504518254],[-74.0684328297649,40.1091643959887],[-74.068489963004,40.1091646088567]]}},{"type":"Feature","id":182472,"properties":{"OBJECTID":182472,"PRIMENAME":"Old Bridge Road","ELEVTYP_F":0,"ELEVTYP_T":0},"geometry":{"type":"LineString","coordinates":[[-74.0653033475887,40.1156981272342],[-74.0654522293549,40.1156774918443]]}},{"type":"Feature","id":183249,"properties":{"OBJECTID":183249,"PRIMENAME":"Conover Place","ELEVTYP_F":0,"ELEVTYP_T":0},"geometry":{"type":"LineString","coordinates":[[-74.0862184760306,40.1052751537255],[-74.0862875820019,40.1052577479629],[-74.0866802002632,40.1051588083219]]}},{"type":"Feature","id":184073,"properties":{"OBJECTID":184073,"PRIMENAME":"Oak Road","ELEVTYP_F":0,"ELEVTYP_T":0},"geometry":{"type":"LineString","coordinates":[[-74.0628406353182,40.1195750705513],[-74.0622266510196,40.1195167818016],[-74.0620801260587,40.1195028850853]]}},{"type":"Feature","id":184255,"properties":{"OBJECTID":184255,"PRIMENAME":"Constance Drive","ELEVTYP_F":0,"ELEVTYP_T":0},"geometry":{"type":"LineString","coordinates":[[-74.0684037584126,40.1198947959658],[-74.0684276727428,40.1197491917409],[-74.0686084523565,40.1186488904586],[-74.0688083133974,40.1174819205802],[-74.0688302954129,40.1173533302069]]}},{"type":"Feature","id":184475,"properties":{"OBJECTID":184475,"PRIMENAME":"Deer Run Drive","ELEVTYP_F":0,"ELEVTYP_T":0},"geometry":{"type":"LineString","coordinates":[[-74.084654663545,40.1076129227273],[-74.0847652095171,40.1075781795965],[-74.0849021463533,40.1075072097457],[-74.0850266903848,40.1074456669811],[-74.0855123652942,40.1072090863137]]}},{"type":"Feature","id":184601,"properties":{"OBJECTID":184601,"PRIMENAME":"Curtis Avenue","ELEVTYP_F":0,"ELEVTYP_T":0},"geometry":{"type":"LineString","coordinates":[[-74.0520494898036,40.0974350787479],[-74.051950380637,40.097745458758]]}},{"type":"Feature","id":185021,"properties":{"OBJECTID":185021,"PRIMENAME":"Schoolhouse Road","ELEVTYP_F":1,"ELEVTYP_T":0},"geometry":{"type":"LineString","coordinates":[[-74.0652605854244,40.1116768669278],[-74.0655442783746,40.1113267251308],[-74.0666887838352,40.1099822171876],[-74.0667604698366,40.1098980394938]]}},{"type":"Feature","id":185290,"properties":{"OBJECTID":185290,"PRIMENAME":"Shore Drive","ELEVTYP_F":0,"ELEVTYP_T":0},"geometry":{"type":"LineString","coordinates":[[-74.0768585865975,40.098242200002],[-74.0769364849896,40.0981954856084],[-74.0770547870975,40.0981244018998],[-74.077129637982,40.0980674903369],[-74.0774294667278,40.097754027338],[-74.0778166637144,40.0973646160247],[-74.0779478449544,40.0972220914054],[-74.0781163449082,40.0970797295818],[-74.0782538324152,40.0969229507252],[-74.0784535890083,40.0967377932904],[-74.0785659436916,40.0966333581051],[-74.0786284863186,40.0966010130521],[-74.0787215477482,40.0965528826711],[-74.0788521211574,40.0965200022012],[-74.0789949736309,40.0965014142434],[-74.0791624524233,40.0965068541459],[-74.0793920646899,40.096517187721],[-74.0796463907871,40.0965371902781],[-74.0797533534943,40.0965478462698]]}},{"type":"Feature","id":185528,"properties":{"OBJECTID":185528,"PRIMENAME":"Sunset Drive","ELEVTYP_F":0,"ELEVTYP_T":0},"geometry":{"type":"LineString","coordinates":[[-74.0797193188545,40.1000118051344],[-74.0800892300303,40.1002182537479]]}},{"type":"Feature","id":185806,"properties":{"OBJECTID":185806,"PRIMENAME":"Lantern Light Way","ELEVTYP_F":0,"ELEVTYP_T":0},"geometry":{"type":"LineString","coordinates":[[-74.0790485864751,40.1082559170958],[-74.0790644353629,40.1082191347106],[-74.0794464589615,40.1073324879633]]}},{"type":"Feature","id":186240,"properties":{"OBJECTID":186240,"PRIMENAME":"Riverview Drive","ELEVTYP_F":0,"ELEVTYP_T":0},"geometry":{"type":"LineString","coordinates":[[-74.0791762258607,40.1016000316429],[-74.0790629438003,40.1014535145684],[-74.0789918976135,40.1013498832476],[-74.0788763977475,40.1011814081049]]}},{"type":"Feature","id":186681,"properties":{"OBJECTID":186681,"PRIMENAME":"Oceanview Road","ELEVTYP_F":0,"ELEVTYP_T":0},"geometry":{"type":"LineString","coordinates":[[-74.0754186689385,40.1059236884447],[-74.0739952162546,40.105076555864],[-74.0729255500406,40.1044148954412],[-74.0714848748871,40.1035373628751],[-74.0701247379027,40.1026839678133],[-74.0696672328109,40.1024010402896],[-74.0695311211111,40.1023290467697],[-74.0693760879753,40.1023093902833],[-74.0691094592433,40.1022702941296],[-74.0689482667051,40.1022410875609],[-74.0687749394824,40.1021689546501],[-74.0686326797978,40.1020969371849],[-74.0684719333298,40.1019914675039],[-74.0682619592341,40.101823880883],[-74.0680828058686,40.1016897631581],[-74.0677922140175,40.1015170977756],[-74.0675511232079,40.1013636957987],[-74.0667658866467,40.1008888980982],[-74.0666749662454,40.1008339257439]]}},{"type":"Feature","id":186946,"properties":{"OBJECTID":186946,"PRIMENAME":"Palmer Way","ELEVTYP_F":0,"ELEVTYP_T":0},"geometry":{"type":"LineString","coordinates":[[-74.0861624928564,40.1087671211388],[-74.086274830017,40.1087377907132],[-74.0869773190438,40.1085544127416],[-74.0879904696385,40.1083292550797],[-74.0880699479522,40.1083116104523]]}},{"type":"Feature","id":187352,"properties":{"OBJECTID":187352,"PRIMENAME":"Teaberry Lane","ELEVTYP_F":0,"ELEVTYP_T":0},"geometry":{"type":"LineString","coordinates":[[-74.0718334342166,40.0994159127643],[-74.0720454400954,40.0992594168015],[-74.0726809087645,40.0988709407281],[-74.0728112419336,40.0987861251908]]}},{"type":"Feature","id":187410,"properties":{"OBJECTID":187410,"PRIMENAME":"Arnold Avenue","ELEVTYP_F":0,"ELEVTYP_T":0},"geometry":{"type":"LineString","coordinates":[[-74.0518050894398,40.0915816805168],[-74.0511931531156,40.0916285888902]]}},{"type":"Feature","id":187464,"properties":{"OBJECTID":187464,"PRIMENAME":"Broadway","ELEVTYP_F":0,"ELEVTYP_T":0},"geometry":{"type":"LineString","coordinates":[[-74.04443259025,40.1005790298252],[-74.0465709776959,40.1005571672836]]}},{"type":"Feature","id":187676,"properties":{"OBJECTID":187676,"PRIMENAME":"Brandywyne","ELEVTYP_F":0,"ELEVTYP_T":0},"geometry":{"type":"LineString","coordinates":[[-74.0703844341403,40.1126341366271],[-74.0706634326056,40.1126481365838]]}},{"type":"Feature","id":188283,"properties":{"OBJECTID":188283,"PRIMENAME":"Cedar Avenue","ELEVTYP_F":0,"ELEVTYP_T":0},"geometry":{"type":"LineString","coordinates":[[-74.0534279368265,40.0977094501239],[-74.0523057651809,40.0974840574194],[-74.0520494898036,40.0974350787479]]}},{"type":"Feature","id":188414,"properties":{"OBJECTID":188414,"PRIMENAME":"Brandywyne","ELEVTYP_F":0,"ELEVTYP_T":0},"geometry":{"type":"LineString","coordinates":[[-74.0685654326432,40.112907136996],[-74.0688234319598,40.113081136161],[-74.0689624314188,40.1131501355619],[-74.0690184330578,40.1131701356837],[-74.0690854328743,40.1131761358706],[-74.0693874325843,40.1131591372263],[-74.069542432581,40.1131641366777],[-74.0696374327647,40.1131761365118],[-74.0697164318246,40.1131911364615],[-74.0700354311086,40.1132711367419],[-74.0701024318566,40.1132781370086],[-74.0702094314279,40.1132721365256],[-74.0703254326093,40.11324313514],[-74.0703724334606,40.1132221361179],[-74.0704164328714,40.1131971358958],[-74.0704824314762,40.1131441364873],[-74.0705134336428,40.113109136324],[-74.070552433101,40.1130401369054],[-74.0705664341884,40.1129981356874],[-74.0705734330639,40.1129561364272],[-74.0705684323087,40.1128811364946],[-74.0705204319132,40.1127621370232]]}},{"type":"Feature","id":188782,"properties":{"OBJECTID":188782,"PRIMENAME":"Brandywyne","ELEVTYP_F":0,"ELEVTYP_T":0},"geometry":{"type":"LineString","coordinates":[[-74.067801968399,40.1131505513169],[-74.0678504304213,40.1131121367616],[-74.0678924326923,40.1130901356437],[-74.0680884324649,40.1130101353383],[-74.0682144322855,40.1129761367041],[-74.0684364323571,40.1129411356411],[-74.0685654326432,40.112907136996]]}},{"type":"Feature","id":189164,"properties":{"OBJECTID":189164,"PRIMENAME":"Rabbit Run","ELEVTYP_F":0,"ELEVTYP_T":0},"geometry":{"type":"LineString","coordinates":[[-74.0792374077572,40.1095193340305],[-74.0795454366187,40.1093831344919],[-74.0797308515959,40.1092922271727],[-74.0804040195349,40.1089792060067]]}},{"type":"Feature","id":189190,"properties":{"OBJECTID":189190,"PRIMENAME":"Ashley Avenue","ELEVTYP_F":0,"ELEVTYP_T":0},"geometry":{"type":"LineString","coordinates":[[-74.0550791098758,40.1064251731809],[-74.054782731313,40.1067198412574]]}},{"type":"Feature","id":189218,"properties":{"OBJECTID":189218,"PRIMENAME":"East Virginia Avenue","ELEVTYP_F":0,"ELEVTYP_T":0},"geometry":{"type":"LineString","coordinates":[[-74.0454340267214,40.1159099398715],[-74.0455837820877,40.1160061192677],[-74.0464369270017,40.1165432592961],[-74.0465334254072,40.1166042534016]]}},{"type":"Feature","id":189603,"properties":{"OBJECTID":189603,"PRIMENAME":"Hickory Court","ELEVTYP_F":0,"ELEVTYP_T":0},"geometry":{"type":"LineString","coordinates":[[-74.0714332765453,40.1120023660701],[-74.0713214322475,40.1119881356085],[-74.0710694328072,40.111939135603],[-74.0709174323366,40.1118761359736]]}},{"type":"Feature","id":189702,"properties":{"OBJECTID":189702,"PRIMENAME":"Old Bridge Road","ELEVTYP_F":0,"ELEVTYP_T":0},"geometry":{"type":"LineString","coordinates":[[-74.070551978204,40.1136300120857],[-74.0700309153519,40.1138326611688],[-74.0693999674213,40.1140807435332]]}},{"type":"Feature","id":189913,"properties":{"OBJECTID":189913,"PRIMENAME":"Lakewood Road","ELEVTYP_F":0,"ELEVTYP_T":0},"geometry":{"type":"LineString","coordinates":[[-74.0795909955394,40.1193905792475],[-74.0806682532194,40.1190437587391]]}},{"type":"Feature","id":190514,"properties":{"OBJECTID":190514,"PRIMENAME":"Dewey Avenue","ELEVTYP_F":0,"ELEVTYP_T":0},"geometry":{"type":"LineString","coordinates":[[-74.0471511493889,40.1179451417039],[-74.0466480593709,40.1183981239748],[-74.0465730111317,40.1184666003261]]}},{"type":"Feature","id":190837,"properties":{"OBJECTID":190837,"PRIMENAME":"Riverview Drive","ELEVTYP_F":0,"ELEVTYP_T":0},"geometry":{"type":"LineString","coordinates":[[-74.0588804247748,40.1064465481152],[-74.0587056887917,40.1066421723472]]}},{"type":"Feature","id":191131,"properties":{"OBJECTID":191131,"PRIMENAME":"Morningstar Road","ELEVTYP_F":0,"ELEVTYP_T":0},"geometry":{"type":"LineString","coordinates":[[-74.0808649863394,40.1103379412032],[-74.0808821021824,40.110225005424],[-74.0808898219239,40.1099318393259],[-74.0808901942652,40.1099176169947],[-74.0808417658333,40.1097172645426],[-74.0807716136122,40.1095168316345],[-74.080664261679,40.1093091152352],[-74.0805489627637,40.1091629527584],[-74.0804040195349,40.1089792060067]]}},{"type":"Feature","id":191220,"properties":{"OBJECTID":191220,"PRIMENAME":"Chicago Avenue","ELEVTYP_F":0,"ELEVTYP_T":0},"geometry":{"type":"LineString","coordinates":[[-74.0443722972123,40.0968677127262],[-74.0443852693317,40.097554475088]]}},{"type":"Feature","id":191292,"properties":{"OBJECTID":191292,"PRIMENAME":"Marla Drive","ELEVTYP_F":0,"ELEVTYP_T":0},"geometry":{"type":"LineString","coordinates":[[-74.057515323657,40.0892603438463],[-74.0574347255246,40.0899704203643],[-74.0574239305504,40.0900655245651]]}},{"type":"Feature","id":191561,"properties":{"OBJECTID":191561,"PRIMENAME":"Forman Avenue","ELEVTYP_F":0,"ELEVTYP_T":0},"geometry":{"type":"LineString","coordinates":[[-74.0417184240328,40.0894200045516],[-74.0437133365188,40.0892659066464]]}},{"type":"Feature","id":191679,"properties":{"OBJECTID":191679,"PRIMENAME":"Wainright Place","ELEVTYP_F":0,"ELEVTYP_T":0},"geometry":{"type":"LineString","coordinates":[[-74.0526093345527,40.1077362675278],[-74.0529774287439,40.1073731350278],[-74.0530754283025,40.1072791363486]]}},{"type":"Feature","id":191692,"properties":{"OBJECTID":191692,"PRIMENAME":"Valley Road","ELEVTYP_F":0,"ELEVTYP_T":0},"geometry":{"type":"LineString","coordinates":[[-74.0750487688201,40.1045046250654],[-74.0751101572064,40.1044467593971],[-74.0756845060545,40.1039055139211],[-74.0758344605401,40.1037535880991],[-74.0758367620275,40.1037512907615]]}},{"type":"Feature","id":191794,"properties":{"OBJECTID":191794,"PRIMENAME":"Riverview Drive","ELEVTYP_F":0,"ELEVTYP_T":0},"geometry":{"type":"LineString","coordinates":[[-74.0717064920591,40.0966445194933],[-74.070956057058,40.0970813208003]]}},{"type":"Feature","id":192222,"properties":{"OBJECTID":192222,"PRIMENAME":"Cole Drive Extension","ELEVTYP_F":0,"ELEVTYP_T":0},"geometry":{"type":"LineString","coordinates":[[-74.0669857154424,40.0975438738175],[-74.0671041523193,40.0974585257382],[-74.0672083616619,40.0973675788259],[-74.0673724627091,40.0972685646698]]}},{"type":"Feature","id":192929,"properties":{"OBJECTID":192929,"PRIMENAME":"Woodland Road","ELEVTYP_F":0,"ELEVTYP_T":0},"geometry":{"type":"LineString","coordinates":[[-74.0540920708602,40.0932412077459],[-74.0540916293981,40.0932376915506],[-74.0540847914949,40.0931461640381],[-74.0539960815233,40.0924709428718],[-74.0539842256734,40.0924254069214]]}},{"type":"Feature","id":193072,"properties":{"OBJECTID":193072,"PRIMENAME":"FR RT 35 SB to RT 35 NB","ELEVTYP_F":0,"ELEVTYP_T":0},"geometry":{"type":"LineString","coordinates":[[-74.0503743401974,40.09660540707],[-74.0503658605809,40.0965773039643],[-74.0503556248605,40.096549547875],[-74.0503436568908,40.0965222034826],[-74.0503299845631,40.0964953345081],[-74.05031463974,40.0964690035645],[-74.0502976581816,40.0964432720109],[-74.0502790794619,40.0964181998098],[-74.0502589468768,40.0963938453869],[-74.0502422915142,40.0963771783594],[-74.0502239723236,40.0963615748732],[-74.0502041040135,40.0963471326309],[-74.0501828109917,40.0963339420638],[-74.0501678895002,40.0963258849031],[-74.0501524354333,40.0963184433595],[-74.0501364918115,40.0963116381483],[-74.0501201030178,40.0963054882135],[-74.0501033146745,40.0963000106749],[-74.0500861735163,40.0962952207806],[-74.0500687272597,40.0962911318643],[-74.0500510244708,40.0962877553087]]}},{"type":"Feature","id":193240,"properties":{"OBJECTID":193240,"PRIMENAME":"Ramshorn Drive","ELEVTYP_F":0,"ELEVTYP_T":0},"geometry":{"type":"LineString","coordinates":[[-74.0864751855649,40.1101265878278],[-74.0864814871294,40.1099658175325],[-74.0864827570874,40.1097561083457],[-74.0864653482418,40.1095606354043],[-74.086404406724,40.1093745326989],[-74.0863830661916,40.1093161738035],[-74.086331108971,40.1091740837839],[-74.0862894010683,40.1090710400933]]}},{"type":"Feature","id":193492,"properties":{"OBJECTID":193492,"PRIMENAME":"Sinclaire Road","ELEVTYP_F":0,"ELEVTYP_T":0},"geometry":{"type":"LineString","coordinates":[[-74.0616974014202,40.0895025952913],[-74.0618139597087,40.0900515736612],[-74.0618723386238,40.0903265216131]]}},{"type":"Feature","id":193797,"properties":{"OBJECTID":193797,"PRIMENAME":"Union Lane","ELEVTYP_F":0,"ELEVTYP_T":0},"geometry":{"type":"LineString","coordinates":[[-74.0631223541691,40.1142302709127],[-74.062422138152,40.1137944741628]]}},{"type":"Feature","id":193899,"properties":{"OBJECTID":193899,"PRIMENAME":"Mountain Laurel Lane","ELEVTYP_F":0,"ELEVTYP_T":0},"geometry":{"type":"LineString","coordinates":[[-74.0726760808488,40.1085980965309],[-74.0724184335538,40.1085681353881],[-74.0722004328228,40.108569135384],[-74.0720854333597,40.1085791351474],[-74.0719734339626,40.1085961352292],[-74.0718124334196,40.1086321351324]]}},{"type":"Feature","id":193900,"properties":{"OBJECTID":193900,"PRIMENAME":"Ramshorn Drive","ELEVTYP_F":0,"ELEVTYP_T":0},"geometry":{"type":"LineString","coordinates":[[-74.0845375448806,40.1048787262919],[-74.0846241740412,40.1050840015433]]}},{"type":"Feature","id":194126,"properties":{"OBJECTID":194126,"PRIMENAME":"Union Avenue","ELEVTYP_F":0,"ELEVTYP_T":0},"geometry":{"type":"LineString","coordinates":[[-74.0547200793608,40.1151271183134],[-74.0546437316711,40.115215855021],[-74.0546381107827,40.1152223940149]]}},{"type":"Feature","id":194294,"properties":{"OBJECTID":194294,"PRIMENAME":"Collier Road","ELEVTYP_F":0,"ELEVTYP_T":0},"geometry":{"type":"LineString","coordinates":[[-74.077368408753,40.116013174519],[-74.0775754361857,40.1160601368772],[-74.0777609151096,40.1160965507131],[-74.0779453815391,40.116110995488],[-74.0781920905482,40.1161022649985],[-74.0783887943222,40.1160676751531],[-74.0785085594159,40.1160351999313],[-74.0786763070537,40.1159713759695],[-74.0788987846774,40.115882496378]]}},{"type":"Feature","id":194368,"properties":{"OBJECTID":194368,"PRIMENAME":"Higgins Avenue","ELEVTYP_F":0,"ELEVTYP_T":0},"geometry":{"type":"LineString","coordinates":[[-74.0556684559019,40.1058588279085],[-74.0555954798068,40.105810312437],[-74.0552493599168,40.105580190899],[-74.0550640687525,40.1054412523253],[-74.0549528384878,40.1053598116153],[-74.0548875180435,40.1053042961334]]}},{"type":"Feature","id":194391,"properties":{"OBJECTID":194391,"PRIMENAME":"Hardenberg Cove","ELEVTYP_F":0,"ELEVTYP_T":0},"geometry":{"type":"LineString","coordinates":[[-74.0813794030615,40.090816826351],[-74.0812709112276,40.0907746610362],[-74.0810971238134,40.0907071184965]]}},{"type":"Feature","id":195093,"properties":{"OBJECTID":195093,"PRIMENAME":"West Union Lane","ELEVTYP_F":0,"ELEVTYP_T":0},"geometry":{"type":"LineString","coordinates":[[-74.0696048955387,40.1153065542648],[-74.0695643892137,40.1157284417029]]}},{"type":"Feature","id":195198,"properties":{"OBJECTID":195198,"PRIMENAME":"Cardeza Avenue","ELEVTYP_F":0,"ELEVTYP_T":0},"geometry":{"type":"LineString","coordinates":[[-74.0553850430936,40.1094619407176],[-74.055332385713,40.1095102208241],[-74.0545954492213,40.1101857534771]]}},{"type":"Feature","id":196007,"properties":{"OBJECTID":196007,"PRIMENAME":"Union Avenue","ELEVTYP_F":0,"ELEVTYP_T":0},"geometry":{"type":"LineString","coordinates":[[-74.0592041359488,40.1081401514057],[-74.0591115937339,40.1082306417395],[-74.0590241617374,40.1083160994909],[-74.0589802553144,40.1083826706464],[-74.0589485445541,40.1084873927591],[-74.0589497597265,40.1085529675191],[-74.0589518321511,40.1086648895747]]}},{"type":"Feature","id":197141,"properties":{"OBJECTID":197141,"PRIMENAME":"Union Lane","ELEVTYP_F":0,"ELEVTYP_T":0},"geometry":{"type":"LineString","coordinates":[[-74.0654144399921,40.1156541249227],[-74.0648485243294,40.115303868073],[-74.0635067451081,40.1144694639648],[-74.0631223541691,40.1142302709127]]}},{"type":"Feature","id":198902,"properties":{"OBJECTID":198902,"PRIMENAME":"FR RT 35 NB to RT 35 SB","ELEVTYP_F":0,"ELEVTYP_T":0},"geometry":{"type":"LineString","coordinates":[[-74.0497031483396,40.0987369480819],[-74.0497361881764,40.0987759413286],[-74.049773072904,40.0988128455087],[-74.049813579567,40.0988474375433],[-74.0498574633152,40.0988795083296],[-74.0498861855848,40.0988943702898],[-74.0499170729004,40.0989064021937],[-74.0499496548531,40.098915420797],[-74.0499834352244,40.0989212887474],[-74.0500178995434,40.0989239166766],[-74.0500525229223,40.0989232645616],[-74.0500867780509,40.098919342334],[-74.0501201432277,40.0989122097289],[-74.0501439107841,40.0989036804642],[-74.050166709053,40.0988937121683],[-74.0501883906001,40.0988823693057],[-74.0502088152128,40.0988697252295],[-74.0502278508076,40.0988558617083],[-74.0502453742835,40.0988408683963],[-74.0502612723187,40.0988248422539],[-74.0502754421032,40.0988078869209],[-74.0503039100403,40.0987541030643],[-74.050329884838,40.098699580121],[-74.0503533340444,40.0986443862227],[-74.0503742283636,40.0985885903392]]}},{"type":"Feature","id":199784,"properties":{"OBJECTID":199784,"PRIMENAME":"Borrie Avenue","ELEVTYP_F":0,"ELEVTYP_T":0},"geometry":{"type":"LineString","coordinates":[[-74.055836028916,40.1138342752969],[-74.0552689050224,40.1135421406175],[-74.0541923565099,40.1129946520371],[-74.052425152367,40.1120845491403]]}},{"type":"Feature","id":201042,"properties":{"OBJECTID":201042,"PRIMENAME":"Oakshire Lane","ELEVTYP_F":0,"ELEVTYP_T":0},"geometry":{"type":"LineString","coordinates":[[-74.0851169673602,40.1093110141595],[-74.0851125823558,40.1093116298353],[-74.0850277210714,40.109323542773],[-74.0846608632527,40.1094270977451],[-74.0834295185168,40.1098039715195],[-74.0824255733484,40.1101024222214]]}},{"type":"Feature","id":201185,"properties":{"OBJECTID":201185,"PRIMENAME":"Ivy Road","ELEVTYP_F":0,"ELEVTYP_T":0},"geometry":{"type":"LineString","coordinates":[[-74.0641907858344,40.1183230239725],[-74.0647425062493,40.118377053965],[-74.0649720935248,40.1183969687931],[-74.065031169713,40.1184020498845]]}},{"type":"Feature","id":201228,"properties":{"OBJECTID":201228,"PRIMENAME":"Cooks Lane","ELEVTYP_F":0,"ELEVTYP_T":0},"geometry":{"type":"LineString","coordinates":[[-74.0469763089004,40.0953438202182],[-74.0469861191152,40.0953252728386],[-74.0469912759921,40.0952806818094],[-74.0469889294723,40.0949014351109],[-74.0469941849694,40.094841965057],[-74.0470091413216,40.0947751202568],[-74.0472661006075,40.0935916329458],[-74.0472829033522,40.0935265804806],[-74.0473014243922,40.0934933516273],[-74.047327653334,40.0934676484412],[-74.0473617128254,40.0934417560796],[-74.0474102590367,40.0934196266538],[-74.0474684671942,40.0934012683175],[-74.0475605859149,40.0933793081446]]}},{"type":"Feature","id":201512,"properties":{"OBJECTID":201512,"PRIMENAME":"Dewey Avenue","ELEVTYP_F":0,"ELEVTYP_T":0},"geometry":{"type":"LineString","coordinates":[[-74.0465730111317,40.1184666003261],[-74.0459987060011,40.1189910910296]]}},{"type":"Feature","id":201646,"properties":{"OBJECTID":201646,"PRIMENAME":"Woodland Avenue","ELEVTYP_F":0,"ELEVTYP_T":0},"geometry":{"type":"LineString","coordinates":[[-74.0504401007421,40.112060087699],[-74.0503623161341,40.112040898328],[-74.0489493125162,40.1116922412197]]}},{"type":"Feature","id":202339,"properties":{"OBJECTID":202339,"PRIMENAME":"Cooks Road","ELEVTYP_F":0,"ELEVTYP_T":0},"geometry":{"type":"LineString","coordinates":[[-74.0474787131902,40.0929012772511],[-74.0475347093359,40.0932600880161],[-74.0475605859149,40.0933793081446]]}},{"type":"Feature","id":202579,"properties":{"OBJECTID":202579,"PRIMENAME":"Holly Road","ELEVTYP_F":0,"ELEVTYP_T":0},"geometry":{"type":"LineString","coordinates":[[-74.0633285789206,40.1189383962332],[-74.0634782201975,40.1189533794366]]}},{"type":"Feature","id":203214,"properties":{"OBJECTID":203214,"PRIMENAME":"Aileen Road","ELEVTYP_F":0,"ELEVTYP_T":0},"geometry":{"type":"LineString","coordinates":[[-74.0794121426346,40.0973263305019],[-74.079486006003,40.0973945179678],[-74.0796155355158,40.0975141351142],[-74.0797267463445,40.0975955522049],[-74.0798627435087,40.0976865856998],[-74.0799850039941,40.0977733693039],[-74.0801473205256,40.0978630162598],[-74.0802851351028,40.0979260533695],[-74.0804254861521,40.0979777345875],[-74.0805781823053,40.0980275661845],[-74.0807211168081,40.0980602581296],[-74.0808967392481,40.0980907083652],[-74.0811260809074,40.0981344189281],[-74.0814173932137,40.0981926847882],[-74.081603193189,40.0982600666246],[-74.0817764938236,40.0983369575598],[-74.0818821299291,40.0983837893431]]}},{"type":"Feature","id":203779,"properties":{"OBJECTID":203779,"PRIMENAME":"Union Avenue","ELEVTYP_F":0,"ELEVTYP_T":0},"geometry":{"type":"LineString","coordinates":[[-74.0553430241531,40.1144045319544],[-74.0550731008163,40.1147168445722],[-74.0547200793608,40.1151271183134]]}},{"type":"Feature","id":203947,"properties":{"OBJECTID":203947,"PRIMENAME":"Union Avenue","ELEVTYP_F":0,"ELEVTYP_T":0},"geometry":{"type":"LineString","coordinates":[[-74.0589518321511,40.1086648895747],[-74.0589518398486,40.1087688542884],[-74.0589536958996,40.1088358194466]]}},{"type":"Feature","id":204105,"properties":{"OBJECTID":204105,"PRIMENAME":"Berkeley Square","ELEVTYP_F":0,"ELEVTYP_T":0},"geometry":{"type":"LineString","coordinates":[[-74.0675198341728,40.1129859539176],[-74.0676511180596,40.1127105308579],[-74.0679376104096,40.1124671495704],[-74.0679206704849,40.1120714725776]]}},{"type":"Feature","id":204494,"properties":{"OBJECTID":204494,"PRIMENAME":"Lenape Trail","ELEVTYP_F":0,"ELEVTYP_T":0},"geometry":{"type":"LineString","coordinates":[[-74.0653158909261,40.1166202658338],[-74.0651814978784,40.1166396098105],[-74.0650654945534,40.1166719340468]]}},{"type":"Feature","id":205316,"properties":{"OBJECTID":205316,"PRIMENAME":"Crescent Drive","ELEVTYP_F":0,"ELEVTYP_T":0},"geometry":{"type":"LineString","coordinates":[[-74.0458801316397,40.109610152671],[-74.0458405660036,40.1096401958089],[-74.0458028359362,40.1097115354787],[-74.0457897632923,40.1098115776898],[-74.0458015044149,40.109911717207],[-74.0458257816332,40.1099976038528],[-74.0458624354394,40.1100882874488],[-74.0459053366289,40.1101694968689],[-74.0459608668544,40.1102173726765],[-74.0460165590084,40.1102461977373],[-74.0460909069936,40.1102655413856],[-74.0461839773638,40.1102706824393],[-74.0462585518681,40.1102614210136],[-74.0463455587013,40.1102427375001],[-74.0464386971503,40.1102431022667],[-74.0465192974727,40.1102576928744],[-74.0466059893328,40.1102866110995],[-74.046816220334,40.1104113568406],[-74.0468921493529,40.1104564298124]]}},{"type":"Feature","id":205754,"properties":{"OBJECTID":205754,"PRIMENAME":"River Road","ELEVTYP_F":0,"ELEVTYP_T":0},"geometry":{"type":"LineString","coordinates":[[-74.0862184760306,40.1052751537255],[-74.0862453185524,40.1054061450449],[-74.0862813295773,40.1056112111974],[-74.0863003700506,40.1056904543283]]}},{"type":"Feature","id":206175,"properties":{"OBJECTID":206175,"PRIMENAME":"Higgins Avenue","ELEVTYP_F":0,"ELEVTYP_T":0},"geometry":{"type":"LineString","coordinates":[[-74.0556684559019,40.1058588279085],[-74.0562939374125,40.1062609973864],[-74.0563402928409,40.106290878776]]}},{"type":"Feature","id":206430,"properties":{"OBJECTID":206430,"PRIMENAME":"Morris Avenue","ELEVTYP_F":0,"ELEVTYP_T":0},"geometry":{"type":"LineString","coordinates":[[-74.0562356320011,40.1200242356757],[-74.0561339800503,40.1199618302506],[-74.0553053816605,40.1194534888703],[-74.0540377218779,40.1186860254964],[-74.0530298014932,40.1180720795308],[-74.0524702008739,40.1177253012612]]}},{"type":"Feature","id":206525,"properties":{"OBJECTID":206525,"PRIMENAME":"Lebanon Drive","ELEVTYP_F":0,"ELEVTYP_T":0},"geometry":{"type":"LineString","coordinates":[[-74.0615249159902,40.1187253198993],[-74.0610991761759,40.1191359968044],[-74.0606067176796,40.1196221992023],[-74.0603795602688,40.1198464701762],[-74.0603057122502,40.1199193778541]]}},{"type":"Feature","id":207790,"properties":{"OBJECTID":207790,"PRIMENAME":"Saint Louis Avenue","ELEVTYP_F":0,"ELEVTYP_T":0},"geometry":{"type":"LineString","coordinates":[[-74.0462040016642,40.0930027538895],[-74.0463461061695,40.0940177845642],[-74.0464005033323,40.0944283666355]]}},{"type":"Feature","id":208362,"properties":{"OBJECTID":208362,"PRIMENAME":"Niblick Street","ELEVTYP_F":0,"ELEVTYP_T":0},"geometry":{"type":"LineString","coordinates":[[-74.0423404035707,40.0953855535601],[-74.04435072751,40.0953743446944]]}},{"type":"Feature","id":208639,"properties":{"OBJECTID":208639,"PRIMENAME":"Cooper Boulevard","ELEVTYP_F":0,"ELEVTYP_T":0},"geometry":{"type":"LineString","coordinates":[[-74.0807455239796,40.1169663097935],[-74.0807469796474,40.1169669194244],[-74.0807848533758,40.1169832535856],[-74.0808224812521,40.1169998894758],[-74.0808598818865,40.1170168532824],[-74.0808831972231,40.1170283304562],[-74.0809060449703,40.1170403004109],[-74.0809284601565,40.1170527902941],[-74.0809504079472,40.1170657414353],[-74.0809718153705,40.1170791923005],[-74.0809927565719,40.1170931044285],[-74.0810131576217,40.1171074811548],[-74.0810329834917,40.1171222953325],[-74.0810522705436,40.1171375479941],[-74.081070032268,40.1171509253073],[-74.0810871824327,40.1171647417428],[-74.0811037222272,40.1171789946031],[-74.0811196529906,40.1171936568726],[-74.0811349360035,40.1172087293122],[-74.0811495739546,40.1172241560894],[-74.0811635291376,40.1172399640885],[-74.0811767676915,40.1172561270674],[-74.0811893249813,40.117272617233],[-74.0812039619389,40.1172998754335],[-74.0812178817729,40.1173273787282],[-74.0812310142654,40.117355098942],[-74.0812434276234,40.1173830093013],[-74.0812550937018,40.1174111079031],[-74.0812660401387,40.1174337412309],[-74.0812761263228,40.1174566191366],[-74.0812853537526,40.1174796884852],[-74.0812937212874,40.1175029438688],[-74.081301227753,40.1175263852832],[-74.081307842774,40.117549991903],[-74.0813135982233,40.1175737314188],[-74.0813210393526,40.1176080195772],[-74.0813276234186,40.1176424145206],[-74.0813333117063,40.1176769161092],[-74.0813381772864,40.1177114696654],[-74.0813421484243,40.1177461028513],[-74.0813436725142,40.1177573669562],[-74.0813522741322,40.1178208938262],[-74.0813614703895,40.1178957363817],[-74.081369807411,40.117970658693],[-74.0813729039955,40.1179963926236],[-74.0813767869259,40.1180220753549],[-74.0813814211797,40.118047678839],[-74.0813868433023,40.118073174386],[-74.081393016739,40.1180985924869],[-74.0813999418606,40.1181238727969],[-74.0814076184691,40.11814904774],[-74.0814160469133,40.1181740605738],[-74.081425228367,40.1181989113026],[-74.0814448620713,40.1182393925079],[-74.0814652115933,40.1182796574294],[-74.0814862781126,40.1183197051701],[-74.0815080616305,40.1183595357299],[-74.08153052578,40.1183991489767],[-74.0815552373539,40.1184403627545],[-74.0815791872313,40.118481821464],[-74.0816023529608,40.1185235511445],[-74.081624767721,40.1185654978751],[-74.0816463924597,40.1186077164572],[-74.0816976953403,40.1186972337509],[-74.0816991625402,40.1186997979033]]}},{"type":"Feature","id":209654,"properties":{"OBJECTID":209654,"PRIMENAME":"Rankin Road","ELEVTYP_F":0,"ELEVTYP_T":0},"geometry":{"type":"LineString","coordinates":[[-74.0629080915375,40.107573693558],[-74.0628259445921,40.1074990406694],[-74.0626530884824,40.1073411098132],[-74.0621717854656,40.1069056430599]]}},{"type":"Feature","id":210222,"properties":{"OBJECTID":210222,"PRIMENAME":"Riverview Drive","ELEVTYP_F":0,"ELEVTYP_T":0},"geometry":{"type":"LineString","coordinates":[[-74.0612340154989,40.1041474267372],[-74.0610330964658,40.1043082545328],[-74.0607211268155,40.1045644437655],[-74.0607035203579,40.1045780197315],[-74.060502494326,40.1047330277325]]}},{"type":"Feature","id":210304,"properties":{"OBJECTID":210304,"PRIMENAME":"Saint Louis Avenue","ELEVTYP_F":0,"ELEVTYP_T":0},"geometry":{"type":"LineString","coordinates":[[-74.0460678724674,40.0920304894745],[-74.0462040016642,40.0930027538895]]}},{"type":"Feature","id":210333,"properties":{"OBJECTID":210333,"PRIMENAME":"Perrine Boulevard","ELEVTYP_F":0,"ELEVTYP_T":0},"geometry":{"type":"LineString","coordinates":[[-74.0490957404192,40.1174692246636],[-74.0491253632992,40.1174164120144],[-74.049144465827,40.1173450267679],[-74.0491013977874,40.117287646562],[-74.0489777570875,40.1172156776101],[-74.048371669275,40.1168462416569]]}},{"type":"Feature","id":210376,"properties":{"OBJECTID":210376,"PRIMENAME":"Waters Edge","ELEVTYP_F":0,"ELEVTYP_T":0},"geometry":{"type":"LineString","coordinates":[[-74.0479520694693,40.1121080171267],[-74.0478608402425,40.112120989405],[-74.0478107639674,40.1121457861949],[-74.0477822443812,40.1121923295748],[-74.0477905265116,40.1122523432173],[-74.0477235298526,40.1124024883765]]}},{"type":"Feature","id":210429,"properties":{"OBJECTID":210429,"PRIMENAME":"Curtis Avenue","ELEVTYP_F":0,"ELEVTYP_T":0},"geometry":{"type":"LineString","coordinates":[[-74.0502314732701,40.1203198859272],[-74.0499678728494,40.120158782007],[-74.0497143625186,40.1200038422843],[-74.0486695525856,40.1193420291532],[-74.0485985101734,40.1192970313855]]}},{"type":"Feature","id":210717,"properties":{"OBJECTID":210717,"PRIMENAME":"Old Bridge Road","ELEVTYP_F":0,"ELEVTYP_T":0},"geometry":{"type":"LineString","coordinates":[[-74.0587646666356,40.1182855820681],[-74.058304135565,40.1184673497485]]}},{"type":"Feature","id":210857,"properties":{"OBJECTID":210857,"PRIMENAME":"Pine Road","ELEVTYP_F":0,"ELEVTYP_T":0},"geometry":{"type":"LineString","coordinates":[[-74.062344052951,40.1202230019965],[-74.0618933492322,40.1201780172572],[-74.0617118424748,40.1201598977218]]}},{"type":"Feature","id":211316,"properties":{"OBJECTID":211316,"PRIMENAME":"High Point Road","ELEVTYP_F":0,"ELEVTYP_T":0},"geometry":{"type":"LineString","coordinates":[[-74.0662351547255,40.1166200609236],[-74.0662180869418,40.1167287388058],[-74.0659851521576,40.1182149127432],[-74.06597505091,40.1182793343754]]}},{"type":"Feature","id":211487,"properties":{"OBJECTID":211487,"PRIMENAME":"Cole Drive","ELEVTYP_F":0,"ELEVTYP_T":0},"geometry":{"type":"LineString","coordinates":[[-74.0673724627091,40.0972685646698],[-74.0675265678038,40.0971618805062],[-74.067663023889,40.0970872506901],[-74.0677900887501,40.0970278496739],[-74.0679268298213,40.0969703787641],[-74.0681221343033,40.0969056314121],[-74.0683243744927,40.0968577660026],[-74.0685108199301,40.0968203281441],[-74.068715732198,40.0968020389757],[-74.0690138186154,40.0967697931941],[-74.0692126668201,40.0967324003516],[-74.0693680478966,40.0966948455769],[-74.0695358622619,40.0966525604365],[-74.0697038316098,40.096591222417],[-74.0698842063379,40.0965299311183],[-74.0700895672424,40.096440153359],[-74.0702515261442,40.0963454369528],[-74.0702788382216,40.0963281333314]]}},{"type":"Feature","id":211772,"properties":{"OBJECTID":211772,"PRIMENAME":"Algonkin Trail","ELEVTYP_F":0,"ELEVTYP_T":0},"geometry":{"type":"LineString","coordinates":[[-74.0648081595503,40.1197679597922],[-74.0649114034866,40.1191498044576],[-74.0649197468639,40.1190975923453]]}},{"type":"Feature","id":211882,"properties":{"OBJECTID":211882,"PRIMENAME":"Curtis Avenue","ELEVTYP_F":0,"ELEVTYP_T":0},"geometry":{"type":"LineString","coordinates":[[-74.0537020766699,40.1224671770067],[-74.0535357378785,40.1223492566192],[-74.0527999986998,40.12187933376],[-74.052224968504,40.1215196466125],[-74.0516251576599,40.1211551113425],[-74.0512602857234,40.1209392357117],[-74.0503265329044,40.120377989062],[-74.0502314732701,40.1203198859272]]}},{"type":"Feature","id":212356,"properties":{"OBJECTID":212356,"PRIMENAME":"Ramshorn Drive","ELEVTYP_F":0,"ELEVTYP_T":0},"geometry":{"type":"LineString","coordinates":[[-74.0837234862775,40.1020913187814],[-74.0837488116738,40.1021184512152],[-74.0838021179865,40.1022117912404],[-74.0838419565051,40.1023154326825],[-74.083890563276,40.1024466955477],[-74.0839297141778,40.1026572914302],[-74.0839951064338,40.1029852612895],[-74.0840647930939,40.1033477555502],[-74.0840840895786,40.1034374038604]]}},{"type":"Feature","id":212395,"properties":{"OBJECTID":212395,"PRIMENAME":"Lakewood Road","ELEVTYP_F":0,"ELEVTYP_T":0},"geometry":{"type":"LineString","coordinates":[[-74.0806682532194,40.1190437587391],[-74.0809545298438,40.1189515899478],[-74.0816077750153,40.1187299623781],[-74.0816991625402,40.1186997979033]]}},{"type":"Feature","id":212702,"properties":{"OBJECTID":212702,"PRIMENAME":"Riverview Drive","ELEVTYP_F":0,"ELEVTYP_T":0},"geometry":{"type":"LineString","coordinates":[[-74.0731932719392,40.0959046820925],[-74.0731454878979,40.0959031063405],[-74.0730771883168,40.0959123803375],[-74.0729591486674,40.0959358027217],[-74.0728159319246,40.0960067624711],[-74.0724183646184,40.0962334585904]]}},{"type":"Feature","id":212725,"properties":{"OBJECTID":212725,"PRIMENAME":"Oak Road","ELEVTYP_F":0,"ELEVTYP_T":0},"geometry":{"type":"LineString","coordinates":[[-74.0695156315225,40.1199057144506],[-74.069103490349,40.1198851565965],[-74.0687247755343,40.1198885242104],[-74.0684037584126,40.1198947959658]]}},{"type":"Feature","id":212880,"properties":{"OBJECTID":212880,"PRIMENAME":"Waters Edge","ELEVTYP_F":0,"ELEVTYP_T":0},"geometry":{"type":"LineString","coordinates":[[-74.0478235159165,40.1124276927222],[-74.0478900735894,40.1122943868528],[-74.0479511428765,40.1122479722938],[-74.0479730857543,40.1122114035424],[-74.0479520694693,40.1121080171267]]}},{"type":"Feature","id":213148,"properties":{"OBJECTID":213148,"PRIMENAME":"Mountain Laurel Lane","ELEVTYP_F":0,"ELEVTYP_T":0},"geometry":{"type":"LineString","coordinates":[[-74.0711644318365,40.1089431351275],[-74.0710464338823,40.1090391358349],[-74.0708674332987,40.1092281353101]]}},{"type":"Feature","id":213493,"properties":{"OBJECTID":213493,"PRIMENAME":"Dudley Lane","ELEVTYP_F":0,"ELEVTYP_T":0},"geometry":{"type":"LineString","coordinates":[[-74.0606110389498,40.0894424746382],[-74.0606203637415,40.0905938946268]]}},{"type":"Feature","id":213778,"properties":{"OBJECTID":213778,"PRIMENAME":"FR RT 70 EB to CO 20","ELEVTYP_F":0,"ELEVTYP_T":0},"geometry":{"type":"LineString","coordinates":[[-74.0756580282972,40.1061703223059],[-74.0756130475634,40.1062281465707],[-74.0755700756194,40.1062868647151],[-74.0755291425762,40.1063464356019],[-74.0754902771164,40.106406817496],[-74.0754535064748,40.106467968094],[-74.0754188564182,40.1065298445539],[-74.0753863512283,40.106592403525],[-74.0753560136842,40.1066556011786],[-74.0752958821065,40.1067911776247]]}},{"type":"Feature","id":213787,"properties":{"OBJECTID":213787,"PRIMENAME":"Morningstar Road","ELEVTYP_F":0,"ELEVTYP_T":0},"geometry":{"type":"LineString","coordinates":[[-74.0807755936134,40.1110736551134],[-74.0808214359151,40.1107321348622],[-74.0808649863394,40.1103379412032]]}},{"type":"Feature","id":214427,"properties":{"OBJECTID":214427,"PRIMENAME":"Chicago Avenue","ELEVTYP_F":0,"ELEVTYP_T":0},"geometry":{"type":"LineString","coordinates":[[-74.0438858551631,40.0905587221743],[-74.0439447157638,40.091010091168]]}},{"type":"Feature","id":214781,"properties":{"OBJECTID":214781,"PRIMENAME":"Green Avenue","ELEVTYP_F":0,"ELEVTYP_T":0},"geometry":{"type":"LineString","coordinates":[[-74.0528267459118,40.107871290798],[-74.0527297058833,40.107894004359],[-74.052188823646,40.1080205867866],[-74.0520335690345,40.1080390386884],[-74.0519031170966,40.1080480876785],[-74.0517375637784,40.1080559306601]]}},{"type":"Feature","id":214803,"properties":{"OBJECTID":214803,"PRIMENAME":"Hardenberg Court","ELEVTYP_F":0,"ELEVTYP_T":0},"geometry":{"type":"LineString","coordinates":[[-74.0818010069178,40.0896019827609],[-74.0818427233314,40.0895371619385],[-74.0822098313825,40.0889667371299],[-74.0823941848617,40.0886585536415],[-74.0825896001362,40.0883646856733],[-74.0827437740353,40.0881164329871],[-74.0829233806413,40.0878180328397],[-74.0831551323489,40.0874613993415],[-74.0832334177481,40.0873425347306],[-74.0832866465691,40.0872592959872],[-74.0833211922954,40.0871974580197],[-74.0833494987549,40.087133236885],[-74.083446986964,40.0869190965855]]}},{"type":"Feature","id":214813,"properties":{"OBJECTID":214813,"PRIMENAME":"Crescent Drive","ELEVTYP_F":0,"ELEVTYP_T":0},"geometry":{"type":"LineString","coordinates":[[-74.0482489479683,40.1091184532745],[-74.0481969697901,40.1090631797447],[-74.0480305279805,40.1088861719934],[-74.0479813249014,40.1088547378052],[-74.0479254200682,40.1088417820808],[-74.0478649389323,40.1088450046431],[-74.0475457036205,40.1089891498356],[-74.0471603042669,40.1091694647161],[-74.0470911144819,40.1092018360258],[-74.0468919054211,40.1092916237884],[-74.0466865421376,40.1093766386913],[-74.0464936089679,40.1094473440277],[-74.0463380613056,40.1095038916507],[-74.0461578259598,40.1095413459154],[-74.0459029500436,40.1095927813938],[-74.0458801316397,40.109610152671]]}},{"type":"Feature","id":214940,"properties":{"OBJECTID":214940,"PRIMENAME":"Cardeza Avenue","ELEVTYP_F":0,"ELEVTYP_T":0},"geometry":{"type":"LineString","coordinates":[[-74.0545954492213,40.1101857534771],[-74.0545143021122,40.110260113855],[-74.0539149817715,40.1107916315583],[-74.0538149720497,40.1108960891376],[-74.0537870620855,40.1109267013872]]}},{"type":"Feature","id":215297,"properties":{"OBJECTID":215297,"PRIMENAME":"Chicago Avenue","ELEVTYP_F":0,"ELEVTYP_T":0},"geometry":{"type":"LineString","coordinates":[[-74.0439556992559,40.0910942778666],[-74.0440177889771,40.091570641961]]}},{"type":"Feature","id":215697,"properties":{"OBJECTID":215697,"PRIMENAME":"American Legion Way","ELEVTYP_F":0,"ELEVTYP_T":0},"geometry":{"type":"LineString","coordinates":[[-74.0480978813872,40.0907359960207],[-74.049472537019,40.0906269538988],[-74.0495693492705,40.0906190395318]]}},{"type":"Feature","id":216402,"properties":{"OBJECTID":216402,"PRIMENAME":"Bayberry Road","ELEVTYP_F":0,"ELEVTYP_T":0},"geometry":{"type":"LineString","coordinates":[[-74.0641850707501,40.1190241486989],[-74.0645208934693,40.1190577690832],[-74.0647003767368,40.1190756892679]]}},{"type":"Feature","id":216823,"properties":{"OBJECTID":216823,"PRIMENAME":"Silo Court","ELEVTYP_F":0,"ELEVTYP_T":0},"geometry":{"type":"LineString","coordinates":[[-74.0776662222788,40.1136518921554],[-74.0782561739186,40.1136645772241],[-74.0796207649851,40.1137491004255]]}},{"type":"Feature","id":217035,"properties":{"OBJECTID":217035,"PRIMENAME":"Oak Terrace","ELEVTYP_F":0,"ELEVTYP_T":0},"geometry":{"type":"LineString","coordinates":[[-74.0558234908693,40.0931129274316],[-74.0540920708602,40.0932412077459]]}},{"type":"Feature","id":218698,"properties":{"OBJECTID":218698,"PRIMENAME":"Saint Louis Avenue","ELEVTYP_F":0,"ELEVTYP_T":0},"geometry":{"type":"LineString","coordinates":[[-74.0458556213708,40.0904006172611],[-74.0459173711404,40.090897925554]]}},{"type":"Feature","id":218711,"properties":{"OBJECTID":218711,"PRIMENAME":"Lincoln Avenue","ELEVTYP_F":0,"ELEVTYP_T":0},"geometry":{"type":"LineString","coordinates":[[-74.0561126021321,40.0922597770808],[-74.0561748452357,40.0917628944215]]}},{"type":"Feature","id":218866,"properties":{"OBJECTID":218866,"PRIMENAME":"Green Avenue","ELEVTYP_F":0,"ELEVTYP_T":0},"geometry":{"type":"LineString","coordinates":[[-74.0511896295048,40.1080472742604],[-74.0507859525601,40.1080342066485],[-74.0502157327204,40.1080205531568],[-74.0498363885164,40.1080114676996],[-74.0496129354626,40.1080105990111],[-74.0494842324375,40.1080272601929]]}},{"type":"Feature","id":219218,"properties":{"OBJECTID":219218,"PRIMENAME":"Summit Road","ELEVTYP_F":0,"ELEVTYP_T":0},"geometry":{"type":"LineString","coordinates":[[-74.0675422442148,40.119815152685],[-74.0675523371186,40.1197459266353],[-74.0677275431954,40.1185455395843],[-74.0677336780012,40.1185086379063]]}},{"type":"Feature","id":219349,"properties":{"OBJECTID":219349,"PRIMENAME":"Trenton Avenue","ELEVTYP_F":0,"ELEVTYP_T":0},"geometry":{"type":"LineString","coordinates":[[-74.0593612508569,40.089372663096],[-74.0597418181522,40.0893939316475]]}},{"type":"Feature","id":220344,"properties":{"OBJECTID":220344,"PRIMENAME":"Unnamed Segment","ELEVTYP_F":0,"ELEVTYP_T":0},"geometry":{"type":"LineString","coordinates":[[-74.0689535571096,40.1156990484648],[-74.0689886430243,40.1154387631902],[-74.0689512814988,40.1153534082752],[-74.0689084326615,40.1152841372206],[-74.0688514333213,40.1152511364114],[-74.0686544793097,40.1151985009323],[-74.0682068218014,40.115140717313],[-74.0680459139856,40.1151151763677],[-74.0678514320537,40.1150641366556],[-74.0677714321266,40.115028136668],[-74.0677260124699,40.1149747293022],[-74.0676804075723,40.1149090880848],[-74.0676107039645,40.1147827685137]]}},{"type":"Feature","id":220671,"properties":{"OBJECTID":220671,"PRIMENAME":"Post Road","ELEVTYP_F":0,"ELEVTYP_T":0},"geometry":{"type":"LineString","coordinates":[[-74.0613677939849,40.10618522576],[-74.0614256390095,40.1061353971165],[-74.0620061718509,40.1056357451879],[-74.0620872406789,40.1055659708974]]}},{"type":"Feature","id":220823,"properties":{"OBJECTID":220823,"PRIMENAME":"Leslie Avenue","ELEVTYP_F":0,"ELEVTYP_T":0},"geometry":{"type":"LineString","coordinates":[[-74.0488769219645,40.1104238761025],[-74.0485209043203,40.1107659536828]]}},{"type":"Feature","id":221834,"properties":{"OBJECTID":221834,"PRIMENAME":"FR RT 35 NB to RT 71 NB","ELEVTYP_F":0,"ELEVTYP_T":0},"geometry":{"type":"LineString","coordinates":[[-74.0567507181061,40.1084135001445],[-74.0570844744625,40.1087721053005],[-74.0572415726481,40.1089435467456],[-74.0573954130925,40.1091086328764],[-74.0574723318276,40.1091911767588],[-74.0574887593649,40.1092093856935],[-74.0577472369941,40.1094959118979],[-74.0579189792848,40.1096977705304],[-74.0580317415122,40.1098424668391],[-74.0581003102204,40.1099376340062],[-74.0581492663001,40.1100137010727],[-74.0581932392456,40.1100974076629],[-74.0582322529068,40.1101848854166],[-74.0582662979579,40.1102723153845],[-74.058290511651,40.1103483429627]]}},{"type":"Feature","id":222153,"properties":{"OBJECTID":222153,"PRIMENAME":"South Jackson Avenue","ELEVTYP_F":0,"ELEVTYP_T":0},"geometry":{"type":"LineString","coordinates":[[-74.0421466151584,40.1164883558221],[-74.0427228914711,40.1159643592483]]}},{"type":"Feature","id":222170,"properties":{"OBJECTID":222170,"PRIMENAME":"Wishing Well Lane","ELEVTYP_F":0,"ELEVTYP_T":0},"geometry":{"type":"LineString","coordinates":[[-74.0792374077572,40.1095193340305],[-74.0789942852297,40.1092731047072],[-74.0788432701993,40.1091714389443],[-74.0786884580514,40.1091112989457],[-74.0785922276408,40.1090822313],[-74.0783020253403,40.1089945729378],[-74.0781756108226,40.1090027583262],[-74.0780514399983,40.1090107977326],[-74.0777453923883,40.1091393897062]]}},{"type":"Feature","id":222177,"properties":{"OBJECTID":222177,"PRIMENAME":"River Road","ELEVTYP_F":0,"ELEVTYP_T":0},"geometry":{"type":"LineString","coordinates":[[-74.0863267085163,40.1035318849823],[-74.0862930797769,40.1036714456732],[-74.086217154447,40.1038999415966],[-74.0861915417569,40.1040380483494],[-74.0861783347138,40.1041762282378],[-74.0861583739872,40.1043906472008],[-74.0861634614252,40.104571773383],[-74.0861713268821,40.1047191426252]]}},{"type":"Feature","id":222891,"properties":{"OBJECTID":222891,"PRIMENAME":"Oakshire Lane","ELEVTYP_F":0,"ELEVTYP_T":0},"geometry":{"type":"LineString","coordinates":[[-74.0862894010683,40.1090710400933],[-74.0862022425843,40.1090989779535],[-74.0857171551076,40.1092544952016],[-74.0855865389217,40.1092969367629],[-74.0854956489735,40.1093130013656],[-74.0854808799395,40.1093156118475],[-74.0854182495008,40.1093127243469],[-74.0853691801811,40.1093104618007],[-74.0852326667192,40.1093052236914],[-74.0851271308949,40.1093095950515],[-74.0851169673602,40.1093110141595]]}},{"type":"Feature","id":222929,"properties":{"OBJECTID":222929,"PRIMENAME":"Ramshorn Drive","ELEVTYP_F":0,"ELEVTYP_T":0},"geometry":{"type":"LineString","coordinates":[[-74.0862894010683,40.1090710400933],[-74.0862210265994,40.1089020418344],[-74.0861624928564,40.1087671211388]]}},{"type":"Feature","id":224439,"properties":{"OBJECTID":224439,"PRIMENAME":"South Farragut Avenue","ELEVTYP_F":0,"ELEVTYP_T":0},"geometry":{"type":"LineString","coordinates":[[-74.0459366880087,40.1171542149544],[-74.0453990197089,40.1176497191266],[-74.0453607476856,40.1176836653018]]}},{"type":"Feature","id":224547,"properties":{"OBJECTID":224547,"PRIMENAME":"Unnamed Segment","ELEVTYP_F":0,"ELEVTYP_T":0},"geometry":{"type":"LineString","coordinates":[[-74.0730241017572,40.1098396744354],[-74.0730236970107,40.1098368681986],[-74.0730065215144,40.1097175401829],[-74.0730580742329,40.1095938792171]]}},{"type":"Feature","id":225300,"properties":{"OBJECTID":225300,"PRIMENAME":"Unnamed Segment","ELEVTYP_F":0,"ELEVTYP_T":0},"geometry":{"type":"LineString","coordinates":[[-74.0722618412533,40.1103386355587],[-74.0723472455547,40.1100457794737]]}},{"type":"Feature","id":225637,"properties":{"OBJECTID":225637,"PRIMENAME":"Mountain Laurel Lane","ELEVTYP_F":0,"ELEVTYP_T":0},"geometry":{"type":"LineString","coordinates":[[-74.0704374342016,40.1107801364831],[-74.070497433739,40.1110061363821]]}},{"type":"Feature","id":225724,"properties":{"OBJECTID":225724,"PRIMENAME":"Union Avenue","ELEVTYP_F":0,"ELEVTYP_T":0},"geometry":{"type":"LineString","coordinates":[[-74.0510441572533,40.1193780800437],[-74.0507135144637,40.1197603436004],[-74.0502700329534,40.12027490316],[-74.0502314732701,40.1203198859272]]}},{"type":"Feature","id":225819,"properties":{"OBJECTID":225819,"PRIMENAME":"Phillips Road","ELEVTYP_F":0,"ELEVTYP_T":0},"geometry":{"type":"LineString","coordinates":[[-74.0609594496123,40.0894619149034],[-74.0609964521274,40.0903343235847]]}},{"type":"Feature","id":226540,"properties":{"OBJECTID":226540,"PRIMENAME":"Laurel Road","ELEVTYP_F":0,"ELEVTYP_T":0},"geometry":{"type":"LineString","coordinates":[[-74.0633586873183,40.1182414985747],[-74.0634329475817,40.11824880658],[-74.0636858598949,40.1182735765124],[-74.0638274542056,40.1182874427201]]}},{"type":"Feature","id":226604,"properties":{"OBJECTID":226604,"PRIMENAME":"Morgan Parkway","ELEVTYP_F":0,"ELEVTYP_T":0},"geometry":{"type":"LineString","coordinates":[[-74.0588637801539,40.1145518564372],[-74.0590192361173,40.114371477755],[-74.0593610884237,40.1139805851588]]}},{"type":"Feature","id":227004,"properties":{"OBJECTID":227004,"PRIMENAME":"River Road","ELEVTYP_F":0,"ELEVTYP_T":0},"geometry":{"type":"LineString","coordinates":[[-74.082936708577,40.0904483396285],[-74.0826659542769,40.090195482375],[-74.0825102759829,40.0900572713464]]}},{"type":"Feature","id":227140,"properties":{"OBJECTID":227140,"PRIMENAME":"Niblick Street","ELEVTYP_F":0,"ELEVTYP_T":0},"geometry":{"type":"LineString","coordinates":[[-74.0464921908575,40.0953493655223],[-74.04689397301,40.0953509378759],[-74.0469327209314,40.0953510894402],[-74.0469763089004,40.0953438202182]]}},{"type":"Feature","id":227685,"properties":{"OBJECTID":227685,"PRIMENAME":"South Farragut Avenue","ELEVTYP_F":0,"ELEVTYP_T":0},"geometry":{"type":"LineString","coordinates":[[-74.0453607476856,40.1176836653018],[-74.0447799207036,40.1181989824546]]}},{"type":"Feature","id":228468,"properties":{"OBJECTID":228468,"PRIMENAME":"Ashley Avenue","ELEVTYP_F":0,"ELEVTYP_T":0},"geometry":{"type":"LineString","coordinates":[[-74.0566375848804,40.1049563709607],[-74.0563688761679,40.105203984519]]}},{"type":"Feature","id":228594,"properties":{"OBJECTID":228594,"PRIMENAME":"Dewey Avenue","ELEVTYP_F":0,"ELEVTYP_T":0},"geometry":{"type":"LineString","coordinates":[[-74.0477726554808,40.1173856072079],[-74.0471511493889,40.1179451417039]]}},{"type":"Feature","id":228825,"properties":{"OBJECTID":228825,"PRIMENAME":"Primrose Place","ELEVTYP_F":0,"ELEVTYP_T":0},"geometry":{"type":"LineString","coordinates":[[-74.077368408753,40.116013174519],[-74.0776362577838,40.115466059603],[-74.0778630140689,40.1151911577935]]}},{"type":"Feature","id":229447,"properties":{"OBJECTID":229447,"PRIMENAME":"Ramshorn Drive","ELEVTYP_F":0,"ELEVTYP_T":0},"geometry":{"type":"LineString","coordinates":[[-74.0857716568374,40.1078379204732],[-74.0855296328126,40.1072504645281],[-74.0855123652942,40.1072090863137]]}},{"type":"Feature","id":230095,"properties":{"OBJECTID":230095,"PRIMENAME":"Old Bridge Road","ELEVTYP_F":0,"ELEVTYP_T":0},"geometry":{"type":"LineString","coordinates":[[-74.0589270797499,40.1182214782304],[-74.0587646666356,40.1182855820681]]}},{"type":"Feature","id":230418,"properties":{"OBJECTID":230418,"PRIMENAME":"Ramshorn Drive","ELEVTYP_F":0,"ELEVTYP_T":0},"geometry":{"type":"LineString","coordinates":[[-74.0815651630722,40.1002315831604],[-74.081853689192,40.100524644225],[-74.0823893609829,40.1010854668068],[-74.0825009525873,40.1011997172333],[-74.0826037397297,40.101286317959],[-74.0828229910308,40.1014389236742],[-74.0831093206227,40.1016366013722],[-74.0832972474806,40.1017614746735],[-74.0834493586264,40.1018620335393],[-74.083561240687,40.1019349125772],[-74.083632732543,40.1020007272224],[-74.0836907748792,40.1020561436534],[-74.0837234862775,40.1020913187814]]}},{"type":"Feature","id":230555,"properties":{"OBJECTID":230555,"PRIMENAME":"Melrose Avenue","ELEVTYP_F":0,"ELEVTYP_T":0},"geometry":{"type":"LineString","coordinates":[[-74.0564670717851,40.1091971319926],[-74.0563807082957,40.1091448603386],[-74.0550019360811,40.1083102424947]]}},{"type":"Feature","id":230867,"properties":{"OBJECTID":230867,"PRIMENAME":"Union Avenue","ELEVTYP_F":0,"ELEVTYP_T":0},"geometry":{"type":"LineString","coordinates":[[-74.0546381107827,40.1152223940149],[-74.0545001142802,40.11538276571],[-74.0540197124465,40.1159363185429]]}},{"type":"Feature","id":231032,"properties":{"OBJECTID":231032,"PRIMENAME":"Kenli Lane","ELEVTYP_F":0,"ELEVTYP_T":0},"geometry":{"type":"LineString","coordinates":[[-74.0613616953187,40.1040452362465],[-74.0612966602783,40.1039901388578],[-74.0607104949976,40.1034936468086],[-74.06042621612,40.1032528534022],[-74.0603706519175,40.1032097327716],[-74.0602901477571,40.1031808492101],[-74.0602157114468,40.1031757893515],[-74.0601225880542,40.1031802129932],[-74.0599367410192,40.1031956420078],[-74.0597934327923,40.1032075404755]]}},{"type":"Feature","id":231079,"properties":{"OBJECTID":231079,"PRIMENAME":"Bayberry Road","ELEVTYP_F":0,"ELEVTYP_T":0},"geometry":{"type":"LineString","coordinates":[[-74.0761121928291,40.1026331739604],[-74.0761956083471,40.1025681134306],[-74.0769315483266,40.1019940974355],[-74.0769869790264,40.1019508415909]]}},{"type":"Feature","id":231620,"properties":{"OBJECTID":231620,"PRIMENAME":"Marcellus Avenue","ELEVTYP_F":0,"ELEVTYP_T":0},"geometry":{"type":"LineString","coordinates":[[-74.0497331362455,40.1171685430648],[-74.0499742065253,40.1173167099387],[-74.0517302109862,40.1183958885934],[-74.0518375679368,40.1184598583398]]}},{"type":"Feature","id":231635,"properties":{"OBJECTID":231635,"PRIMENAME":"Mahogany Trail","ELEVTYP_F":0,"ELEVTYP_T":0},"geometry":{"type":"LineString","coordinates":[[-74.084601872725,40.1134111745489],[-74.0845643023668,40.1140737284492]]}},{"type":"Feature","id":232614,"properties":{"OBJECTID":232614,"PRIMENAME":"Cedar Avenue","ELEVTYP_F":0,"ELEVTYP_T":0},"geometry":{"type":"LineString","coordinates":[[-74.0427228914711,40.1159643592483],[-74.0415540745119,40.1151942941308],[-74.041476468316,40.1151431440241]]}},{"type":"Feature","id":232631,"properties":{"OBJECTID":232631,"PRIMENAME":"Maple Circle","ELEVTYP_F":0,"ELEVTYP_T":0},"geometry":{"type":"LineString","coordinates":[[-74.0708674332987,40.1092281353101],[-74.0707604319071,40.1091951347831],[-74.0704994336516,40.1091311352366],[-74.0702734321921,40.1090911350053],[-74.0699944327722,40.1090561354613],[-74.0699584318564,40.1090471354192],[-74.0699104328456,40.1090201355831],[-74.0698804342947,40.1089841362408],[-74.0698604322198,40.1089131354198],[-74.069876431686,40.1088251362932],[-74.0699044324022,40.1087341355987],[-74.0699584339667,40.108600135277]]}},{"type":"Feature","id":232663,"properties":{"OBJECTID":232663,"PRIMENAME":"Cedar Lane","ELEVTYP_F":0,"ELEVTYP_T":0},"geometry":{"type":"LineString","coordinates":[[-74.0818821299291,40.0983837893431],[-74.0818194961714,40.0984133778991],[-74.0817714302582,40.098430127436],[-74.0815893225758,40.0984935881293],[-74.0814401062367,40.0985407072722],[-74.0813158150995,40.0985688640105],[-74.0811417767931,40.0986063403189],[-74.0809429937945,40.098639004525],[-74.0807752330438,40.0986669754873],[-74.0806198254544,40.0987093227217],[-74.0804519250695,40.0987658995431],[-74.0801656470497,40.0988887855853],[-74.0801620978522,40.0988903372206]]}},{"type":"Feature","id":232727,"properties":{"OBJECTID":232727,"PRIMENAME":"Arnold Avenue","ELEVTYP_F":0,"ELEVTYP_T":0},"geometry":{"type":"LineString","coordinates":[[-74.0562403295764,40.0912398887436],[-74.0560631009011,40.0912520580183],[-74.0558618945547,40.0912741823],[-74.0556272333744,40.0912904404933],[-74.0553589899513,40.0913094245003],[-74.0544835541916,40.0913775486588],[-74.0536767509097,40.0914396438385]]}},{"type":"Feature","id":232746,"properties":{"OBJECTID":232746,"PRIMENAME":"Union Lane","ELEVTYP_F":0,"ELEVTYP_T":0},"geometry":{"type":"LineString","coordinates":[[-74.0553850430936,40.1094619407176],[-74.0549638533642,40.1091997116256],[-74.0545480795042,40.108940850584]]}},{"type":"Feature","id":232842,"properties":{"OBJECTID":232842,"PRIMENAME":"Arnold Avenue","ELEVTYP_F":0,"ELEVTYP_T":0},"geometry":{"type":"LineString","coordinates":[[-74.0440980780115,40.0921858524598],[-74.0428120810363,40.0922872203572],[-74.0421097157158,40.0923421524321]]}},{"type":"Feature","id":233287,"properties":{"OBJECTID":233287,"PRIMENAME":"Lakewood Road","ELEVTYP_F":0,"ELEVTYP_T":0},"geometry":{"type":"LineString","coordinates":[[-74.0750107054377,40.1209159677147],[-74.0751628115577,40.1208655423812],[-74.0764008363878,40.1204602032153],[-74.0771753804944,40.1201911944286]]}},{"type":"Feature","id":233628,"properties":{"OBJECTID":233628,"PRIMENAME":"Hickory Drive","ELEVTYP_F":0,"ELEVTYP_T":0},"geometry":{"type":"LineString","coordinates":[[-74.0814033628035,40.1071847825494],[-74.0814575122755,40.1074614303976],[-74.0815513775805,40.1078326607636]]}},{"type":"Feature","id":234203,"properties":{"OBJECTID":234203,"PRIMENAME":"River Vista Lane","ELEVTYP_F":0,"ELEVTYP_T":0},"geometry":{"type":"LineString","coordinates":[[-74.051589103305,40.0988768352081],[-74.052509881613,40.09882199538],[-74.0525989572067,40.0988063963583],[-74.0526761571372,40.0987930292515],[-74.0527652326563,40.0987774301015],[-74.0528247107441,40.098752605243],[-74.0529021008288,40.0987096312367],[-74.0529586437415,40.0986802392891],[-74.0530122503463,40.0986462829945],[-74.0530690613573,40.0985758980202]]}},{"type":"Feature","id":234617,"properties":{"OBJECTID":234617,"PRIMENAME":"Perrine Boulevard","ELEVTYP_F":0,"ELEVTYP_T":0},"geometry":{"type":"LineString","coordinates":[[-74.0451242751434,40.1137984663989],[-74.044978324177,40.113706447192],[-74.0447926426799,40.1136151777468],[-74.0445945341617,40.1135428564428],[-74.0444024180825,40.1134944698254],[-74.0443614811141,40.1134904979776]]}},{"type":"Feature","id":234814,"properties":{"OBJECTID":234814,"PRIMENAME":"Riverview Drive","ELEVTYP_F":0,"ELEVTYP_T":0},"geometry":{"type":"LineString","coordinates":[[-74.0654393028641,40.1021429607351],[-74.0653789045617,40.1021989236501],[-74.0652539329751,40.1023319044489],[-74.065155245698,40.1024212435947],[-74.0651228319943,40.1024505861646],[-74.0650231198,40.1025074235626],[-74.0648366072861,40.1025638807593],[-74.0646873354805,40.1026109780467],[-74.0644637172418,40.1026387433199],[-74.0640786652977,40.1026754273102],[-74.0637929248102,40.102712484067],[-74.063594091649,40.10274983967],[-74.0634744002981,40.1027850730694],[-74.0633702299398,40.1028157344089],[-74.063108963227,40.1029053171767],[-74.0627915811443,40.1030375693819],[-74.062561350036,40.1031320164878],[-74.0623744873407,40.1032313772344],[-74.0622247224166,40.1033547344581],[-74.0617443398043,40.1037389902722],[-74.0613616953187,40.1040452362465]]}},{"type":"Feature","id":234823,"properties":{"OBJECTID":234823,"PRIMENAME":"Valley Road","ELEVTYP_F":0,"ELEVTYP_T":0},"geometry":{"type":"LineString","coordinates":[[-74.0761121928291,40.1026331739604],[-74.0751940929338,40.1019305255703],[-74.0750086683009,40.1017963964399],[-74.0745639760904,40.1014516271749],[-74.0739277500938,40.1009678715518],[-74.0734459260207,40.1005943554491],[-74.0733315364876,40.1005242864742]]}},{"type":"Feature","id":235501,"properties":{"OBJECTID":235501,"PRIMENAME":"Fisk Avenue","ELEVTYP_F":0,"ELEVTYP_T":0},"geometry":{"type":"LineString","coordinates":[[-74.0546381107827,40.1152223940149],[-74.054488684302,40.1151453077254],[-74.0522057025649,40.1139735663671],[-74.0510425655874,40.1133780827022],[-74.0510337609965,40.1133738756863]]}},{"type":"Feature","id":235529,"properties":{"OBJECTID":235529,"PRIMENAME":"Mountain Laurel Lane","ELEVTYP_F":0,"ELEVTYP_T":0},"geometry":{"type":"LineString","coordinates":[[-74.0708674332987,40.1092281353101],[-74.070842433637,40.1092591353596],[-74.07084209385,40.1092596330822],[-74.0707324331728,40.1094201356546],[-74.0706584318804,40.1095411355009],[-74.0706114328468,40.1096361361481],[-74.0705314319526,40.1098351358222],[-74.0704794338952,40.1099971363151]]}},{"type":"Feature","id":235714,"properties":{"OBJECTID":235714,"PRIMENAME":"Agnes Avenue","ELEVTYP_F":0,"ELEVTYP_T":0},"geometry":{"type":"LineString","coordinates":[[-74.0540197124465,40.1159363185429],[-74.0541291761054,40.1160113844652],[-74.0552045294208,40.1167495029023],[-74.0563293564458,40.1175211559784],[-74.0565023726895,40.1176505187237],[-74.0578437255782,40.118546908786],[-74.0579386480488,40.1186103309356]]}},{"type":"Feature","id":236171,"properties":{"OBJECTID":236171,"PRIMENAME":"River Road","ELEVTYP_F":0,"ELEVTYP_T":0},"geometry":{"type":"LineString","coordinates":[[-74.0836783051655,40.0990755711877],[-74.0837999918246,40.0992633215112],[-74.0842612310166,40.0999608586126],[-74.0843349698032,40.1000802701904],[-74.0844025183037,40.1001948822467],[-74.0845733124233,40.100691215113],[-74.0846097723616,40.1008152691562],[-74.0846586389407,40.1009393676738],[-74.0847321539611,40.1011016591439],[-74.0847997393113,40.101216271083],[-74.0848736034979,40.1013214068042],[-74.0849412045021,40.1014217427724],[-74.0850213105375,40.1015173471415],[-74.0851446855179,40.101646461696],[-74.0852990915262,40.1017757151422],[-74.0854472709896,40.1019001688351],[-74.0855955163353,40.1020198453115],[-74.085743761022,40.1021395224948],[-74.0858795654682,40.1022591541093],[-74.0859968390778,40.1023691936313],[-74.0860893531497,40.1024648686197],[-74.0861508665008,40.1025556564136],[-74.0862123212981,40.1026559426423],[-74.0862860951478,40.1027706028178],[-74.0863783569127,40.1029139078615],[-74.0864335634079,40.1030189759355],[-74.0864394382024,40.103076181722],[-74.0863630873707,40.1033809403708],[-74.0863267085163,40.1035318849823]]}},{"type":"Feature","id":236290,"properties":{"OBJECTID":236290,"PRIMENAME":"Princeton Avenue","ELEVTYP_F":0,"ELEVTYP_T":0},"geometry":{"type":"LineString","coordinates":[[-74.0423761923024,40.0975779621718],[-74.0443852693317,40.097554475088]]}},{"type":"Feature","id":236511,"properties":{"OBJECTID":236511,"PRIMENAME":"Cornell Avenue","ELEVTYP_F":0,"ELEVTYP_T":0},"geometry":{"type":"LineString","coordinates":[[-74.0476390323674,40.0996116867896],[-74.04746349399,40.0982804596932],[-74.0474448404191,40.0982416238199],[-74.0474134718883,40.0982173420505],[-74.0470997716998,40.0980031351465]]}},{"type":"Feature","id":237160,"properties":{"OBJECTID":237160,"PRIMENAME":"South Farragut Avenue","ELEVTYP_F":0,"ELEVTYP_T":0},"geometry":{"type":"LineString","coordinates":[[-74.0471055437742,40.1160769789255],[-74.0470417911132,40.1161357534459],[-74.0465334254072,40.1166042534016]]}},{"type":"Feature","id":237176,"properties":{"OBJECTID":237176,"PRIMENAME":"Frazee Drive","ELEVTYP_F":0,"ELEVTYP_T":0},"geometry":{"type":"LineString","coordinates":[[-74.0861571634088,40.1141535818715],[-74.0862523538904,40.1141465092958],[-74.0890098424816,40.1139418371442],[-74.0890821031197,40.1139364651365]]}},{"type":"Feature","id":237402,"properties":{"OBJECTID":237402,"PRIMENAME":"Chicago Avenue","ELEVTYP_F":0,"ELEVTYP_T":0},"geometry":{"type":"LineString","coordinates":[[-74.0443620599968,40.0961783526413],[-74.0443703434981,40.0967639329273],[-74.0443722972123,40.0968677127262]]}},{"type":"Feature","id":237983,"properties":{"OBJECTID":237983,"PRIMENAME":"River Road","ELEVTYP_F":0,"ELEVTYP_T":0},"geometry":{"type":"LineString","coordinates":[[-74.0845006642113,40.0918932736646],[-74.0840803102337,40.091504592849],[-74.083317572958,40.0908040758012],[-74.0831988147837,40.0906931525691],[-74.082936708577,40.0904483396285]]}},{"type":"Feature","id":238162,"properties":{"OBJECTID":238162,"PRIMENAME":"Saint Louis Avenue","ELEVTYP_F":0,"ELEVTYP_T":0},"geometry":{"type":"LineString","coordinates":[[-74.0459816368645,40.091414707567],[-74.0460678724674,40.0920304894745]]}},{"type":"Feature","id":239494,"properties":{"OBJECTID":239494,"PRIMENAME":"Union Lane","ELEVTYP_F":0,"ELEVTYP_T":0},"geometry":{"type":"LineString","coordinates":[[-74.0608086328769,40.1128107098778],[-74.0606511690043,40.1127153945193],[-74.0601739388551,40.1124265123519],[-74.0591104831985,40.1117694990166],[-74.0581417942666,40.1111684018011]]}},{"type":"Feature","id":240464,"properties":{"OBJECTID":240464,"PRIMENAME":"Heathrow Lane","ELEVTYP_F":0,"ELEVTYP_T":0},"geometry":{"type":"LineString","coordinates":[[-74.0777753227568,40.1128753535164],[-74.0777232784574,40.1128571698267],[-74.0776659481641,40.1128363440342],[-74.0776090503252,40.1128148325653],[-74.0775525859367,40.1127926642461],[-74.0775401128137,40.1127859752737],[-74.0775280719206,40.1127788213199],[-74.0775164982934,40.1127712277321],[-74.0775054634554,40.1127632001754],[-74.0774948969059,40.1127547573071],[-74.0774849391616,40.1127459401711],[-74.0774755209168,40.1127367638263],[-74.0774667125276,40.1127272330329],[-74.0774585138263,40.1127173748113],[-74.0774509608378,40.1127072442348],[-74.077444088921,40.1126968144119],[-74.0774378613707,40.112686140151],[-74.07743231539,40.112675275629],[-74.0774274851593,40.1126641948509],[-74.0774234068813,40.1126529240688],[-74.0774200096592,40.1126415458873],[-74.0774173628706,40.1126300335392],[-74.0774154321562,40.1126184418409],[-74.0774158172756,40.1126083402245],[-74.0774169519795,40.112598241343],[-74.0774188064282,40.1125882279509],[-74.0774214017421,40.1125782992244],[-74.0774246800955,40.1125685107952],[-74.077428673166,40.1125588618781],[-74.0774333442488,40.1125494072812],[-74.0774387295522,40.1125401723558],[-74.0774447562963,40.1125311649423],[-74.0774514253529,40.1125224336812],[-74.0774587002066,40.1125140027575],[-74.0774665806511,40.1125059054961],[-74.0774750713896,40.1124981401124],[-74.0774840512628,40.1124907602056],[-74.0774936058926,40.1124837678895],[-74.0775036258616,40.1124772150046],[-74.0775141007683,40.1124710762936],[-74.0775250056442,40.1124654057066],[-74.0775363006,40.1124602039987],[-74.0775479854741,40.1124554972891],[-74.0775599546918,40.1124512851926],[-74.0775729238396,40.1124471875266],[-74.0775861748179,40.1124436114849],[-74.0775996380655,40.112440613557],[-74.0776133114149,40.1124381649131],[-74.0776271243049,40.1124362941177],[-74.0776410415551,40.112434999241],[-74.0776550619818,40.1124342820803],[-74.0776690800158,40.1124341413496],[-74.0776830933392,40.1124345725373],[-74.07769706651,40.1124356160449],[-74.0777109657606,40.1124372312185],[-74.0777246821365,40.1124393951437],[-74.0777382530085,40.1124421349773],[-74.0777516361471,40.1124454505654],[-74.077764739048,40.1124493145504],[-74.0777775478077,40.1124536989602],[-74.0777900366191,40.1124586037008],[-74.077802156214,40.1124640285927],[-74.0778138833041,40.11246994563],[-74.0778251779945,40.1124763564685],[-74.0778585200609,40.1124965462352],[-74.0778914314364,40.1125171460372],[-74.0779238744107,40.1125381836588],[-74.0779558503297,40.112559631184],[-74.0779873593661,40.1125814606924],[-74.0780165500478,40.1126023990709]]}},{"type":"Feature","id":241435,"properties":{"OBJECTID":241435,"PRIMENAME":"Holly Hill Drive","ELEVTYP_F":0,"ELEVTYP_T":0},"geometry":{"type":"LineString","coordinates":[[-74.0750487688201,40.1045046250654],[-74.0751713897701,40.104580433773],[-74.0760360844269,40.1051025010179],[-74.0760371209522,40.1051031271884],[-74.0760552453704,40.1051842078473],[-74.0760381855852,40.1052195875363]]}},{"type":"Feature","id":241599,"properties":{"OBJECTID":241599,"PRIMENAME":"Central Avenue","ELEVTYP_F":0,"ELEVTYP_T":0},"geometry":{"type":"LineString","coordinates":[[-74.0442279034653,40.0931611962943],[-74.0462040016642,40.0930027538895]]}},{"type":"Feature","id":241685,"properties":{"OBJECTID":241685,"PRIMENAME":"Oak Place","ELEVTYP_F":0,"ELEVTYP_T":0},"geometry":{"type":"LineString","coordinates":[[-74.0707744330049,40.1114901358085],[-74.0710134327751,40.1113991357385],[-74.0710664341491,40.1113851353833],[-74.0713684328477,40.1113701355833]]}},{"type":"Feature","id":242315,"properties":{"OBJECTID":242315,"PRIMENAME":"Pine Avenue","ELEVTYP_F":0,"ELEVTYP_T":0},"geometry":{"type":"LineString","coordinates":[[-74.0459366880087,40.1171542149544],[-74.0454169819896,40.1168157129379],[-74.0448438247105,40.1164394696021]]}},{"type":"Feature","id":243054,"properties":{"OBJECTID":243054,"PRIMENAME":"Cardeza Avenue","ELEVTYP_F":0,"ELEVTYP_T":0},"geometry":{"type":"LineString","coordinates":[[-74.0537870620855,40.1109267013872],[-74.0537023961814,40.1110195783854],[-74.0536024520385,40.1111192867002],[-74.0535025671054,40.1112046931284],[-74.0533778324041,40.1112900027477],[-74.0532408553461,40.1113609620827],[-74.0532124683037,40.1113735234622],[-74.0530913953335,40.1114270958391],[-74.0529793556678,40.111479098828],[-74.0529125054471,40.1115209542684]]}},{"type":"Feature","id":243215,"properties":{"OBJECTID":243215,"PRIMENAME":"South Jackson Avenue","ELEVTYP_F":0,"ELEVTYP_T":0},"geometry":{"type":"LineString","coordinates":[[-74.0438962833059,40.1149083665201],[-74.0444810741402,40.114379809142]]}},{"type":"Feature","id":243284,"properties":{"OBJECTID":243284,"PRIMENAME":"Homestead Avenue","ELEVTYP_F":0,"ELEVTYP_T":0},"geometry":{"type":"LineString","coordinates":[[-74.0443620599968,40.0961783526413],[-74.0423495007499,40.0961993271217]]}},{"type":"Feature","id":244873,"properties":{"OBJECTID":244873,"PRIMENAME":"North Tamarack Drive","ELEVTYP_F":0,"ELEVTYP_T":0},"geometry":{"type":"LineString","coordinates":[[-74.0777704141298,40.1018547106458],[-74.0777452735394,40.1018874464488],[-74.0776764381286,40.1019825128136],[-74.0776138709205,40.1020585487971],[-74.0775391101361,40.1021059352588],[-74.0774643718264,40.1021437942548],[-74.0773711625054,40.1021625073924],[-74.0772595272834,40.1021430468149],[-74.0771482010713,40.1020854286252],[-74.0770805784302,40.1020289768803],[-74.0769869790264,40.1019508415909]]}},{"type":"Feature","id":244883,"properties":{"OBJECTID":244883,"PRIMENAME":"Brandywyne","ELEVTYP_F":0,"ELEVTYP_T":0},"geometry":{"type":"LineString","coordinates":[[-74.0703844341403,40.1126341366271],[-74.0705204319132,40.1127621370232]]}},{"type":"Feature","id":245026,"properties":{"OBJECTID":245026,"PRIMENAME":"Cedar Avenue","ELEVTYP_F":0,"ELEVTYP_T":0},"geometry":{"type":"LineString","coordinates":[[-74.0465730111317,40.1184666003261],[-74.0461156805079,40.1181672733703],[-74.0453607476856,40.1176836653018]]}},{"type":"Feature","id":245358,"properties":{"OBJECTID":245358,"PRIMENAME":"Chicago Avenue","ELEVTYP_F":0,"ELEVTYP_T":0},"geometry":{"type":"LineString","coordinates":[[-74.0440177889771,40.091570641961],[-74.0440980780115,40.0921858524598]]}},{"type":"Feature","id":245513,"properties":{"OBJECTID":245513,"PRIMENAME":"Riverview Drive","ELEVTYP_F":0,"ELEVTYP_T":0},"geometry":{"type":"LineString","coordinates":[[-74.0768585865975,40.098242200002],[-74.0767930078662,40.098175661485],[-74.0766633286574,40.0980751208842],[-74.0761442083505,40.0977157284403],[-74.0758667030404,40.0975305574363]]}},{"type":"Feature","id":245605,"properties":{"OBJECTID":245605,"PRIMENAME":"Woodland Road","ELEVTYP_F":0,"ELEVTYP_T":0},"geometry":{"type":"LineString","coordinates":[[-74.0539818269731,40.0938278400963],[-74.0540181235727,40.0936777013879]]}},{"type":"Feature","id":245750,"properties":{"OBJECTID":245750,"PRIMENAME":"Brainard Place","ELEVTYP_F":0,"ELEVTYP_T":0},"geometry":{"type":"LineString","coordinates":[[-74.0761240644596,40.0952180524925],[-74.0762231984738,40.0951186780927],[-74.0766041385193,40.0947340259191]]}},{"type":"Feature","id":245946,"properties":{"OBJECTID":245946,"PRIMENAME":"Glimmer Glass Circle","ELEVTYP_F":0,"ELEVTYP_T":0},"geometry":{"type":"LineString","coordinates":[[-74.0429384252569,40.1124161368179],[-74.0429844234336,40.1123631363239],[-74.0430174251107,40.1122901370022]]}},{"type":"Feature","id":246389,"properties":{"OBJECTID":246389,"PRIMENAME":"McLean Avenue","ELEVTYP_F":0,"ELEVTYP_T":0},"geometry":{"type":"LineString","coordinates":[[-74.0439832985482,40.1214362063265],[-74.0438903686413,40.1213756637281],[-74.0427203925064,40.1206133549661],[-74.042355911285,40.120375867903]]}},{"type":"Feature","id":246473,"properties":{"OBJECTID":246473,"PRIMENAME":"Morningstar Road","ELEVTYP_F":0,"ELEVTYP_T":0},"geometry":{"type":"LineString","coordinates":[[-74.0761002543102,40.1070911247392],[-74.0757654335389,40.1069151345418],[-74.0754774426605,40.1068391086895]]}},{"type":"Feature","id":247323,"properties":{"OBJECTID":247323,"PRIMENAME":"North Farragut Avenue","ELEVTYP_F":0,"ELEVTYP_T":0},"geometry":{"type":"LineString","coordinates":[[-74.0431647023603,40.119647273917],[-74.0427242060784,40.1200440947484],[-74.042355911285,40.120375867903]]}},{"type":"Feature","id":247420,"properties":{"OBJECTID":247420,"PRIMENAME":"Saint Louis Avenue","ELEVTYP_F":0,"ELEVTYP_T":0},"geometry":{"type":"LineString","coordinates":[[-74.0464005033323,40.0944283666355],[-74.0464244679033,40.0946092389764],[-74.0464700039933,40.0950407336348],[-74.0464921908575,40.0953493655223]]}},{"type":"Feature","id":247780,"properties":{"OBJECTID":247780,"PRIMENAME":"South Street","ELEVTYP_F":0,"ELEVTYP_T":0},"geometry":{"type":"LineString","coordinates":[[-74.0622312934208,40.1151460339077],[-74.0625294305422,40.1148900077613],[-74.0627605620724,40.114666864198],[-74.0629418133528,40.1144769141374],[-74.0630862468088,40.1142796004849],[-74.0631223541691,40.1142302709127]]}},{"type":"Feature","id":247826,"properties":{"OBJECTID":247826,"PRIMENAME":"Leslie Avenue","ELEVTYP_F":0,"ELEVTYP_T":0},"geometry":{"type":"LineString","coordinates":[[-74.0496483355245,40.1096688454417],[-74.0492767985077,40.1100396627618],[-74.0488769219645,40.1104238761025]]}},{"type":"Feature","id":247834,"properties":{"OBJECTID":247834,"PRIMENAME":"Arnold Avenue","ELEVTYP_F":0,"ELEVTYP_T":0},"geometry":{"type":"LineString","coordinates":[[-74.0583365343836,40.0903239241409],[-74.0581437941831,40.0908534054095],[-74.0581286491983,40.090890491249],[-74.058098615741,40.0909304313239],[-74.0580648113785,40.0909731833735],[-74.05801985455,40.0910159216826],[-74.0579637456019,40.091058589496],[-74.0579425546661,40.0910736312357]]}},{"type":"Feature","id":247998,"properties":{"OBJECTID":247998,"PRIMENAME":"Lincoln Avenue","ELEVTYP_F":0,"ELEVTYP_T":0},"geometry":{"type":"LineString","coordinates":[[-74.0554287121858,40.0940477018367],[-74.0556401813488,40.093542524958]]}},{"type":"Feature","id":248082,"properties":{"OBJECTID":248082,"PRIMENAME":"Stearns Drive","ELEVTYP_F":0,"ELEVTYP_T":0},"geometry":{"type":"LineString","coordinates":[[-74.0697249469937,40.1173731840842],[-74.069708490559,40.1174709655272],[-74.0695731110281,40.1182759616379],[-74.0694248171461,40.1191380652716],[-74.0694244562749,40.1191952764816],[-74.0694734935426,40.1192955521454],[-74.069510212486,40.1193814790882],[-74.0695284818817,40.1194387316219],[-74.0695343387206,40.1194911616741],[-74.0695199160708,40.1198104683047],[-74.0695156315225,40.1199057144506]]}},{"type":"Feature","id":248633,"properties":{"OBJECTID":248633,"PRIMENAME":"Ashley Avenue","ELEVTYP_F":0,"ELEVTYP_T":0},"geometry":{"type":"LineString","coordinates":[[-74.0556684559019,40.1058588279085],[-74.0552387054942,40.1062664758763],[-74.0551570901326,40.1063476432726]]}},{"type":"Feature","id":248645,"properties":{"OBJECTID":248645,"PRIMENAME":"Unnamed Segment","ELEVTYP_F":0,"ELEVTYP_T":0},"geometry":{"type":"LineString","coordinates":[[-74.0723472455547,40.1100457794737],[-74.0720910520352,40.1099918862675]]}},{"type":"Feature","id":248985,"properties":{"OBJECTID":248985,"PRIMENAME":"Lantern Light Way","ELEVTYP_F":0,"ELEVTYP_T":0},"geometry":{"type":"LineString","coordinates":[[-74.0794464589615,40.1073324879633],[-74.0795129178373,40.1071963865159],[-74.0796233569775,40.1069123434157],[-74.0796484267036,40.1068034266752],[-74.079651431043,40.1066756928103],[-74.0796209536237,40.1065819042021],[-74.0795484359091,40.1064501340308],[-74.0794162940695,40.1063171574641],[-74.0792594373609,40.1062143919628],[-74.079104788541,40.1061320105678],[-74.0790759331034,40.1061166390222],[-74.0789763894162,40.1060719939314],[-74.078827967274,40.1060407957603],[-74.0787320135542,40.1060383004667],[-74.0786284543353,40.1060356071951],[-74.0785702064527,40.1060476482556],[-74.078461433949,40.1060701344538],[-74.0781949440441,40.1061781576069],[-74.0778034354354,40.1063561340957],[-74.077607436392,40.1065291354475],[-74.0774857674426,40.1066531795552]]}},{"type":"Feature","id":249642,"properties":{"OBJECTID":249642,"PRIMENAME":"Yale Avenue","ELEVTYP_F":0,"ELEVTYP_T":0},"geometry":{"type":"LineString","coordinates":[[-74.0454847764652,40.0982242857148],[-74.0443982188352,40.0982392062229]]}},{"type":"Feature","id":250484,"properties":{"OBJECTID":250484,"PRIMENAME":"FR RAMP A101500 to RT 71 SB","ELEVTYP_F":0,"ELEVTYP_T":0},"geometry":{"type":"LineString","coordinates":[[-74.0586927546008,40.110447334363],[-74.0587075203207,40.1104470113944],[-74.0587222789334,40.1104465338833],[-74.0587370276952,40.1104459019183],[-74.0587517638645,40.1104451156169]]}},{"type":"Feature","id":250576,"properties":{"OBJECTID":250576,"PRIMENAME":"Osborne Avenue","ELEVTYP_F":0,"ELEVTYP_T":0},"geometry":{"type":"LineString","coordinates":[[-74.0672228518165,40.1001022909142],[-74.0671312219971,40.1000466578565],[-74.0659070694958,40.0993033134324],[-74.0656586086872,40.0991772221092],[-74.0655853680736,40.0991400524752],[-74.065399678886,40.0990630908683],[-74.065288149211,40.099034093451],[-74.0652075267597,40.0990242372264],[-74.0651530139061,40.0990240325895],[-74.0650957801017,40.0990238177107],[-74.0650399115403,40.0990283851914],[-74.064771298999,40.0993085779915],[-74.0647231111739,40.099358800441]]}},{"type":"Feature","id":251250,"properties":{"OBJECTID":251250,"PRIMENAME":"Perrine Boulevard","ELEVTYP_F":0,"ELEVTYP_T":0},"geometry":{"type":"LineString","coordinates":[[-74.0475769688291,40.1163631467436],[-74.0472031964756,40.1161363845765],[-74.0471055437742,40.1160769789255]]}},{"type":"Feature","id":251325,"properties":{"OBJECTID":251325,"PRIMENAME":"Riverview Drive","ELEVTYP_F":0,"ELEVTYP_T":0},"geometry":{"type":"LineString","coordinates":[[-74.0679072109338,40.0993091176134],[-74.0678424289073,40.0993777832405]]}},{"type":"Feature","id":251452,"properties":{"OBJECTID":251452,"PRIMENAME":"Trenton Avenue","ELEVTYP_F":0,"ELEVTYP_T":0},"geometry":{"type":"LineString","coordinates":[[-74.0494420316384,40.0896537040662],[-74.047969291919,40.0897660695086]]}},{"type":"Feature","id":252033,"properties":{"OBJECTID":252033,"PRIMENAME":"Chicago Avenue","ELEVTYP_F":0,"ELEVTYP_T":0},"geometry":{"type":"LineString","coordinates":[[-74.0435998247275,40.0884188321028],[-74.0436136302837,40.0885193099861],[-74.0437133365188,40.0892659066464]]}},{"type":"Feature","id":252205,"properties":{"OBJECTID":252205,"PRIMENAME":"River Road","ELEVTYP_F":0,"ELEVTYP_T":0},"geometry":{"type":"LineString","coordinates":[[-74.0863003700506,40.1056904543283],[-74.0863236988513,40.1057877211592],[-74.0863723551058,40.1059594492738],[-74.0864271813602,40.1061217007221],[-74.0864943414572,40.1063078248159],[-74.0865493262506,40.1064558008347],[-74.0866256989773,40.1066203258681]]}},{"type":"Feature","id":252946,"properties":{"OBJECTID":252946,"PRIMENAME":"West Union Lane","ELEVTYP_F":0,"ELEVTYP_T":0},"geometry":{"type":"LineString","coordinates":[[-74.0689535571096,40.1156990484648],[-74.0695643892137,40.1157284417029]]}},{"type":"Feature","id":253326,"properties":{"OBJECTID":253326,"PRIMENAME":"Ramshorn Drive","ELEVTYP_F":0,"ELEVTYP_T":0},"geometry":{"type":"LineString","coordinates":[[-74.0860692839792,40.1181326938617],[-74.0858929910381,40.1169365672587],[-74.0858138618681,40.1164408942476]]}},{"type":"Feature","id":253401,"properties":{"OBJECTID":253401,"PRIMENAME":"Chicago Avenue","ELEVTYP_F":0,"ELEVTYP_T":0},"geometry":{"type":"LineString","coordinates":[[-74.044336913631,40.0944817079366],[-74.0443425194588,40.0947934868843],[-74.04435072751,40.0953743446944]]}},{"type":"Feature","id":253722,"properties":{"OBJECTID":253722,"PRIMENAME":"Mountain Laurel Lane","ELEVTYP_F":0,"ELEVTYP_T":0},"geometry":{"type":"LineString","coordinates":[[-74.0707744330049,40.1114901358085],[-74.0708214332388,40.1115651346669],[-74.0708674329168,40.1116681358031],[-74.0708964316707,40.1117621364041],[-74.0709174323366,40.1118761359736]]}},{"type":"Feature","id":253904,"properties":{"OBJECTID":253904,"PRIMENAME":"South Street","ELEVTYP_F":0,"ELEVTYP_T":0},"geometry":{"type":"LineString","coordinates":[[-74.0608434485697,40.1163977704374],[-74.0613681886268,40.1159198528172],[-74.0614237872898,40.1158703733366]]}},{"type":"Feature","id":254485,"properties":{"OBJECTID":254485,"PRIMENAME":"FR NNP to RAMP Y101490","ELEVTYP_F":0,"ELEVTYP_T":0},"geometry":{"type":"LineString","coordinates":[[-74.0589518321511,40.1086648895747],[-74.0588969494907,40.1087369094948],[-74.0588834070936,40.1087525195001],[-74.0588678398768,40.1087669736251],[-74.058850413922,40.1087801176619],[-74.0588313151421,40.10879181138],[-74.0588125124919,40.1088011495734],[-74.0587926438549,40.1088090803887],[-74.0587718873704,40.1088155327193],[-74.0587504291379,40.1088204487145],[-74.0587284615489,40.1088237842981],[-74.0587061815621,40.1088255095637],[-74.0586837889367,40.1088256090429],[-74.0586614844422,40.1088240818437],[-74.0585944762299,40.1088138333548],[-74.0585167470806,40.1087919043645],[-74.0584347332486,40.108763397471],[-74.0583635319096,40.1087382264666],[-74.058270656737,40.1087195883186],[-74.0582070620031,40.1087068270932]]}},{"type":"Feature","id":254688,"properties":{"OBJECTID":254688,"PRIMENAME":"Summit Place","ELEVTYP_F":0,"ELEVTYP_T":0},"geometry":{"type":"LineString","coordinates":[[-74.0758367620275,40.1037512907615],[-74.0757417223118,40.1036960366398],[-74.0754201246807,40.103508972985],[-74.0752841276129,40.1034226836938],[-74.07522241489,40.1033604962393],[-74.075136046997,40.1032791381051],[-74.0750560109108,40.1031740006066],[-74.0749944537041,40.1030927333863],[-74.0749390218584,40.103021042228],[-74.0747968065206,40.1029347295401],[-74.0734243005808,40.1020765234058]]}},{"type":"Feature","id":255239,"properties":{"OBJECTID":255239,"PRIMENAME":"Logan Drive","ELEVTYP_F":0,"ELEVTYP_T":0},"geometry":{"type":"LineString","coordinates":[[-74.0815513775805,40.1078326607636],[-74.0816478288001,40.1078053084826],[-74.0817970715663,40.1077629115866],[-74.0825682715922,40.1075226236386],[-74.083631734894,40.1071785115708],[-74.0842038983719,40.106994709714],[-74.0843065316263,40.106961722876]]}},{"type":"Feature","id":255606,"properties":{"OBJECTID":255606,"PRIMENAME":"Unnamed Segment","ELEVTYP_F":0,"ELEVTYP_T":0},"geometry":{"type":"LineString","coordinates":[[-74.0733761749436,40.1104786053373],[-74.0734195698273,40.1105401480006],[-74.0733281115426,40.1108356783167]]}},{"type":"Feature","id":256067,"properties":{"OBJECTID":256067,"PRIMENAME":"Meadow Point Road","ELEVTYP_F":0,"ELEVTYP_T":0},"geometry":{"type":"LineString","coordinates":[[-74.0817079931939,40.0916821559784],[-74.0817459875112,40.0918344109933],[-74.0818500662307,40.092320926961]]}},{"type":"Feature","id":256082,"properties":{"OBJECTID":256082,"PRIMENAME":"McLean Avenue","ELEVTYP_F":0,"ELEVTYP_T":0},"geometry":{"type":"LineString","coordinates":[[-74.0499642359474,40.093579004727],[-74.0508341532758,40.0936320714429],[-74.0510519752701,40.0936448022932]]}},{"type":"Feature","id":256537,"properties":{"OBJECTID":256537,"PRIMENAME":"Courtyard Lane","ELEVTYP_F":0,"ELEVTYP_T":0},"geometry":{"type":"LineString","coordinates":[[-74.0602105087195,40.1093111622902],[-74.060224930631,40.1094179702577],[-74.0601944990001,40.1094503434423],[-74.0599526667269,40.1094563872265],[-74.059928787919,40.1094098822211],[-74.0599444380713,40.1093263974178],[-74.0602105087195,40.1093111622902]]}},{"type":"Feature","id":256595,"properties":{"OBJECTID":256595,"PRIMENAME":"Teaberry Lane","ELEVTYP_F":0,"ELEVTYP_T":0},"geometry":{"type":"LineString","coordinates":[[-74.0728112419336,40.0987861251908],[-74.0732854070525,40.0984775977015],[-74.073509750893,40.0983306710787],[-74.0736219968142,40.0982452935405],[-74.0737156778413,40.098150293946],[-74.074034265485,40.0978178555909],[-74.0740811139212,40.0977689969696]]}},{"type":"Feature","id":257166,"properties":{"OBJECTID":257166,"PRIMENAME":"Bay Avenue","ELEVTYP_F":0,"ELEVTYP_T":0},"geometry":{"type":"LineString","coordinates":[[-74.0518627456189,40.0886276170714],[-74.0518057527067,40.0892081399489],[-74.0517766361212,40.0894729224476]]}},{"type":"Feature","id":257456,"properties":{"OBJECTID":257456,"PRIMENAME":"Laurel Road","ELEVTYP_F":0,"ELEVTYP_T":0},"geometry":{"type":"LineString","coordinates":[[-74.0638274542056,40.1182874427201],[-74.0639907201276,40.1183034322001]]}},{"type":"Feature","id":257744,"properties":{"OBJECTID":257744,"PRIMENAME":"Trenton Avenue","ELEVTYP_F":0,"ELEVTYP_T":0},"geometry":{"type":"LineString","coordinates":[[-74.0616974014202,40.0895025952913],[-74.062422428553,40.0895411073324]]}},{"type":"Feature","id":258087,"properties":{"OBJECTID":258087,"PRIMENAME":"Oak Road","ELEVTYP_F":0,"ELEVTYP_T":0},"geometry":{"type":"LineString","coordinates":[[-74.0697241163605,40.1199160427783],[-74.0695156315225,40.1199057144506]]}},{"type":"Feature","id":258506,"properties":{"OBJECTID":258506,"PRIMENAME":"FR EVERGREEN AVE TO A101490","ELEVTYP_F":0,"ELEVTYP_T":0},"geometry":{"type":"LineString","coordinates":[[-74.0558342851354,40.1078140658899],[-74.0558146733751,40.1077950084983],[-74.0557941490017,40.1077765263984],[-74.0557727406136,40.1077586453422],[-74.0557504780407,40.1077413902443],[-74.0557273923033,40.1077247851469],[-74.0557035155682,40.1077088531866],[-74.0556788811044,40.1076936165622],[-74.0556535232368,40.1076790965035],[-74.0556274772979,40.1076653132419],[-74.055600779579,40.1076522859822],[-74.0555734672794,40.1076400328757],[-74.0555455784549,40.1076285709952],[-74.0555171519641,40.107617916311],[-74.0554882274151,40.1076080836686],[-74.0554588451098,40.1075990867683],[-74.0554290459876,40.1075909381456]]}},{"type":"Feature","id":258568,"properties":{"OBJECTID":258568,"PRIMENAME":"Brielle Avenue","ELEVTYP_F":0,"ELEVTYP_T":0},"geometry":{"type":"LineString","coordinates":[[-74.0515931733428,40.1116631119571],[-74.0515064296455,40.1117450800624],[-74.0511630417361,40.112048780447],[-74.0511005022216,40.112120053596],[-74.0510690909509,40.1121771165238],[-74.0510687770686,40.1122248553686]]}},{"type":"Feature","id":258593,"properties":{"OBJECTID":258593,"PRIMENAME":"Waters Edge","ELEVTYP_F":0,"ELEVTYP_T":0},"geometry":{"type":"LineString","coordinates":[[-74.0479520694693,40.1121080171267],[-74.0483062410737,40.1120578390281]]}},{"type":"Feature","id":258614,"properties":{"OBJECTID":258614,"PRIMENAME":"Mulberry Court","ELEVTYP_F":0,"ELEVTYP_T":0},"geometry":{"type":"LineString","coordinates":[[-74.0708364325319,40.108476136221],[-74.0711554328644,40.1085151358969],[-74.0712374328941,40.1085141361795],[-74.0712924319676,40.1085001359],[-74.07132743255,40.1084741355588],[-74.0713864326558,40.1083491347303],[-74.0713984342359,40.1083051363545]]}},{"type":"Feature","id":258782,"properties":{"OBJECTID":258782,"PRIMENAME":"Ashley Avenue","ELEVTYP_F":0,"ELEVTYP_T":0},"geometry":{"type":"LineString","coordinates":[[-74.054782731313,40.1067198412574],[-74.0547070170613,40.1067951125852],[-74.0545210411982,40.1069800041896],[-74.0544889783934,40.1070118823398],[-74.0544751270348,40.1070251160218],[-74.0544489347632,40.1070501985276],[-74.0544276728501,40.1070705605699]]}},{"type":"Feature","id":258876,"properties":{"OBJECTID":258876,"PRIMENAME":"Morningstar Road","ELEVTYP_F":0,"ELEVTYP_T":0},"geometry":{"type":"LineString","coordinates":[[-74.0790485864751,40.1082559170958],[-74.0784475506558,40.1081028152805],[-74.0774630401049,40.1078520229691],[-74.0773040687931,40.1077934601595],[-74.077117435406,40.1076931347635],[-74.0767085851988,40.1074413641157]]}},{"type":"Feature","id":259146,"properties":{"OBJECTID":259146,"PRIMENAME":"Woodland Road","ELEVTYP_F":0,"ELEVTYP_T":0},"geometry":{"type":"LineString","coordinates":[[-74.0539842256734,40.0924254069214],[-74.0539416127703,40.0922619790743],[-74.0538598006165,40.0919594875525]]}},{"type":"Feature","id":260555,"properties":{"OBJECTID":260555,"PRIMENAME":"Sunset Drive","ELEVTYP_F":0,"ELEVTYP_T":0},"geometry":{"type":"LineString","coordinates":[[-74.0797533534943,40.0965478462698],[-74.0797264847183,40.0966328253467],[-74.0796948407154,40.0967327772874],[-74.0796817042829,40.0968518766123],[-74.079656156065,40.0969661806493],[-74.0795871171021,40.0970898534439],[-74.0795118645076,40.0972182529807],[-74.0794181635508,40.0973180065629],[-74.0794121426346,40.0973263305019]]}},{"type":"Feature","id":260566,"properties":{"OBJECTID":260566,"PRIMENAME":"South Street","ELEVTYP_F":0,"ELEVTYP_T":0},"geometry":{"type":"LineString","coordinates":[[-74.0599971972468,40.1171594267943],[-74.0602629779031,40.1169165715098],[-74.0606262100019,40.1165937953602],[-74.0607062650721,40.1165226556048],[-74.0608434485697,40.1163977704374]]}},{"type":"Feature","id":260884,"properties":{"OBJECTID":260884,"PRIMENAME":"Higgins Avenue","ELEVTYP_F":0,"ELEVTYP_T":0},"geometry":{"type":"LineString","coordinates":[[-74.0623059843864,40.1104392205085],[-74.0622995254205,40.1104818851276],[-74.0623094002259,40.1105367734672],[-74.0623377548909,40.1106146001152]]}},{"type":"Feature","id":260926,"properties":{"OBJECTID":260926,"PRIMENAME":"Riverview Drive","ELEVTYP_F":0,"ELEVTYP_T":0},"geometry":{"type":"LineString","coordinates":[[-74.0591687552861,40.1061106602776],[-74.058890435704,40.1064353582526],[-74.0588804247748,40.1064465481152]]}},{"type":"Feature","id":261066,"properties":{"OBJECTID":261066,"PRIMENAME":"Lincoln Avenue","ELEVTYP_F":0,"ELEVTYP_T":0},"geometry":{"type":"LineString","coordinates":[[-74.0551034031062,40.0948248577019],[-74.0554287121858,40.0940477018367]]}},{"type":"Feature","id":261361,"properties":{"OBJECTID":261361,"PRIMENAME":"Lakewood Road","ELEVTYP_F":0,"ELEVTYP_T":0},"geometry":{"type":"LineString","coordinates":[[-74.0788263629405,40.1196416436659],[-74.0795052015871,40.1194181990047],[-74.0795909955394,40.1193905792475]]}},{"type":"Feature","id":261648,"properties":{"OBJECTID":261648,"PRIMENAME":"South Farragut Avenue","ELEVTYP_F":0,"ELEVTYP_T":0},"geometry":{"type":"LineString","coordinates":[[-74.0447799207036,40.1181989824546],[-74.0442811385772,40.1186414296895],[-74.0440229451588,40.1188740407891],[-74.0439737645974,40.11891834648]]}},{"type":"Feature","id":262052,"properties":{"OBJECTID":262052,"PRIMENAME":"North Farragut Avenue","ELEVTYP_F":0,"ELEVTYP_T":0},"geometry":{"type":"LineString","coordinates":[[-74.0439737645974,40.11891834648],[-74.0431647023603,40.119647273917]]}},{"type":"Feature","id":262160,"properties":{"OBJECTID":262160,"PRIMENAME":"Cedar Lane","ELEVTYP_F":0,"ELEVTYP_T":0},"geometry":{"type":"LineString","coordinates":[[-74.0827912546721,40.0978258713727],[-74.0827909054372,40.0978830549721],[-74.0827658871566,40.097911570796],[-74.0826350277605,40.097996890152],[-74.0821493345526,40.0982572887202],[-74.0819999744701,40.0983282385432],[-74.0818821299291,40.0983837893431]]}},{"type":"Feature","id":262922,"properties":{"OBJECTID":262922,"PRIMENAME":"Union Lane","ELEVTYP_F":0,"ELEVTYP_T":0},"geometry":{"type":"LineString","coordinates":[[-74.0526093345527,40.1077362675278],[-74.0520687550557,40.1074005352021]]}},{"type":"Feature","id":263531,"properties":{"OBJECTID":263531,"PRIMENAME":"Oakcrest Road","ELEVTYP_F":0,"ELEVTYP_T":0},"geometry":{"type":"LineString","coordinates":[[-74.0689071560962,40.0999011905423],[-74.0689133494627,40.0999055513162],[-74.068950087632,40.0999867024181],[-74.0689867302516,40.1000774337929],[-74.0690484397211,40.1001443468981],[-74.0691164372216,40.1001779551242],[-74.0691783452948,40.1002020699045],[-74.0692341309409,40.100216525399],[-74.0693458743679,40.1002121915739],[-74.0694517288515,40.1001553732526],[-74.0694974551493,40.1001094765127],[-74.0695557519848,40.1000429547292]]}},{"type":"Feature","id":263771,"properties":{"OBJECTID":263771,"PRIMENAME":"Seymour Avenue","ELEVTYP_F":0,"ELEVTYP_T":0},"geometry":{"type":"LineString","coordinates":[[-74.0423612531544,40.0968889950662],[-74.0443722972123,40.0968677127262]]}},{"type":"Feature","id":265066,"properties":{"OBJECTID":265066,"PRIMENAME":"Toboggan Run","ELEVTYP_F":0,"ELEVTYP_T":0},"geometry":{"type":"LineString","coordinates":[[-74.0864751855649,40.1101265878278],[-74.0863760527364,40.1101242847603],[-74.0858857490771,40.1101130332045],[-74.0856932937892,40.1101170942744],[-74.0855814770648,40.1101309980869],[-74.085388761181,40.1101779665381],[-74.0846501351348,40.1103797080594]]}},{"type":"Feature","id":265968,"properties":{"OBJECTID":265968,"PRIMENAME":"Riverview Drive","ELEVTYP_F":0,"ELEVTYP_T":0},"geometry":{"type":"LineString","coordinates":[[-74.0758667030404,40.0975305574363],[-74.0751244057447,40.097035190749],[-74.0746599516396,40.0967229640418]]}},{"type":"Feature","id":266049,"properties":{"OBJECTID":266049,"PRIMENAME":"Riverview Drive","ELEVTYP_F":0,"ELEVTYP_T":0},"geometry":{"type":"LineString","coordinates":[[-74.0667894568467,40.1006786400135],[-74.0667474435363,40.1007360801981],[-74.0666749662454,40.1008339257439]]}},{"type":"Feature","id":267146,"properties":{"OBJECTID":267146,"PRIMENAME":"Old Bridge Road","ELEVTYP_F":0,"ELEVTYP_T":0},"geometry":{"type":"LineString","coordinates":[[-74.0811922165541,40.1004549944684],[-74.0811111735432,40.1005071369012],[-74.0810361536955,40.1005974335889],[-74.0809605299572,40.1006922630171],[-74.0807860205004,40.1009110856469],[-74.0803293327817,40.1014909165867],[-74.0800664288337,40.1018569562368],[-74.079960135187,40.101980467051],[-74.0798789803929,40.1020564368548],[-74.0798043089919,40.1020895491678],[-74.0797359396739,40.1021035770598],[-74.0795995009091,40.1020888059988],[-74.079500511549,40.1020359841814],[-74.0794265443674,40.1019547012618],[-74.0793035319008,40.1017683971412],[-74.0792513359293,40.1016988336977]]}},{"type":"Feature","id":268234,"properties":{"OBJECTID":268234,"PRIMENAME":"Pinetree Place","ELEVTYP_F":0,"ELEVTYP_T":0},"geometry":{"type":"LineString","coordinates":[[-74.0863056661865,40.0880921745726],[-74.0861400070908,40.0883975750414],[-74.0854144528269,40.0895474369456]]}},{"type":"Feature","id":268799,"properties":{"OBJECTID":268799,"PRIMENAME":"Central Avenue","ELEVTYP_F":0,"ELEVTYP_T":0},"geometry":{"type":"LineString","coordinates":[[-74.0422378465103,40.0933154048256],[-74.0437697578248,40.0931979089677],[-74.0442279034653,40.0931611962943]]}},{"type":"Feature","id":268938,"properties":{"OBJECTID":268938,"PRIMENAME":"Unnamed Segment","ELEVTYP_F":0,"ELEVTYP_T":0},"geometry":{"type":"LineString","coordinates":[[-74.0559825391693,40.1070191000866],[-74.055991490955,40.106884944379],[-74.0560139256995,40.1067503179521],[-74.056041578061,40.1066488478602],[-74.0560801668509,40.1065535686789],[-74.0561146381222,40.1065086780551],[-74.0561727082578,40.1064524571153],[-74.0562622235546,40.106365718785],[-74.0563402928409,40.106290878776]]}},{"type":"Feature","id":269244,"properties":{"OBJECTID":269244,"PRIMENAME":"Club Road","ELEVTYP_F":0,"ELEVTYP_T":0},"geometry":{"type":"LineString","coordinates":[[-74.0621717854656,40.1069056430599],[-74.0622403671344,40.1068486355785],[-74.0629080976201,40.1062935308463]]}},{"type":"Feature","id":269770,"properties":{"OBJECTID":269770,"PRIMENAME":"Curtis Avenue","ELEVTYP_F":0,"ELEVTYP_T":0},"geometry":{"type":"LineString","coordinates":[[-74.051950380637,40.097745458758],[-74.0517714971632,40.098305652531],[-74.051589103305,40.0988768352081]]}},{"type":"Feature","id":269788,"properties":{"OBJECTID":269788,"PRIMENAME":"Holly Road","ELEVTYP_F":0,"ELEVTYP_T":0},"geometry":{"type":"LineString","coordinates":[[-74.0634782201975,40.1189533794366],[-74.0641850707501,40.1190241486989]]}},{"type":"Feature","id":270092,"properties":{"OBJECTID":270092,"PRIMENAME":"Blacksmith Row","ELEVTYP_F":0,"ELEVTYP_T":0},"geometry":{"type":"LineString","coordinates":[[-74.0799904350427,40.1130761367734],[-74.0791311013422,40.1123802348437],[-74.0789751347937,40.1121712648961]]}},{"type":"Feature","id":270237,"properties":{"OBJECTID":270237,"PRIMENAME":"Beech Court","ELEVTYP_F":0,"ELEVTYP_T":0},"geometry":{"type":"LineString","coordinates":[[-74.0704374342016,40.1107801364831],[-74.0697644325918,40.110873135806]]}},{"type":"Feature","id":270407,"properties":{"OBJECTID":270407,"PRIMENAME":"Ramshorn Drive","ELEVTYP_F":0,"ELEVTYP_T":0},"geometry":{"type":"LineString","coordinates":[[-74.085734148203,40.1157352992923],[-74.0857519142304,40.1156301219397],[-74.085860901301,40.1150586098689],[-74.0858812341054,40.1149280377515]]}},{"type":"Feature","id":270773,"properties":{"OBJECTID":270773,"PRIMENAME":"Unnamed Segment","ELEVTYP_F":0,"ELEVTYP_T":0},"geometry":{"type":"LineString","coordinates":[[-74.0739752993992,40.1103193063247],[-74.0737264339985,40.110316135348],[-74.07367443487,40.1103201357647]]}},{"type":"Feature","id":271668,"properties":{"OBJECTID":271668,"PRIMENAME":"Unnamed Segment","ELEVTYP_F":0,"ELEVTYP_T":0},"geometry":{"type":"LineString","coordinates":[[-74.0654393028641,40.1021429607351],[-74.0656796214667,40.1022158749502],[-74.0658156898799,40.1022369874607],[-74.0659294308052,40.1022531335017],[-74.0660764296228,40.1022541337342],[-74.0661574312006,40.1022601340212],[-74.0662504296137,40.1022751338348],[-74.0663404297495,40.1022981348844],[-74.06643343073,40.1023371352407],[-74.0664914307578,40.1023791344271],[-74.066529429699,40.1024201337266],[-74.0665654316022,40.1024871338571],[-74.0665884310688,40.10258013327],[-74.0665924299553,40.1026231345503],[-74.0665874305926,40.1026971345233],[-74.0665584315931,40.1028381343606],[-74.0665534332118,40.1029611345524],[-74.0665774303088,40.10303113408],[-74.0666594305559,40.1032091343463],[-74.0666904321811,40.103292134487],[-74.0667214314535,40.1034071343094],[-74.0667414319992,40.10352513551],[-74.0667464308895,40.1035891337911],[-74.0667434309564,40.1036421344551],[-74.0667264312887,40.1037041337802],[-74.0667024307052,40.1037531351819],[-74.0666524306304,40.1038221336921],[-74.066563432257,40.103887134903],[-74.0664984323439,40.103944134971],[-74.0664594320648,40.1039881353952],[-74.0664254316978,40.1040351349034],[-74.0663584311986,40.104260134809],[-74.0663314313276,40.1043301334807],[-74.0663074319011,40.1043491337346],[-74.0662844329378,40.1043561351423],[-74.066227432209,40.104364134175],[-74.0661244330757,40.1043461354158],[-74.0660194318882,40.1043351346262],[-74.0659664310877,40.1043331346522],[-74.06591543198,40.1043441355013],[-74.0658814312428,40.1043621344468],[-74.0658494323521,40.1043951346624],[-74.0657934315278,40.1045541351057]]}},{"type":"Feature","id":271873,"properties":{"OBJECTID":271873,"PRIMENAME":"Equestrian Lane","ELEVTYP_F":0,"ELEVTYP_T":0},"geometry":{"type":"LineString","coordinates":[[-74.0858138618681,40.1164408942476],[-74.0855344556963,40.1164637242144],[-74.0854184056369,40.1164781332871],[-74.0851822632892,40.1165425705221],[-74.0851010226605,40.1165600969305],[-74.0850197998629,40.1165687002305],[-74.0826146922899,40.116773697302]]}},{"type":"Feature","id":272127,"properties":{"OBJECTID":272127,"PRIMENAME":"Chester Avenue","ELEVTYP_F":0,"ELEVTYP_T":0},"geometry":{"type":"LineString","coordinates":[[-74.0529125054471,40.1115209542684],[-74.0528734075957,40.1115454281504],[-74.0527670456708,40.1116641641107],[-74.0525042722952,40.111987259015],[-74.052425152367,40.1120845491403]]}},{"type":"Feature","id":272355,"properties":{"OBJECTID":272355,"PRIMENAME":"Warren Avenue","ELEVTYP_F":0,"ELEVTYP_T":0},"geometry":{"type":"LineString","coordinates":[[-74.0466070593411,40.120640762454],[-74.0466711389627,40.1205334524104],[-74.0473937478169,40.1199009342934]]}},{"type":"Feature","id":272824,"properties":{"OBJECTID":272824,"PRIMENAME":"Harrow Lane","ELEVTYP_F":0,"ELEVTYP_T":0},"geometry":{"type":"LineString","coordinates":[[-74.0845006642113,40.0918932736646],[-74.084226980511,40.0920376560852],[-74.084089079323,40.0921075230656],[-74.0839856989221,40.0921555513983],[-74.0838594232856,40.0921946859225],[-74.0837217099044,40.0922338053254],[-74.0835783213379,40.0922596730018],[-74.0834235583543,40.0922811060217],[-74.0832344798422,40.0922848464844],[-74.0829825540769,40.0922663420925],[-74.0826907110595,40.0922168906004]]}},{"type":"Feature","id":273441,"properties":{"OBJECTID":273441,"PRIMENAME":"Maple Circle","ELEVTYP_F":0,"ELEVTYP_T":0},"geometry":{"type":"LineString","coordinates":[[-74.0708674332987,40.1092281353101],[-74.0710884324049,40.1092601357558],[-74.071092754684,40.1092605615751],[-74.0713724343795,40.1092881357135],[-74.0714464324661,40.1092911359183],[-74.0715214325023,40.1092851346961],[-74.0715867040777,40.1092623896649],[-74.0715874341272,40.1092621347682],[-74.0716354328421,40.109240135538],[-74.0716874325683,40.1092041345645],[-74.0717294338534,40.1091611351738],[-74.0717544335237,40.1091261358735],[-74.0717964317331,40.1090471350137],[-74.0718504333533,40.1089131356133],[-74.071863435497,40.1088571356103],[-74.071862432857,40.1087781351867],[-74.0718394349924,40.1086961352238],[-74.0718124334196,40.1086321351324]]}},{"type":"Feature","id":273468,"properties":{"OBJECTID":273468,"PRIMENAME":"Sandy Court","ELEVTYP_F":0,"ELEVTYP_T":0},"geometry":{"type":"LineString","coordinates":[[-74.0583539829965,40.1070359271023],[-74.0585065146754,40.107130146025],[-74.0591847095571,40.1075490581275],[-74.0592857991658,40.1075669549101],[-74.0594653010484,40.1075987331562]]}},{"type":"Feature","id":273581,"properties":{"OBJECTID":273581,"PRIMENAME":"Union Avenue","ELEVTYP_F":0,"ELEVTYP_T":0},"geometry":{"type":"LineString","coordinates":[[-74.055836028916,40.1138342752969],[-74.0556061729649,40.1141000998309],[-74.0553430241531,40.1144045319544]]}},{"type":"Feature","id":273790,"properties":{"OBJECTID":273790,"PRIMENAME":"FR RT 70 EB to RT 35 SB","ELEVTYP_F":0,"ELEVTYP_T":0},"geometry":{"type":"LineString","coordinates":[[-74.073346828075,40.1151813374189],[-74.0732948629785,40.1152396224712],[-74.0732447912701,40.1152988764258],[-74.073196643586,40.1153590630339],[-74.0731504493859,40.1154201454763],[-74.0731062369346,40.1154820863852],[-74.0730640332846,40.1155448478681],[-74.0730238642601,40.11560839153],[-74.0729857544405,40.1156726784974],[-74.0729590852482,40.1157041897984],[-74.0729279465535,40.1157331840017],[-74.0728927376914,40.1157592892689],[-74.0728539101968,40.1157821708109],[-74.0728080114569,40.1158031109454],[-74.0727667743157,40.1158142641747],[-74.0727243334457,40.1158223277892],[-74.0726810805711,40.115827227363],[-74.072637414911,40.1158289176734],[-74.0725889041255,40.1158270136248],[-74.0725409340009,40.1158211507688],[-74.0724708291915,40.1158075125815],[-74.0724029044066,40.1157884503259],[-74.0723378695689,40.1157641632337],[-74.0722764043944,40.1157349051443]]}},{"type":"Feature","id":274056,"properties":{"OBJECTID":274056,"PRIMENAME":"Parkway","ELEVTYP_F":0,"ELEVTYP_T":0},"geometry":{"type":"LineString","coordinates":[[-74.0423305130259,40.0945032549222],[-74.0429161429045,40.0944980726742],[-74.043256776588,40.0944941499891],[-74.044336913631,40.0944817079366]]}},{"type":"Feature","id":274298,"properties":{"OBJECTID":274298,"PRIMENAME":"Cedar Lane","ELEVTYP_F":0,"ELEVTYP_T":0},"geometry":{"type":"LineString","coordinates":[[-74.0801620978522,40.0988903372206],[-74.0800901904423,40.0989221969915]]}},{"type":"Feature","id":274342,"properties":{"OBJECTID":274342,"PRIMENAME":"Evergreen Avenue","ELEVTYP_F":0,"ELEVTYP_T":0},"geometry":{"type":"LineString","coordinates":[[-74.0543004284923,40.1069531363769],[-74.0544276728501,40.1070705605699]]}},{"type":"Feature","id":274432,"properties":{"OBJECTID":274432,"PRIMENAME":"Riverview Drive","ELEVTYP_F":0,"ELEVTYP_T":0},"geometry":{"type":"LineString","coordinates":[[-74.0580394431308,40.1073930537602],[-74.0575773091657,40.1079269254368],[-74.0575068858341,40.1080079723913]]}},{"type":"Feature","id":274611,"properties":{"OBJECTID":274611,"PRIMENAME":"Paynters Road","ELEVTYP_F":0,"ELEVTYP_T":0},"geometry":{"type":"LineString","coordinates":[[-74.0771753804944,40.1201911944286],[-74.0772688416667,40.1203148270669],[-74.0773916622736,40.1205249885959],[-74.077477530443,40.1206968827929],[-74.0775817345395,40.1209165027572],[-74.0776549237156,40.121126455935],[-74.0777461776497,40.1214223203045],[-74.0778191149413,40.1216847347581],[-74.0778740581342,40.1218326594005],[-74.0778898379873,40.1218664737604]]}},{"type":"Feature","id":275126,"properties":{"OBJECTID":275126,"PRIMENAME":"Lakewood Road","ELEVTYP_F":0,"ELEVTYP_T":0},"geometry":{"type":"LineString","coordinates":[[-74.0860692839792,40.1181326938617],[-74.0863297839342,40.118103481274],[-74.0872482166329,40.1180131981836]]}},{"type":"Feature","id":275343,"properties":{"OBJECTID":275343,"PRIMENAME":"Old Bridge Road","ELEVTYP_F":0,"ELEVTYP_T":0},"geometry":{"type":"LineString","coordinates":[[-74.0836783051655,40.0990755711877],[-74.0835338253166,40.0991432178713],[-74.0824544053553,40.0997437672197]]}},{"type":"Feature","id":275610,"properties":{"OBJECTID":275610,"PRIMENAME":"Brielle Road","ELEVTYP_F":0,"ELEVTYP_T":0},"geometry":{"type":"LineString","coordinates":[[-74.0427999007489,40.1114867630328],[-74.0427815384524,40.111484005597],[-74.0425980128846,40.1114564386682],[-74.0424733137951,40.1114373496404]]}},{"type":"Feature","id":275767,"properties":{"OBJECTID":275767,"PRIMENAME":"East Main Street","ELEVTYP_F":0,"ELEVTYP_T":0},"geometry":{"type":"LineString","coordinates":[[-74.0439737645974,40.11891834648],[-74.0451564815959,40.1196928890126],[-74.0451994205334,40.1197209492001]]}},{"type":"Feature","id":275790,"properties":{"OBJECTID":275790,"PRIMENAME":"Trenton Avenue","ELEVTYP_F":0,"ELEVTYP_T":0},"geometry":{"type":"LineString","coordinates":[[-74.0457985875872,40.0899414599509],[-74.0455565811573,40.08996079885],[-74.0438242805634,40.0900962792392]]}},{"type":"Feature","id":276522,"properties":{"OBJECTID":276522,"PRIMENAME":"Broadway","ELEVTYP_F":0,"ELEVTYP_T":0},"geometry":{"type":"LineString","coordinates":[[-74.0424300670031,40.1005982057412],[-74.0440649534441,40.1005828000886],[-74.04443259025,40.1005790298252]]}},{"type":"Feature","id":276771,"properties":{"OBJECTID":276771,"PRIMENAME":"Rathjen Road","ELEVTYP_F":0,"ELEVTYP_T":0},"geometry":{"type":"LineString","coordinates":[[-74.0679820302215,40.1107546077455],[-74.0681332418503,40.1103977055096],[-74.0681683980501,40.110294393412]]}},{"type":"Feature","id":276905,"properties":{"OBJECTID":276905,"PRIMENAME":"Unnamed Segment","ELEVTYP_F":0,"ELEVTYP_T":0},"geometry":{"type":"LineString","coordinates":[[-74.0504401007421,40.112060087699],[-74.0504444254906,40.1115901363243],[-74.0504284276814,40.1112141369611]]}},{"type":"Feature","id":277598,"properties":{"OBJECTID":277598,"PRIMENAME":"Chatham Lane","ELEVTYP_F":0,"ELEVTYP_T":0},"geometry":{"type":"LineString","coordinates":[[-74.0864181089902,40.0927524178255],[-74.0864123227521,40.0927516288761],[-74.0863229978869,40.0927513099091],[-74.0862037729322,40.0927594766639],[-74.0860882326412,40.0927790772321],[-74.085976340441,40.0928101385146],[-74.085841969192,40.0928639878792],[-74.085666407967,40.0929548613032]]}},{"type":"Feature","id":278266,"properties":{"OBJECTID":278266,"PRIMENAME":"Unnamed Segment","ELEVTYP_F":0,"ELEVTYP_T":0},"geometry":{"type":"LineString","coordinates":[[-74.0530754283025,40.1072791363486],[-74.0534103471164,40.1075067721577],[-74.0537276394071,40.1077410059768]]}},{"type":"Feature","id":278346,"properties":{"OBJECTID":278346,"PRIMENAME":"Union Lane","ELEVTYP_F":0,"ELEVTYP_T":0},"geometry":{"type":"LineString","coordinates":[[-74.062422138152,40.1137944741628],[-74.0620042770724,40.1135343972758],[-74.0619545745717,40.1135043145741]]}},{"type":"Feature","id":279245,"properties":{"OBJECTID":279245,"PRIMENAME":"River Road","ELEVTYP_F":0,"ELEVTYP_T":0},"geometry":{"type":"LineString","coordinates":[[-74.0825102759829,40.0900572713464],[-74.0823845318241,40.089945660082],[-74.0823030099471,40.0898795886148],[-74.0822251894069,40.0898221230407],[-74.0821473338177,40.0897646572875],[-74.0820619738094,40.0897185842803],[-74.0819728776736,40.0896696434343],[-74.0818763307463,40.0896292682276],[-74.0818010069178,40.0896019827609]]}},{"type":"Feature","id":279285,"properties":{"OBJECTID":279285,"PRIMENAME":"Bay Avenue","ELEVTYP_F":0,"ELEVTYP_T":0},"geometry":{"type":"LineString","coordinates":[[-74.051752096368,40.0904404411217],[-74.0517653808915,40.0908237105378],[-74.0517822785019,40.0910811484356],[-74.0518050894398,40.0915816805168]]}},{"type":"Feature","id":279540,"properties":{"OBJECTID":279540,"PRIMENAME":"Perrine Boulevard","ELEVTYP_F":0,"ELEVTYP_T":0},"geometry":{"type":"LineString","coordinates":[[-74.048371669275,40.1168462416569],[-74.0480254993987,40.1166352608408],[-74.0475769688291,40.1163631467436]]}},{"type":"Feature","id":280497,"properties":{"OBJECTID":280497,"PRIMENAME":"Old Bridge Road","ELEVTYP_F":0,"ELEVTYP_T":0},"geometry":{"type":"LineString","coordinates":[[-74.0739352795544,40.1074517124677],[-74.073483230756,40.1078563252368],[-74.073380745932,40.1079431768287],[-74.0731670702507,40.1081242558196],[-74.0729140637246,40.1083441279736],[-74.0727105869676,40.108550373834],[-74.0726760808488,40.1085980965309]]}},{"type":"Feature","id":280640,"properties":{"OBJECTID":280640,"PRIMENAME":"Riverview Drive","ELEVTYP_F":0,"ELEVTYP_T":0},"geometry":{"type":"LineString","coordinates":[[-74.0584372096721,40.1069427484115],[-74.0583539829965,40.1070359271023]]}},{"type":"Feature","id":280789,"properties":{"OBJECTID":280789,"PRIMENAME":"Laurel Avenue","ELEVTYP_F":0,"ELEVTYP_T":0},"geometry":{"type":"LineString","coordinates":[[-74.0495693492705,40.0906190395318],[-74.051752096368,40.0904404411217]]}},{"type":"Feature","id":281643,"properties":{"OBJECTID":281643,"PRIMENAME":"Tanner Avenue","ELEVTYP_F":0,"ELEVTYP_T":0},"geometry":{"type":"LineString","coordinates":[[-74.081174435596,40.1122181358335],[-74.0817254374322,40.112323136052],[-74.0819274374366,40.1123861362717],[-74.0820804376177,40.1124971353695],[-74.0821684327635,40.1125924421582],[-74.0822298609777,40.1128012929167],[-74.0823117003874,40.1130904595767]]}},{"type":"Feature","id":281688,"properties":{"OBJECTID":281688,"PRIMENAME":"Spruce Place","ELEVTYP_F":0,"ELEVTYP_T":0},"geometry":{"type":"LineString","coordinates":[[-74.0739212081479,40.099838866546],[-74.0738298022405,40.0997521630836],[-74.0728611367341,40.0988334729472],[-74.0728112419336,40.0987861251908]]}},{"type":"Feature","id":281780,"properties":{"OBJECTID":281780,"PRIMENAME":"Legg Place","ELEVTYP_F":0,"ELEVTYP_T":0},"geometry":{"type":"LineString","coordinates":[[-74.0602025667806,40.1134248778665],[-74.0602484986503,40.1133800187762],[-74.0606495149906,40.1129724364942],[-74.0607483832328,40.1128719488499],[-74.0608086328769,40.1128107098778]]}},{"type":"Feature","id":281968,"properties":{"OBJECTID":281968,"PRIMENAME":"Cedar Lane","ELEVTYP_F":0,"ELEVTYP_T":0},"geometry":{"type":"LineString","coordinates":[[-74.0788078590027,40.0995012210551],[-74.0786100234428,40.0995941615972],[-74.0780682134086,40.0998486932468],[-74.0779884769022,40.0998861506989]]}},{"type":"Feature","id":282326,"properties":{"OBJECTID":282326,"PRIMENAME":"Riverview Drive","ELEVTYP_F":0,"ELEVTYP_T":0},"geometry":{"type":"LineString","coordinates":[[-74.0682255403436,40.0989718351665],[-74.0679072109338,40.0993091176134]]}},{"type":"Feature","id":282638,"properties":{"OBJECTID":282638,"PRIMENAME":"Momingstar Road","ELEVTYP_F":0,"ELEVTYP_T":0},"geometry":{"type":"LineString","coordinates":[[-74.0753584766057,40.1068077023961],[-74.0752958821065,40.1067911776247]]}},{"type":"Feature","id":283289,"properties":{"OBJECTID":283289,"PRIMENAME":"Unnamed Segment","ELEVTYP_F":0,"ELEVTYP_T":0},"geometry":{"type":"LineString","coordinates":[[-74.0723472455547,40.1100457794737],[-74.0724388935941,40.1097315009602]]}},{"type":"Feature","id":284007,"properties":{"OBJECTID":284007,"PRIMENAME":"Glimmer Glass Circle","ELEVTYP_F":0,"ELEVTYP_T":0},"geometry":{"type":"LineString","coordinates":[[-74.0414924249512,40.1127631370775],[-74.0425054228117,40.1125811373496],[-74.042632424505,40.1125641376753],[-74.0427114240597,40.1125451361647],[-74.0427744972921,40.1125241073293],[-74.0428494230078,40.1124931375165],[-74.0428874246465,40.1124681367012],[-74.0429384252569,40.1124161368179]]}},{"type":"Feature","id":284107,"properties":{"OBJECTID":284107,"PRIMENAME":"Lakewood Road","ELEVTYP_F":0,"ELEVTYP_T":0},"geometry":{"type":"LineString","coordinates":[[-74.0776588013789,40.1200259069407],[-74.0778376062874,40.1199670675465]]}},{"type":"Feature","id":284637,"properties":{"OBJECTID":284637,"PRIMENAME":"Lenape Trail","ELEVTYP_F":0,"ELEVTYP_T":0},"geometry":{"type":"LineString","coordinates":[[-74.0662351547255,40.1166200609236],[-74.0661877822566,40.1166190323447],[-74.0657097474104,40.1166172408255],[-74.0654304451059,40.1166113618902],[-74.0653158909261,40.1166202658338]]}},{"type":"Feature","id":284979,"properties":{"OBJECTID":284979,"PRIMENAME":"Green Avenue","ELEVTYP_F":0,"ELEVTYP_T":0},"geometry":{"type":"LineString","coordinates":[[-74.0484327427961,40.1089370733255],[-74.0484149295979,40.1089544096774],[-74.0482489479683,40.1091184532745]]}},{"type":"Feature","id":284996,"properties":{"OBJECTID":284996,"PRIMENAME":"FR RT 70 EB to CO 20","ELEVTYP_F":0,"ELEVTYP_T":0},"geometry":{"type":"LineString","coordinates":[[-74.0752958821065,40.1067911776247],[-74.0752925561375,40.1067988113801],[-74.0751979093785,40.1070244850459],[-74.0751289156476,40.1072051280125],[-74.0750627647245,40.1073863969088],[-74.0750476184011,40.1074190672017],[-74.0750292968239,40.1074507640796],[-74.0750079049871,40.1074813058914],[-74.0749835654809,40.1075105176057],[-74.0749564177888,40.1075382318131],[-74.0749266174883,40.1075642896863],[-74.0748943353591,40.1075885418901],[-74.0748597564049,40.1076108494373],[-74.0748155975416,40.1076295481342],[-74.0747697976904,40.1076457532308],[-74.074722595288,40.1076593803621],[-74.0746742360733,40.1076703585842],[-74.0746249718081,40.1076786307435],[-74.0745750589663,40.1076841537745],[-74.0745247573985,40.1076868989239],[-74.0744743289793,40.1076868519001],[-74.0744324799553,40.1076817699296],[-74.0743911451189,40.1076746253918],[-74.074350496701,40.1076654480561],[-74.0743107040722,40.1076542761618],[-74.0742719330372,40.1076411562593],[-74.0742343451434,40.1076261430157],[-74.0741980970084,40.1076092989868],[-74.0741633396669,40.107590694357],[-74.0740471742439,40.1075232693011],[-74.0739352795544,40.1074517124677]]}},{"type":"Feature","id":285464,"properties":{"OBJECTID":285464,"PRIMENAME":"Birch Drive","ELEVTYP_F":0,"ELEVTYP_T":0},"geometry":{"type":"LineString","coordinates":[[-74.072544281635,40.1014697231733],[-74.0724904051261,40.1015440591348],[-74.0723592055158,40.1016865503486],[-74.0722279924694,40.1018194877415],[-74.0720034003457,40.1020093746638],[-74.0718349406056,40.1021469512256]]}},{"type":"Feature","id":286344,"properties":{"OBJECTID":286344,"PRIMENAME":"Union Avenue","ELEVTYP_F":0,"ELEVTYP_T":0},"geometry":{"type":"LineString","coordinates":[[-74.0502314732701,40.1203198859272],[-74.0498985534626,40.1207082016597],[-74.0494373939721,40.1212460827521]]}},{"type":"Feature","id":286764,"properties":{"OBJECTID":286764,"PRIMENAME":"River Place","ELEVTYP_F":0,"ELEVTYP_T":0},"geometry":{"type":"LineString","coordinates":[[-74.0449695949602,40.1156116513405],[-74.0450155334686,40.1155701588171],[-74.0455463933654,40.1150908544929],[-74.0445575857071,40.1144292506407],[-74.0444810741402,40.114379809142]]}},{"type":"Feature","id":286823,"properties":{"OBJECTID":286823,"PRIMENAME":"Ashley Avenue","ELEVTYP_F":0,"ELEVTYP_T":0},"geometry":{"type":"LineString","coordinates":[[-74.0544276728501,40.1070705605699],[-74.0537276394071,40.1077410059768]]}},{"type":"Feature","id":286862,"properties":{"OBJECTID":286862,"PRIMENAME":"McLean Avenue","ELEVTYP_F":0,"ELEVTYP_T":0},"geometry":{"type":"LineString","coordinates":[[-74.0489209440217,40.0935273974006],[-74.0493827051617,40.0935494827167]]}},{"type":"Feature","id":286863,"properties":{"OBJECTID":286863,"PRIMENAME":"Sycamore Lane","ELEVTYP_F":0,"ELEVTYP_T":0},"geometry":{"type":"LineString","coordinates":[[-74.0664915006552,40.0980848002208],[-74.0665572430451,40.0981184024169],[-74.0669010906675,40.0982943072376]]}},{"type":"Feature","id":287292,"properties":{"OBJECTID":287292,"PRIMENAME":"Riverview Drive","ELEVTYP_F":0,"ELEVTYP_T":0},"geometry":{"type":"LineString","coordinates":[[-74.0735236177853,40.0959835636109],[-74.0734431285981,40.0959471117028],[-74.0733068161849,40.0959084771002],[-74.0731932719392,40.0959046820925]]}},{"type":"Feature","id":287621,"properties":{"OBJECTID":287621,"PRIMENAME":"FR CO 635 to RT 35 NB","ELEVTYP_F":0,"ELEVTYP_T":0},"geometry":{"type":"LineString","coordinates":[[-74.04994044171,40.1001862399515],[-74.0501067237409,40.1002331723705],[-74.0501583301004,40.1002518756718],[-74.0502449566399,40.1002890268581],[-74.0503091240463,40.1003165371717],[-74.0503852639248,40.100360839547],[-74.0503862619176,40.1003613928416],[-74.0504130062414,40.1003770074291],[-74.0504424570795,40.1003998254229],[-74.0504960219427,40.1004414055875],[-74.0505336812667,40.1004716122461],[-74.0506867032114,40.1006052990481]]}},{"type":"Feature","id":288332,"properties":{"OBJECTID":288332,"PRIMENAME":"FR RT 35 NB to CO 635","ELEVTYP_F":0,"ELEVTYP_T":0},"geometry":{"type":"LineString","coordinates":[[-74.0499605788518,40.0994358607524],[-74.0499814367182,40.099547346316],[-74.0499855631071,40.0995939505293],[-74.0499902212486,40.0996465409912],[-74.0499856519693,40.099688883582],[-74.0499798972174,40.0997431088706],[-74.0499790970521,40.0997506274224],[-74.0499770546936,40.099756741476],[-74.0499544421063,40.0998247097407],[-74.049952509086,40.0998306053511],[-74.0499500901058,40.099834246448],[-74.0498892802035,40.0999265001919],[-74.0498327131126,40.0999826959653],[-74.0498210534518,40.0999942911646],[-74.0498041403797,40.1000057281388],[-74.0497364518547,40.1000514488492],[-74.04972675596,40.1000579997037],[-74.0497168939155,40.100062710703],[-74.0496417987137,40.1000986300804],[-74.0495855313339,40.1001255067431],[-74.049418288486,40.1001809431345],[-74.0493671668669,40.1001990282599],[-74.0491797136708,40.1002653389635]]}},{"type":"Feature","id":288630,"properties":{"OBJECTID":288630,"PRIMENAME":"Green Avenue","ELEVTYP_F":0,"ELEVTYP_T":0},"geometry":{"type":"LineString","coordinates":[[-74.0476631475166,40.1096973468844],[-74.0468921493529,40.1104564298124]]}},{"type":"Feature","id":288688,"properties":{"OBJECTID":288688,"PRIMENAME":"FR RAMP X101590 to CO 20 EB","ELEVTYP_F":0,"ELEVTYP_T":0},"geometry":{"type":"LineString","coordinates":[[-74.0707683669486,40.1141378466516],[-74.0707645629506,40.1141074037394],[-74.0707620621926,40.1140768813797],[-74.0707608673669,40.114046312451],[-74.0707609797586,40.1140157298821],[-74.0707623992449,40.1139851666166],[-74.0707651242952,40.1139546555771],[-74.0707691519721,40.1139242296299],[-74.0707744779354,40.1138939215496],[-74.0707849638272,40.1138499667712],[-74.0707936961321,40.1138057865873],[-74.0707932359012,40.1137953840394],[-74.07079154032,40.1137850572253],[-74.0707886235586,40.113774892443],[-74.0707845099919,40.1137649746365],[-74.0707792339963,40.1137553866856],[-74.070772839662,40.113746208714],[-74.0707653804249,40.113737517419],[-74.0707569186198,40.1137293854309],[-74.0707363912269,40.1137145572594],[-74.0707149243453,40.1137005352277],[-74.0706925716192,40.1136873543757],[-74.0706693889068,40.1136750476413],[-74.0706413702934,40.113661834523],[-74.0706123961237,40.113649897906],[-74.0705825649412,40.1136392783877],[-74.070551978204,40.1136300120857]]}},{"type":"Feature","id":289054,"properties":{"OBJECTID":289054,"PRIMENAME":"FR RT 35 NB to RT 35 SB","ELEVTYP_F":0,"ELEVTYP_T":0},"geometry":{"type":"LineString","coordinates":[[-74.0493023552816,40.0960682115582],[-74.0493255305394,40.0961022003923],[-74.0493534348816,40.0961340244419],[-74.0493857294356,40.0961632972255],[-74.049422022011,40.0961896632449],[-74.0494384000618,40.0961998669197],[-74.0494559618383,40.0962088346262],[-74.0494745497439,40.0962164858891],[-74.0494939969733,40.0962227520471],[-74.0495141290094,40.0962275768684],[-74.0495347651899,40.0962309170555],[-74.049555720328,40.0962327426341],[-74.0495768063748,40.0962330372215],[-74.0497321065735,40.0962263423689],[-74.0498870277351,40.0962156573787],[-74.0499377220349,40.0962112750245],[-74.0499881980464,40.0962055978758],[-74.0500383997131,40.0961986322376],[-74.0500882712831,40.0961903858454],[-74.0501191602058,40.0961786238899],[-74.0501473245392,40.096163351726],[-74.0501720934081,40.0961449331382],[-74.0501928768187,40.0961238068589],[-74.0502243497409,40.0960824513965],[-74.0502509023109,40.0960391078373],[-74.0502723235596,40.0959941205764],[-74.0502884432903,40.0959478470685]]}},{"type":"Feature","id":289803,"properties":{"OBJECTID":289803,"PRIMENAME":"Riverview Drive","ELEVTYP_F":0,"ELEVTYP_T":0},"geometry":{"type":"LineString","coordinates":[[-74.0691194413892,40.0981487164657],[-74.0690288221368,40.0981994692007],[-74.0689352850934,40.0982706089419],[-74.0687667631659,40.0984129572643],[-74.0684482437554,40.0987358547053],[-74.0682255403436,40.0989718351665]]}},{"type":"Feature","id":290511,"properties":{"OBJECTID":290511,"PRIMENAME":"Unnamed Segment","ELEVTYP_F":0,"ELEVTYP_T":0},"geometry":{"type":"LineString","coordinates":[[-74.0709215503736,40.1204530389818],[-74.0709774335802,40.1204731376786],[-74.0714104346691,40.1206081380047],[-74.071661435183,40.1207141380308],[-74.0717034347614,40.1207761381283],[-74.0717594345078,40.1209101377546],[-74.071789435158,40.1209561377816],[-74.0718574326036,40.1210181375675],[-74.0718964336611,40.1210341374315]]}},{"type":"Feature","id":291151,"properties":{"OBJECTID":291151,"PRIMENAME":"Mountain Laurel Lane","ELEVTYP_F":0,"ELEVTYP_T":0},"geometry":{"type":"LineString","coordinates":[[-74.0704294327197,40.110513134617],[-74.0704294347479,40.1106681359185],[-74.0704374342016,40.1107801364831]]}},{"type":"Feature","id":291597,"properties":{"OBJECTID":291597,"PRIMENAME":"Unnamed Segment","ELEVTYP_F":0,"ELEVTYP_T":0},"geometry":{"type":"LineString","coordinates":[[-74.0750107054377,40.1209159677147],[-74.074841259691,40.1206068577851],[-74.074700084761,40.1203469829949]]}},{"type":"Feature","id":291739,"properties":{"OBJECTID":291739,"PRIMENAME":"FR RIVER AVE to RT 35 SB","ELEVTYP_F":0,"ELEVTYP_T":0},"geometry":{"type":"LineString","coordinates":[[-74.050324028036,40.0962005532127],[-74.0500510244708,40.0962877553087]]}},{"type":"Feature","id":292399,"properties":{"OBJECTID":292399,"PRIMENAME":"State Highway 34","ELEVTYP_F":0,"ELEVTYP_T":0},"geometry":{"type":"LineString","coordinates":[[-74.0736083600646,40.1166003587182],[-74.073618870245,40.1166065743275],[-74.0737421087556,40.1166746155613],[-74.0739218748633,40.1167738626997],[-74.0741358342212,40.1169024725132],[-74.074378828077,40.1170485349751],[-74.0746622655742,40.1172190577201],[-74.0746766135655,40.117227689461],[-74.0748923138213,40.1173471604838]]}},{"type":"Feature","id":292586,"properties":{"OBJECTID":292586,"PRIMENAME":"Fisk Avenue","ELEVTYP_F":0,"ELEVTYP_T":0},"geometry":{"type":"LineString","coordinates":[[-74.0510337609965,40.1133738756863],[-74.050915447822,40.1133175743599],[-74.0507868520012,40.1132563801259]]}},{"type":"Feature","id":292915,"properties":{"OBJECTID":292915,"PRIMENAME":"Green Avenue","ELEVTYP_F":0,"ELEVTYP_T":0},"geometry":{"type":"LineString","coordinates":[[-74.0482489479683,40.1091184532745],[-74.0481932615709,40.1091734986977],[-74.0477088905404,40.1096522830504],[-74.0476631475166,40.1096973468844]]}},{"type":"Feature","id":292930,"properties":{"OBJECTID":292930,"PRIMENAME":"Harbor Road","ELEVTYP_F":0,"ELEVTYP_T":0},"geometry":{"type":"LineString","coordinates":[[-74.0824255733484,40.1101024222214],[-74.0823791638066,40.1100146520922],[-74.0820232389837,40.1093413452785],[-74.0820112391847,40.1093004791466],[-74.0820050261532,40.1092793175542],[-74.0820239684273,40.1092221741484],[-74.0820614927016,40.1091841770866],[-74.0821610123454,40.1091464036792],[-74.083442005727,40.1087649734784],[-74.0845302228958,40.1084447709125],[-74.0846172962208,40.1084308072937],[-74.08469170501,40.108435851378],[-74.0847474414488,40.1084598528287],[-74.0847906499043,40.1084981672288],[-74.0848274695992,40.1085697598924],[-74.0850902804576,40.1092427526152],[-74.0851169673602,40.1093110141595]]}},{"type":"Feature","id":293107,"properties":{"OBJECTID":293107,"PRIMENAME":"Crestview Road","ELEVTYP_F":0,"ELEVTYP_T":0},"geometry":{"type":"LineString","coordinates":[[-74.0667196423802,40.1191882641004],[-74.0668210905125,40.1185516514783],[-74.0668494042208,40.1183948630577]]}},{"type":"Feature","id":294052,"properties":{"OBJECTID":294052,"PRIMENAME":"Riverview Drive","ELEVTYP_F":0,"ELEVTYP_T":0},"geometry":{"type":"LineString","coordinates":[[-74.060502494326,40.1047330277325],[-74.0602844711615,40.104901174057],[-74.0601346374485,40.1050340539588],[-74.060105924465,40.1050624967619]]}},{"type":"Feature","id":294195,"properties":{"OBJECTID":294195,"PRIMENAME":"Evergreen Avenue","ELEVTYP_F":0,"ELEVTYP_T":0},"geometry":{"type":"LineString","coordinates":[[-74.0544276728501,40.1070705605699],[-74.0546723335398,40.107208940306],[-74.0546812611005,40.1072139896655],[-74.054861317488,40.107326682443],[-74.0550778595582,40.1074622070503],[-74.0552599886881,40.1075711296789],[-74.0552942160243,40.107591600451],[-74.0553855113834,40.1076493004922],[-74.055415884401,40.1076684972699],[-74.0555512513372,40.1077280956592],[-74.0556957086718,40.1077807556295]]}},{"type":"Feature","id":294303,"properties":{"OBJECTID":294303,"PRIMENAME":"Lakewood Road","ELEVTYP_F":0,"ELEVTYP_T":0},"geometry":{"type":"LineString","coordinates":[[-74.0818520509324,40.1186493332499],[-74.0819934632408,40.118602655798],[-74.0821551378331,40.1185603295423],[-74.0823354782204,40.1185180991968],[-74.0825405336533,40.1184807060816],[-74.0831678707325,40.1184305302599],[-74.0840374915669,40.1183478662952],[-74.0852177911699,40.1182281764431],[-74.0860692839792,40.1181326938617]]}},{"type":"Feature","id":294942,"properties":{"OBJECTID":294942,"PRIMENAME":"Summit Road","ELEVTYP_F":0,"ELEVTYP_T":0},"geometry":{"type":"LineString","coordinates":[[-74.0677336780012,40.1185086379063],[-74.067921161608,40.1173785209186],[-74.0679279947311,40.1173385748021]]}},{"type":"Feature","id":295086,"properties":{"OBJECTID":295086,"PRIMENAME":"Euclid Avenue","ELEVTYP_F":0,"ELEVTYP_T":0},"geometry":{"type":"LineString","coordinates":[[-74.0447799207036,40.1181989824546],[-74.0453742056072,40.1185837645994],[-74.0459987060011,40.1189910910296]]}},{"type":"Feature","id":295501,"properties":{"OBJECTID":295501,"PRIMENAME":"Unnamed Segment","ELEVTYP_F":0,"ELEVTYP_T":0},"geometry":{"type":"LineString","coordinates":[[-74.0543004284923,40.1069531363769],[-74.0543894274429,40.106838136607],[-74.0544044283959,40.1068031368083],[-74.0543924275399,40.106748135111],[-74.0543554282937,40.1066821361953],[-74.0540544265854,40.1064901361314],[-74.0538424281386,40.1063601357112],[-74.0537984258841,40.1063501351883],[-74.0537204277404,40.1063481359864],[-74.0535414269739,40.1063791350891],[-74.053379427506,40.1064131357183],[-74.0533394265205,40.1064271357938],[-74.0532924290277,40.1064701362719]]}},{"type":"Feature","id":295974,"properties":{"OBJECTID":295974,"PRIMENAME":"Riverwood Pike","ELEVTYP_F":0,"ELEVTYP_T":0},"geometry":{"type":"LineString","coordinates":[[-74.05643993098,40.0911582165613],[-74.0564181270367,40.0909529438824],[-74.0563276149372,40.0901614659728]]}},{"type":"Feature","id":296227,"properties":{"OBJECTID":296227,"PRIMENAME":"Leslie Avenue","ELEVTYP_F":0,"ELEVTYP_T":0},"geometry":{"type":"LineString","coordinates":[[-74.0502079646661,40.1090873578321],[-74.0502079468743,40.1090900589274],[-74.0501827213038,40.1091471726877],[-74.0501461961806,40.1091811002692],[-74.0500141107973,40.1093037959407]]}},{"type":"Feature","id":296298,"properties":{"OBJECTID":296298,"PRIMENAME":"Bennett Place","ELEVTYP_F":0,"ELEVTYP_T":0},"geometry":{"type":"LineString","coordinates":[[-74.0512187037359,40.1095531587345],[-74.0513031857051,40.1096138276595],[-74.0514699783962,40.1097336203408],[-74.0516554342314,40.1098534841251],[-74.0518593588788,40.1099924992517],[-74.0519335869248,40.1100356961189],[-74.0520140955456,40.1100645863799],[-74.0520298311954,40.1100693416291]]}},{"type":"Feature","id":297084,"properties":{"OBJECTID":297084,"PRIMENAME":"Oval Drive","ELEVTYP_F":0,"ELEVTYP_T":0},"geometry":{"type":"LineString","coordinates":[[-74.0719087554245,40.1123427166326],[-74.0718396705247,40.1122315685204],[-74.0717641389753,40.1121469227022],[-74.0716894406315,40.1120745977286],[-74.0715846666771,40.1120371225823],[-74.0714332765453,40.1120023660701]]}},{"type":"Feature","id":298159,"properties":{"OBJECTID":298159,"PRIMENAME":"FR RT 35 SB to HIGGINS AVE","ELEVTYP_F":0,"ELEVTYP_T":0},"geometry":{"type":"LineString","coordinates":[[-74.0637336313675,40.110881027234],[-74.0636029253114,40.1108097703536],[-74.063467661499,40.1107437183525],[-74.0633281911717,40.1106830427426],[-74.0631848764907,40.1106279010748],[-74.0628801357918,40.1105222922344],[-74.0627881066781,40.1104841034405],[-74.0627001700843,40.110440599578],[-74.0626669288035,40.1104158819632],[-74.0626357985009,40.1103895937203],[-74.0626014063292,40.1103561255077],[-74.0625704339725,40.11032074324],[-74.0625197935978,40.1102511723133],[-74.0624649297487,40.1101835157485],[-74.0624224466623,40.1101356004442],[-74.0623778445128,40.1100888342216]]}},{"type":"Feature","id":298526,"properties":{"OBJECTID":298526,"PRIMENAME":"Forman Avenue","ELEVTYP_F":0,"ELEVTYP_T":0},"geometry":{"type":"LineString","coordinates":[[-74.0437133365188,40.0892659066464],[-74.0439978942948,40.0892439118373],[-74.0456951101734,40.0891080164909]]}},{"type":"Feature","id":298920,"properties":{"OBJECTID":298920,"PRIMENAME":"Unamis Path","ELEVTYP_F":0,"ELEVTYP_T":0},"geometry":{"type":"LineString","coordinates":[[-74.0678207241149,40.120495214726],[-74.0678514012549,40.1205525138115],[-74.0679235993585,40.1209198022982],[-74.0679473001385,40.1210961938695],[-74.0679408722981,40.1211343292906],[-74.0679231238281,40.1211532054227]]}},{"type":"Feature","id":299659,"properties":{"OBJECTID":299659,"PRIMENAME":"Morgan Parkway","ELEVTYP_F":0,"ELEVTYP_T":0},"geometry":{"type":"LineString","coordinates":[[-74.0593610884237,40.1139805851588],[-74.0596258508933,40.1136779342506],[-74.0597006003748,40.1136305603428],[-74.0597877116358,40.1136070619698],[-74.0599057453314,40.1135789046861],[-74.0599537387258,40.1135647922235]]}},{"type":"Feature","id":300116,"properties":{"OBJECTID":300116,"PRIMENAME":"Schoolhouse Road","ELEVTYP_F":1,"ELEVTYP_T":1},"geometry":{"type":"LineString","coordinates":[[-74.0652102405109,40.1117389965683],[-74.0652605854244,40.1116768669278]]}},{"type":"Feature","id":300164,"properties":{"OBJECTID":300164,"PRIMENAME":"East Virginia Avenue","ELEVTYP_F":0,"ELEVTYP_T":0},"geometry":{"type":"LineString","coordinates":[[-74.0465334254072,40.1166042534016],[-74.0477042036256,40.1173441604972],[-74.0477726554808,40.1173856072079]]}},{"type":"Feature","id":300408,"properties":{"OBJECTID":300408,"PRIMENAME":"Unnamed Segment","ELEVTYP_F":0,"ELEVTYP_T":0},"geometry":{"type":"LineString","coordinates":[[-74.0686560759322,40.1143724112815],[-74.0687537332112,40.1145072314344],[-74.0688910242722,40.114632465301],[-74.0691417889449,40.1147955393647],[-74.0695548411642,40.1149841588871],[-74.0698141253917,40.1150849004272],[-74.0699841812376,40.1151666019466]]}},{"type":"Feature","id":300678,"properties":{"OBJECTID":300678,"PRIMENAME":"Cole Drive","ELEVTYP_F":0,"ELEVTYP_T":0},"geometry":{"type":"LineString","coordinates":[[-74.0702788382216,40.0963281333314],[-74.0703636478709,40.0962743371316],[-74.0705132614337,40.096170048859]]}},{"type":"Feature","id":301335,"properties":{"OBJECTID":301335,"PRIMENAME":"Isham Circle","ELEVTYP_F":0,"ELEVTYP_T":0},"geometry":{"type":"LineString","coordinates":[[-74.0612340154989,40.1041474267372],[-74.0613014368276,40.1042093964508],[-74.0616346399274,40.10451568904],[-74.0617272495408,40.104597081721],[-74.0618084313343,40.1046415451658],[-74.0618323832233,40.1046546642478],[-74.0619682424065,40.1047599931307],[-74.0620292888162,40.1048073336308]]}},{"type":"Feature","id":301692,"properties":{"OBJECTID":301692,"PRIMENAME":"Acpoan Place","ELEVTYP_F":0,"ELEVTYP_T":0},"geometry":{"type":"LineString","coordinates":[[-74.0572146150599,40.1207305804501],[-74.0568444355116,40.120498401452]]}},{"type":"Feature","id":301708,"properties":{"OBJECTID":301708,"PRIMENAME":"Sherwood Drive","ELEVTYP_F":0,"ELEVTYP_T":0},"geometry":{"type":"LineString","coordinates":[[-74.0607247833564,40.1182349702258],[-74.0607756844726,40.1182768641883],[-74.060905566525,40.1183536205611],[-74.0614250332885,40.1186653684616],[-74.0615249159902,40.1187253198993]]}},{"type":"Feature","id":302101,"properties":{"OBJECTID":302101,"PRIMENAME":"Bakers Place","ELEVTYP_F":0,"ELEVTYP_T":0},"geometry":{"type":"LineString","coordinates":[[-74.0772846888782,40.1115595170979],[-74.0772209848592,40.1113208984401],[-74.0771846131249,40.1111433498327],[-74.0771671740078,40.1109339021857],[-74.0771818648927,40.110701157523],[-74.0772311910304,40.1106609200767],[-74.0775336723872,40.1104141722605]]}},{"type":"Feature","id":302310,"properties":{"OBJECTID":302310,"PRIMENAME":"State Highway 34","ELEVTYP_F":0,"ELEVTYP_T":0},"geometry":{"type":"LineString","coordinates":[[-74.0728773600769,40.1161665699535],[-74.0730103307248,40.1162426666819]]}},{"type":"Feature","id":305723,"properties":{"OBJECTID":305723,"PRIMENAME":"River Road","ELEVTYP_F":0,"ELEVTYP_T":0},"geometry":{"type":"LineString","coordinates":[[-74.0811983262893,40.0894048604983],[-74.0805944006369,40.0892070992055],[-74.0805785338729,40.0892018069344]]}},{"type":"Feature","id":306175,"properties":{"OBJECTID":306175,"PRIMENAME":"Brielle Road","ELEVTYP_F":0,"ELEVTYP_T":0},"geometry":{"type":"LineString","coordinates":[[-74.0456910091542,40.1119182373461],[-74.0450129885324,40.111827014806],[-74.0449854390197,40.1118233083311],[-74.0448731445695,40.1118051613984],[-74.0445456712044,40.1117522385825],[-74.0444231647091,40.1117324397251],[-74.0442599239858,40.1117060585586],[-74.0439626298212,40.111661406768],[-74.0438101256087,40.1116385006632]]}},{"type":"Feature","id":306327,"properties":{"OBJECTID":306327,"PRIMENAME":"FR RT 35 NB to RT 35 SB","ELEVTYP_F":0,"ELEVTYP_T":0},"geometry":{"type":"LineString","coordinates":[[-74.0499605788518,40.0994358607524],[-74.0499754672458,40.0994479016093],[-74.0499912118798,40.0994592820271],[-74.0500077631546,40.0994699661548],[-74.0500250689299,40.0994799203346],[-74.0500430746882,40.0994891132082],[-74.0500617237071,40.0994975158157],[-74.0500809572376,40.0995051016868],[-74.0501007146892,40.0995118469239],[-74.050113759601,40.0995154270165],[-74.0501270654978,40.0995183869753],[-74.0501405824426,40.0995207156917],[-74.0501542597063,40.099522404426],[-74.0501680459583,40.0995234468403],[-74.0501818894588,40.0995238390226],[-74.0501957382533,40.0995235795009],[-74.0502095403672,40.0995226692492],[-74.0502232440013,40.0995211116837],[-74.0502367977258,40.09951891265],[-74.0502501506738,40.0995160804009],[-74.0502632527318,40.0995126255659],[-74.0502760547277,40.099508561111],[-74.0502885086159,40.09950390229],[-74.0503005676571,40.0994986665875],[-74.0503121865939,40.0994928736531],[-74.0503303284397,40.0994753213888],[-74.0503470201111,40.0994569400861],[-74.0503621975412,40.099437800298],[-74.050375802476,40.099417975489],[-74.0503877826967,40.0993975417527],[-74.0503980922212,40.0993765775198],[-74.05040669148,40.0993551632575],[-74.0504135474683,40.0993333811599]]}},{"type":"Feature","id":306395,"properties":{"OBJECTID":306395,"PRIMENAME":"Ramshorn Drive","ELEVTYP_F":0,"ELEVTYP_T":0},"geometry":{"type":"LineString","coordinates":[[-74.0846241740412,40.1050840015433],[-74.0850106274792,40.1059998488589]]}},{"type":"Feature","id":307435,"properties":{"OBJECTID":307435,"PRIMENAME":"Brainard Place","ELEVTYP_F":0,"ELEVTYP_T":0},"geometry":{"type":"LineString","coordinates":[[-74.0746599516396,40.0967229640418],[-74.0747366974515,40.0966431924311],[-74.0756736415651,40.0956695446083],[-74.0757915823687,40.0955513240685],[-74.0761240644596,40.0952180524925]]}},{"type":"Feature","id":307620,"properties":{"OBJECTID":307620,"PRIMENAME":"Crestview Road","ELEVTYP_F":0,"ELEVTYP_T":0},"geometry":{"type":"LineString","coordinates":[[-74.0671403776235,40.1166403039961],[-74.0671502687558,40.1165749474437],[-74.0672279834172,40.1160652433242],[-74.0672538605864,40.115903312611],[-74.0673246628969,40.1155079788869],[-74.0673374159656,40.1154365389436]]}},{"type":"Feature","id":308134,"properties":{"OBJECTID":308134,"PRIMENAME":"Evergreen Avenue","ELEVTYP_F":0,"ELEVTYP_T":0},"geometry":{"type":"LineString","coordinates":[[-74.05590673088,40.1079006566787],[-74.0559787676014,40.1079565521849],[-74.0560307042707,40.1080096703373],[-74.0562500834001,40.1082340439427],[-74.0565459973107,40.108544930395],[-74.0567063329688,40.1087075996489],[-74.0567370263761,40.1087601525035],[-74.0567490660988,40.1088221596466],[-74.0567424463892,40.1088408281038],[-74.0567237534189,40.108893550423],[-74.0566360955007,40.1090076122591],[-74.0564670717851,40.1091971319926]]}},{"type":"Feature","id":308488,"properties":{"OBJECTID":308488,"PRIMENAME":"Primrose Place","ELEVTYP_F":0,"ELEVTYP_T":0},"geometry":{"type":"LineString","coordinates":[[-74.0778630140689,40.1151911577935],[-74.0779274366767,40.1151391355646],[-74.0781924345475,40.1150161356765],[-74.0784150676439,40.1149446093171],[-74.0785251261387,40.1149105081215],[-74.0788648820338,40.114873408926],[-74.0793554354529,40.1148521366822],[-74.079659647174,40.1148453565187]]}},{"type":"Feature","id":308929,"properties":{"OBJECTID":308929,"PRIMENAME":"Brielle Road","ELEVTYP_F":0,"ELEVTYP_T":0},"geometry":{"type":"LineString","coordinates":[[-74.0459851140575,40.1119640620086],[-74.0459343214975,40.1119509551362],[-74.0456910091542,40.1119182373461]]}},{"type":"Feature","id":309306,"properties":{"OBJECTID":309306,"PRIMENAME":"Ashley Avenue","ELEVTYP_F":0,"ELEVTYP_T":0},"geometry":{"type":"LineString","coordinates":[[-74.0537276394071,40.1077410059768],[-74.0534084112047,40.1080467365368],[-74.0532907253594,40.1081594163999]]}},{"type":"Feature","id":309569,"properties":{"OBJECTID":309569,"PRIMENAME":"Mount Lane","ELEVTYP_F":0,"ELEVTYP_T":0},"geometry":{"type":"LineString","coordinates":[[-74.0491763412376,40.1182470366538],[-74.0487394894462,40.1190944560925],[-74.0485985101734,40.1192970313855]]}},{"type":"Feature","id":311149,"properties":{"OBJECTID":311149,"PRIMENAME":"Davis Avenue","ELEVTYP_F":0,"ELEVTYP_T":0},"geometry":{"type":"LineString","coordinates":[[-74.0630286124369,40.0895679115436],[-74.0630865611776,40.0895106425821],[-74.0631273604763,40.0894355751958],[-74.0633180008752,40.0890465142816]]}},{"type":"Feature","id":311340,"properties":{"OBJECTID":311340,"PRIMENAME":"Wishing Well Lane","ELEVTYP_F":0,"ELEVTYP_T":0},"geometry":{"type":"LineString","coordinates":[[-74.0808649863394,40.1103379412032],[-74.0800184647776,40.1102743511785],[-74.0798654356311,40.1102321348253],[-74.0796724368282,40.1100991351096],[-74.079477434333,40.1098251357658],[-74.0792374077572,40.1095193340305]]}},{"type":"Feature","id":311465,"properties":{"OBJECTID":311465,"PRIMENAME":"Higgins Avenue","ELEVTYP_F":0,"ELEVTYP_T":0},"geometry":{"type":"LineString","coordinates":[[-74.0580394431308,40.1073930537602],[-74.0584335715935,40.1076458104295],[-74.058698826556,40.107815918482],[-74.0591002037186,40.1080733201225],[-74.0592041359488,40.1081401514057]]}},{"type":"Feature","id":311486,"properties":{"OBJECTID":311486,"PRIMENAME":"Collier Road","ELEVTYP_F":0,"ELEVTYP_T":0},"geometry":{"type":"LineString","coordinates":[[-74.0761794354839,40.1147421356119],[-74.0762325694873,40.114989571592],[-74.0762674357929,40.1151421360933],[-74.076457017851,40.1154475763973],[-74.0766714362102,40.1156691360274],[-74.0768914359796,40.1158211357053],[-74.077091980486,40.115928765394],[-74.077368408753,40.116013174519]]}},{"type":"Feature","id":312226,"properties":{"OBJECTID":312226,"PRIMENAME":"Clark Street","ELEVTYP_F":0,"ELEVTYP_T":0},"geometry":{"type":"LineString","coordinates":[[-74.0597626054179,40.0901081590837],[-74.0597743320427,40.0905110406151]]}},{"type":"Feature","id":312358,"properties":{"OBJECTID":312358,"PRIMENAME":"FR RT 34 SB to RT 70 WB","ELEVTYP_F":0,"ELEVTYP_T":0},"geometry":{"type":"LineString","coordinates":[[-74.0762972421493,40.1182419790463],[-74.0761891178317,40.1181354638535],[-74.0760773716045,40.1180311753794],[-74.0759620812476,40.1179291861975],[-74.0758433270059,40.117829567281],[-74.0757211915339,40.1177323879533],[-74.0755957598378,40.1176377158398],[-74.0754671192166,40.117545616821],[-74.0753353592012,40.1174561549865],[-74.0752823422564,40.1174213259283],[-74.0752311415011,40.1173849304993],[-74.0751818353934,40.1173470244725],[-74.0751344994878,40.1173076659359],[-74.0750774245184,40.1172407265981],[-74.0750260303217,40.1171711272456],[-74.0749766886937,40.1170925010161],[-74.0749345958001,40.1170114285417],[-74.0747881193166,40.1166057669548],[-74.0745775347485,40.1160330641206],[-74.0744959686251,40.1157926609325],[-74.0744680473819,40.1157273431265],[-74.074433941901,40.1156637797136],[-74.0743938371004,40.1156023152996],[-74.0743479504214,40.1155432831095],[-74.0742351036506,40.115413976583],[-74.0741283160124,40.1152816716342],[-74.0740840011348,40.1152298239129],[-74.0740418840414,40.1151769073928],[-74.0740020084189,40.1151229769687],[-74.073964415628,40.1150680885871],[-74.073930124638,40.1150078795092],[-74.0739021701478,40.1149457696997],[-74.0738807287409,40.1148821515341],[-74.0738659358537,40.1148174269158],[-74.0738574106507,40.1147447100298],[-74.0738599709013,40.1146830640377],[-74.0738678572353,40.1146216846394],[-74.0738810348251,40.1145608427868],[-74.0738994454861,40.1145008070582],[-74.0739279700364,40.1143944093578],[-74.073953497185,40.1142875637978],[-74.0739760150553,40.1141803201482],[-74.0739955131724,40.1140727283636]]}},{"type":"Feature","id":312364,"properties":{"OBJECTID":312364,"PRIMENAME":"Chatham Lane","ELEVTYP_F":0,"ELEVTYP_T":0},"geometry":{"type":"LineString","coordinates":[[-74.0877042290025,40.0930153525715],[-74.0876059624536,40.0930189676112],[-74.0874831078689,40.0930185301618],[-74.0873602859047,40.0930066719286],[-74.0872412871914,40.0929833523776],[-74.0870814616981,40.0929313082309],[-74.0868622602708,40.0928561835484],[-74.0867321951209,40.092812837657],[-74.0866243668065,40.092786702132],[-74.0865202213768,40.0927663170587],[-74.0864181089902,40.0927524178255]]}},{"type":"Feature","id":312736,"properties":{"OBJECTID":312736,"PRIMENAME":"Riverwood Pike","ELEVTYP_F":0,"ELEVTYP_T":0},"geometry":{"type":"LineString","coordinates":[[-74.0564470968711,40.0912256913658],[-74.05643993098,40.0911582165613]]}},{"type":"Feature","id":314057,"properties":{"OBJECTID":314057,"PRIMENAME":"Clarks Landing","ELEVTYP_F":0,"ELEVTYP_T":0},"geometry":{"type":"LineString","coordinates":[[-74.0572642338645,40.0911968933162],[-74.0572103238017,40.091769515175],[-74.0570931344869,40.0920153629551],[-74.057054082376,40.0922872826983],[-74.0570645459589,40.0923990156123],[-74.0567180800865,40.0923490034074]]}},{"type":"Feature","id":314370,"properties":{"OBJECTID":314370,"PRIMENAME":"Old Bridge Road","ELEVTYP_F":0,"ELEVTYP_T":0},"geometry":{"type":"LineString","coordinates":[[-74.0714332765453,40.1120023660701],[-74.0712204278379,40.1126020140377],[-74.07120523767,40.1126479469437]]}},{"type":"Feature","id":314628,"properties":{"OBJECTID":314628,"PRIMENAME":"Chicago Avenue","ELEVTYP_F":0,"ELEVTYP_T":0},"geometry":{"type":"LineString","coordinates":[[-74.0443982188352,40.0982392062229],[-74.0444088291812,40.0988030518984],[-74.0444104345924,40.0989214358766]]}},{"type":"Feature","id":314688,"properties":{"OBJECTID":314688,"PRIMENAME":"Mulberry Court","ELEVTYP_F":0,"ELEVTYP_T":0},"geometry":{"type":"LineString","coordinates":[[-74.0697434328499,40.1083391349968],[-74.0699764325415,40.1082531351537],[-74.0700414339206,40.108239134774],[-74.0701334311992,40.1082381351197],[-74.0702284325101,40.1082591359579],[-74.0703214334769,40.1082921345799],[-74.0705044336412,40.1083781355775],[-74.070600433022,40.1084141353809],[-74.0708364325319,40.108476136221]]}},{"type":"Feature","id":315136,"properties":{"OBJECTID":315136,"PRIMENAME":"Ashley Avenue","ELEVTYP_F":0,"ELEVTYP_T":0},"geometry":{"type":"LineString","coordinates":[[-74.0551570901326,40.1063476432726],[-74.0550791098758,40.1064251731809]]}},{"type":"Feature","id":315181,"properties":{"OBJECTID":315181,"PRIMENAME":"Old Bridge Road","ELEVTYP_F":0,"ELEVTYP_T":0},"geometry":{"type":"LineString","coordinates":[[-74.0639692219846,40.1162331672513],[-74.0636610488836,40.116358373104],[-74.06252133621,40.1168060053587],[-74.0613546043656,40.1172604421909],[-74.060620007281,40.1175575243999],[-74.0603138700445,40.1176813311552]]}},{"type":"Feature","id":315734,"properties":{"OBJECTID":315734,"PRIMENAME":"Ramshorn Drive","ELEVTYP_F":0,"ELEVTYP_T":0},"geometry":{"type":"LineString","coordinates":[[-74.0858812341054,40.1149280377515],[-74.085900388831,40.1148050389054],[-74.0859061443249,40.1147680718213],[-74.085944146377,40.1146394534024],[-74.0860134806903,40.1144681471603],[-74.0861078891348,40.114254020787],[-74.0861571634088,40.1141535818715]]}},{"type":"Feature","id":315929,"properties":{"OBJECTID":315929,"PRIMENAME":"Dove Tail Court","ELEVTYP_F":0,"ELEVTYP_T":0},"geometry":{"type":"LineString","coordinates":[[-74.0813264370547,40.1196511370467],[-74.0813647655722,40.1195120869723],[-74.0813974082252,40.1194748759699],[-74.0814047746401,40.1194664793659],[-74.0814994882368,40.119418496167],[-74.0815143731344,40.1194109553558],[-74.0817363651568,40.1193837981355],[-74.081825772062,40.1193815783458],[-74.0819044374719,40.1194011379632],[-74.0820073027674,40.119473738083],[-74.0820399908141,40.1195424848292],[-74.0820427101312,40.1196390834572],[-74.0819589903809,40.1197938283263]]}},{"type":"Feature","id":316196,"properties":{"OBJECTID":316196,"PRIMENAME":"Ramshorn Drive","ELEVTYP_F":0,"ELEVTYP_T":0},"geometry":{"type":"LineString","coordinates":[[-74.0863647875138,40.1199984673657],[-74.0862770163729,40.1194504034912],[-74.0861913740292,40.1189156232414],[-74.0860778349976,40.1181907872543],[-74.0860692839792,40.1181326938617]]}},{"type":"Feature","id":318201,"properties":{"OBJECTID":318201,"PRIMENAME":"Collier Road","ELEVTYP_F":0,"ELEVTYP_T":0},"geometry":{"type":"LineString","coordinates":[[-74.0786864358096,40.1115231352326],[-74.0785363088748,40.1115400777062],[-74.0783054349544,40.1115661346164],[-74.0779924346888,40.1115661357719],[-74.0775162306827,40.1115463445054],[-74.0773704772856,40.1115518059326],[-74.0772846888782,40.1115595170979]]}},{"type":"Feature","id":318361,"properties":{"OBJECTID":318361,"PRIMENAME":"Brielle Avenue","ELEVTYP_F":0,"ELEVTYP_T":0},"geometry":{"type":"LineString","coordinates":[[-74.0506146096203,40.1142676849639],[-74.0506204816036,40.114315366729],[-74.0506574203566,40.114358363858],[-74.0509296810078,40.1144929242284],[-74.0512912048464,40.114677546865]]}},{"type":"Feature","id":318408,"properties":{"OBJECTID":318408,"PRIMENAME":"FR EVERGREEN AVE to RT 35 NB","ELEVTYP_F":0,"ELEVTYP_T":0},"geometry":{"type":"LineString","coordinates":[[-74.0558342851354,40.1078140658899],[-74.0558449591888,40.1078166323535],[-74.0559691508214,40.1078628184772],[-74.0560555274879,40.1079019404424],[-74.0561022591636,40.1079291330055],[-74.0561489896977,40.107956326446],[-74.0562316559782,40.108010671011],[-74.0563160196049,40.1080733398784],[-74.0566260873134,40.1083024699041]]}},{"type":"Feature","id":318437,"properties":{"OBJECTID":318437,"PRIMENAME":"Cedar Avenue","ELEVTYP_F":0,"ELEVTYP_T":0},"geometry":{"type":"LineString","coordinates":[[-74.0453607476856,40.1176836653018],[-74.044341558023,40.1170307258762],[-74.0442488882871,40.1169696630546]]}},{"type":"Feature","id":318735,"properties":{"OBJECTID":318735,"PRIMENAME":"Trenton Avenue","ELEVTYP_F":0,"ELEVTYP_T":0},"geometry":{"type":"LineString","coordinates":[[-74.0606110389498,40.0894424746382],[-74.0609594496123,40.0894619149034]]}},{"type":"Feature","id":318871,"properties":{"OBJECTID":318871,"PRIMENAME":"White Pine Lane","ELEVTYP_F":0,"ELEVTYP_T":0},"geometry":{"type":"LineString","coordinates":[[-74.0797193188545,40.1000118051344],[-74.0796684342025,40.1000731340421],[-74.0795204341143,40.1002311336902],[-74.0793754332753,40.1003501324356]]}},{"type":"Feature","id":319266,"properties":{"OBJECTID":319266,"PRIMENAME":"Grove Street","ELEVTYP_F":0,"ELEVTYP_T":0},"geometry":{"type":"LineString","coordinates":[[-74.0511975623896,40.0926334447901],[-74.0536022735478,40.0924551229377],[-74.0539842256734,40.0924254069214]]}},{"type":"Feature","id":319307,"properties":{"OBJECTID":319307,"PRIMENAME":"East Virginia Avenue","ELEVTYP_F":0,"ELEVTYP_T":0},"geometry":{"type":"LineString","coordinates":[[-74.0427775887351,40.1141722777628],[-74.0433339392259,40.1145388296019],[-74.0438962833059,40.1149083665201]]}},{"type":"Feature","id":319622,"properties":{"OBJECTID":319622,"PRIMENAME":"Borrie Avenue","ELEVTYP_F":0,"ELEVTYP_T":0},"geometry":{"type":"LineString","coordinates":[[-74.052425152367,40.1120845491403],[-74.0522434839161,40.1119910013528],[-74.051643385904,40.1116883986117],[-74.0515931733428,40.1116631119571]]}},{"type":"Feature","id":319892,"properties":{"OBJECTID":319892,"PRIMENAME":"Sunset Drive","ELEVTYP_F":0,"ELEVTYP_T":0},"geometry":{"type":"LineString","coordinates":[[-74.0788078590027,40.0995012210551],[-74.0790377345991,40.0996329810793],[-74.0794273557869,40.0998488598163],[-74.0797193188545,40.1000118051344]]}},{"type":"Feature","id":320120,"properties":{"OBJECTID":320120,"PRIMENAME":"Lincoln Avenue","ELEVTYP_F":0,"ELEVTYP_T":0},"geometry":{"type":"LineString","coordinates":[[-74.0561748452357,40.0917628944215],[-74.0562403295764,40.0912398887436]]}},{"type":"Feature","id":320941,"properties":{"OBJECTID":320941,"PRIMENAME":"Cedar Avenue","ELEVTYP_F":0,"ELEVTYP_T":0},"geometry":{"type":"LineString","coordinates":[[-74.0504926396739,40.0971416688359],[-74.0504164257013,40.0971307205851]]}},{"type":"Feature","id":321050,"properties":{"OBJECTID":321050,"PRIMENAME":"Green Avenue","ELEVTYP_F":0,"ELEVTYP_T":0},"geometry":{"type":"LineString","coordinates":[[-74.0460645087624,40.1114181393356],[-74.0457765111106,40.1118037647177],[-74.0456910091542,40.1119182373461]]}},{"type":"Feature","id":321075,"properties":{"OBJECTID":321075,"PRIMENAME":"Freedom Lane","ELEVTYP_F":0,"ELEVTYP_T":0},"geometry":{"type":"LineString","coordinates":[[-74.0440177889771,40.091570641961],[-74.0443571042986,40.0915452104304],[-74.0459816368645,40.091414707567]]}},{"type":"Feature","id":321237,"properties":{"OBJECTID":321237,"PRIMENAME":"FR RIVER AVE SB to RAMP Y101400","ELEVTYP_F":0,"ELEVTYP_T":0},"geometry":{"type":"LineString","coordinates":[[-74.0506589755254,40.0962064924908],[-74.0506473501799,40.0961973821984],[-74.0506349018528,40.0961889375385],[-74.0506216950045,40.0961812022395],[-74.0506077980231,40.0961742163563],[-74.0505932828704,40.0961680160633],[-74.0505782247089,40.096162633467],[-74.0505627015131,40.0961580964395],[-74.0505467936655,40.0961544284745],[-74.0505305835401,40.0961516485655],[-74.0505141550763,40.0961497711074],[-74.0504975933442,40.0961488058221],[-74.0504809841037,40.096148757708],[-74.0504644133609,40.0961496270142],[-74.0504479669225,40.0961514092394],[-74.0504317299514,40.0961540951547],[-74.0504157865262,40.0961576708519]]}},{"type":"Feature","id":321663,"properties":{"OBJECTID":321663,"PRIMENAME":"Orchard Avenue","ELEVTYP_F":0,"ELEVTYP_T":0},"geometry":{"type":"LineString","coordinates":[[-74.0554287121858,40.0940477018367],[-74.0540181235727,40.0936777013879]]}},{"type":"Feature","id":321714,"properties":{"OBJECTID":321714,"PRIMENAME":"Evergreen Avenue","ELEVTYP_F":0,"ELEVTYP_T":0},"geometry":{"type":"LineString","coordinates":[[-74.0556957086718,40.1077807556295],[-74.0558861335919,40.1078846823493],[-74.05590673088,40.1079006566787]]}},{"type":"Feature","id":321823,"properties":{"OBJECTID":321823,"PRIMENAME":"Pine Avenue","ELEVTYP_F":0,"ELEVTYP_T":0},"geometry":{"type":"LineString","coordinates":[[-74.0432954500098,40.1154444891471],[-74.0430449324762,40.1152791490199],[-74.0427573940263,40.1150893706639],[-74.0421472203132,40.1146866460898],[-74.0420527040455,40.1146242555888]]}},{"type":"Feature","id":322065,"properties":{"OBJECTID":322065,"PRIMENAME":"Unnamed Segment","ELEVTYP_F":0,"ELEVTYP_T":0},"geometry":{"type":"LineString","coordinates":[[-74.0729044350351,40.11042413595],[-74.073514434967,40.1099901360491]]}},{"type":"Feature","id":322352,"properties":{"OBJECTID":322352,"PRIMENAME":"Old Bridge Road","ELEVTYP_F":0,"ELEVTYP_T":0},"geometry":{"type":"LineString","coordinates":[[-74.07120523767,40.1126479469437],[-74.0709868308563,40.1133083666788]]}},{"type":"Feature","id":322671,"properties":{"OBJECTID":322671,"PRIMENAME":"Unnamed Segment","ELEVTYP_F":0,"ELEVTYP_T":0},"geometry":{"type":"LineString","coordinates":[[-74.0745143336489,40.1114694009082],[-74.0743426262468,40.1115040058305],[-74.0740721363898,40.1115458607946],[-74.0739844256769,40.1119514847979],[-74.0742866065675,40.1120089771756],[-74.0744044143633,40.1120674189646]]}},{"type":"Feature","id":323207,"properties":{"OBJECTID":323207,"PRIMENAME":"Fawn Path","ELEVTYP_F":0,"ELEVTYP_T":0},"geometry":{"type":"LineString","coordinates":[[-74.0866256989773,40.1066203258681],[-74.0865212562496,40.1066455659792],[-74.0854893913709,40.1068944194106],[-74.0853909623751,40.1069181983874]]}},{"type":"Feature","id":323544,"properties":{"OBJECTID":323544,"PRIMENAME":"Apache Road","ELEVTYP_F":0,"ELEVTYP_T":0},"geometry":{"type":"LineString","coordinates":[[-74.0704238010842,40.1202093953976],[-74.0704312648564,40.1203186773211],[-74.0704465895893,40.1205431160139],[-74.0704582422324,40.1206575554878],[-74.0704640749604,40.1207195389807],[-74.0705010906383,40.1207530313985],[-74.0705692696708,40.1207723364491],[-74.0706522286075,40.1207958141927]]}},{"type":"Feature","id":323568,"properties":{"OBJECTID":323568,"PRIMENAME":"Woodland Avenue","ELEVTYP_F":0,"ELEVTYP_T":0},"geometry":{"type":"LineString","coordinates":[[-74.0510687770686,40.1122248553686],[-74.0512110759355,40.1122968124751],[-74.0521514744331,40.1127722877899],[-74.0529619991043,40.1131853202514],[-74.0535187714727,40.1134781946075],[-74.0552264011857,40.1143474489172],[-74.0553430241531,40.1144045319544]]}},{"type":"Feature","id":324428,"properties":{"OBJECTID":324428,"PRIMENAME":"Riverview Drive","ELEVTYP_F":0,"ELEVTYP_T":0},"geometry":{"type":"LineString","coordinates":[[-74.0724183646184,40.0962334585904],[-74.0723483363226,40.0962733906945]]}},{"type":"Feature","id":324550,"properties":{"OBJECTID":324550,"PRIMENAME":"Lantern Light Way","ELEVTYP_F":0,"ELEVTYP_T":0},"geometry":{"type":"LineString","coordinates":[[-74.0774857674426,40.1066531795552],[-74.0773614340223,40.1067721348224],[-74.077190435759,40.1069461345707],[-74.0769300339843,40.1072081120057],[-74.0767085851988,40.1074413641157]]}},{"type":"Feature","id":325085,"properties":{"OBJECTID":325085,"PRIMENAME":"East Main Street","ELEVTYP_F":0,"ELEVTYP_T":0},"geometry":{"type":"LineString","coordinates":[[-74.0455733745758,40.1199653484674],[-74.0466070593411,40.120640762454]]}},{"type":"Feature","id":325107,"properties":{"OBJECTID":325107,"PRIMENAME":"South Street","ELEVTYP_F":0,"ELEVTYP_T":0},"geometry":{"type":"LineString","coordinates":[[-74.0555264962825,40.1207087745647],[-74.0550877904864,40.1211315404634],[-74.054632830947,40.1215618745758]]}},{"type":"Feature","id":325771,"properties":{"OBJECTID":325771,"PRIMENAME":"Hilltop Place","ELEVTYP_F":0,"ELEVTYP_T":0},"geometry":{"type":"LineString","coordinates":[[-74.0695557519848,40.1000429547292],[-74.069572206651,40.1000242653083],[-74.0696526287127,40.0999412989263],[-74.069720487118,40.0998608942158],[-74.0697768115763,40.0997895877297],[-74.0698421600049,40.0997557059815],[-74.0699197877641,40.0997472368297],[-74.0700563159795,40.0997524930204],[-74.0701307191143,40.0997623507116],[-74.0702611231081,40.0997580303113],[-74.0703673829189,40.0997445052271],[-74.0706201147716,40.099721632626],[-74.0707765124746,40.0997074778903]]}},{"type":"Feature","id":326075,"properties":{"OBJECTID":326075,"PRIMENAME":"Unnamed Segment","ELEVTYP_F":0,"ELEVTYP_T":0},"geometry":{"type":"LineString","coordinates":[[-74.0696864330672,40.1083651341912],[-74.0697434328499,40.1083391349968]]}},{"type":"Feature","id":326111,"properties":{"OBJECTID":326111,"PRIMENAME":"FR RT 70 WBB to RT 34 SB","ELEVTYP_F":0,"ELEVTYP_T":0},"geometry":{"type":"LineString","coordinates":[[-74.0730574915525,40.1161403855086],[-74.073199885749,40.1159190717997],[-74.0733486976312,40.1157002612038],[-74.0733694658024,40.1156740835303],[-74.0733922905734,40.1156489354909],[-74.0734170856167,40.1156249121974],[-74.0734437571538,40.1156021045077],[-74.0734722043092,40.1155805986821],[-74.0735023194921,40.1155604760571],[-74.0735339888039,40.1155418127378],[-74.0735670924679,40.1155246793099],[-74.073612612269,40.1155091183044],[-74.0736596836378,40.1154965699149],[-74.0737079690291,40.1154871241248],[-74.0737571221927,40.1154808486691],[-74.0738067906561,40.1154777885484],[-74.0738566182516,40.1154779657066],[-74.0739062476708,40.1154813788734],[-74.073955323026,40.1154880035732],[-74.0740031007726,40.1154991692951],[-74.0740495303591,40.115513295116],[-74.0740943012458,40.115530286557],[-74.0741371139864,40.1155500299728],[-74.0741776822306,40.1155723933117],[-74.0742157346395,40.1155972269989],[-74.0742510167003,40.1156243649364],[-74.0742832924285,40.1156536256146],[-74.0743201822343,40.1157043079366],[-74.0743525317797,40.1157567865257],[-74.0743801934777,40.1158108219783],[-74.0744030411259,40.1158661677878],[-74.0744815287319,40.1160777449042],[-74.0745524357645,40.1162908937757],[-74.0745626168114,40.1163209624303],[-74.074570096942,40.1163514950565],[-74.0745748411612,40.116382348825],[-74.0745768272721,40.116413379404],[-74.0745760459801,40.1164444416343],[-74.0745725009362,40.1164753902085],[-74.0745662087203,40.1165060803507],[-74.0745571987634,40.1165363684936],[-74.0745400387695,40.1165597766506],[-74.0745203176391,40.1165819636952],[-74.0744981818064,40.1166027648804],[-74.0744737956365,40.1166220257494],[-74.0744473402042,40.1166396032829],[-74.07441901195,40.1166553669608],[-74.0743890212212,40.1166691997316],[-74.0743575907101,40.1166809988814],[-74.0743157224752,40.1166897828687],[-74.0742731698036,40.1166963479699],[-74.0742301319522,40.1167006634433],[-74.0741868104503,40.1167027090813],[-74.0741385888322,40.1167023085552],[-74.0740905462253,40.1166990964335],[-74.0739680169409,40.1166804703452],[-74.0738466571894,40.1166577755338],[-74.0737266960759,40.1166310548434],[-74.0736083600646,40.1166003587182]]}},{"type":"Feature","id":326133,"properties":{"OBJECTID":326133,"PRIMENAME":"Sterling Drive","ELEVTYP_F":0,"ELEVTYP_T":0},"geometry":{"type":"LineString","coordinates":[[-74.0863003700506,40.1056904543283],[-74.0862165905901,40.1057102503476],[-74.0850852691585,40.1059779061618],[-74.0850106274792,40.1059998488589]]}},{"type":"Feature","id":326420,"properties":{"OBJECTID":326420,"PRIMENAME":"FR NJ 71 SB to NJ 35 SB","ELEVTYP_F":0,"ELEVTYP_T":0},"geometry":{"type":"LineString","coordinates":[[-74.0568860429814,40.1081878595309],[-74.0567704999431,40.1081254014199],[-74.0567209069486,40.1080956717444],[-74.0566713128187,40.1080659429439],[-74.0565677118372,40.1079925761629],[-74.0564595691429,40.1079192189174],[-74.0562349492048,40.1077459532122]]}},{"type":"Feature","id":326548,"properties":{"OBJECTID":326548,"PRIMENAME":"South McClellan Avenue","ELEVTYP_F":0,"ELEVTYP_T":0},"geometry":{"type":"LineString","coordinates":[[-74.0454340267214,40.1159099398715],[-74.0455728617784,40.1157772829555],[-74.0461037509854,40.1152932268806],[-74.0461491881277,40.115251840922]]}},{"type":"Feature","id":327005,"properties":{"OBJECTID":327005,"PRIMENAME":"FR RT 35 SB to RT 35 NB","ELEVTYP_F":0,"ELEVTYP_T":0},"geometry":{"type":"LineString","coordinates":[[-74.0500510244708,40.0962877553087],[-74.0500231183711,40.0962839698754],[-74.0499949042264,40.0962819368047],[-74.0498695089409,40.0962974548481],[-74.0498247488551,40.0963061277201],[-74.0497809463899,40.0963173187421],[-74.0497383413874,40.0963309666373],[-74.0496971671331,40.0963469966763],[-74.0496719928315,40.0963581452],[-74.0496478834471,40.0963706048864],[-74.0496249545739,40.0963843159972],[-74.0496033161454,40.0963992127942],[-74.0495830719087,40.0964152238541],[-74.0495643189265,40.0964322724115],[-74.0495471471117,40.0964502767263],[-74.0495316387966,40.0964691504762],[-74.0495071225581,40.0965017141146],[-74.0494869819286,40.0965360016672],[-74.0494755979411,40.0965608442035],[-74.0494665147277,40.0965862395776],[-74.0494597771804,40.0966120622849],[-74.0494554185992,40.0966381847087],[-74.0494392419005,40.0967173317002],[-74.0494274392919,40.0967969333753],[-74.0494200319186,40.096876847226],[-74.0494170330572,40.0969569301848]]}},{"type":"Feature","id":327599,"properties":{"OBJECTID":327599,"PRIMENAME":"Fisk Avenue","ELEVTYP_F":0,"ELEVTYP_T":0},"geometry":{"type":"LineString","coordinates":[[-74.0465838357406,40.1121161359605],[-74.0464079122537,40.1120731643357],[-74.0464064530988,40.1120727884385]]}},{"type":"Feature","id":327983,"properties":{"OBJECTID":327983,"PRIMENAME":"Rathjen Road","ELEVTYP_F":0,"ELEVTYP_T":0},"geometry":{"type":"LineString","coordinates":[[-74.0681683980501,40.110294393412],[-74.0682028626409,40.1101930278133],[-74.0683870039692,40.109535994399],[-74.0684660656832,40.1092508049023],[-74.068489963004,40.1091646088567]]}},{"type":"Feature","id":328409,"properties":{"OBJECTID":328409,"PRIMENAME":"Kingston Road","ELEVTYP_F":0,"ELEVTYP_T":0},"geometry":{"type":"LineString","coordinates":[[-74.066137015184,40.0984688054432],[-74.0662038217056,40.098503673691],[-74.0668842905233,40.0988589376338],[-74.0677440279375,40.0993244861076],[-74.0678424289073,40.0993777832405]]}},{"type":"Feature","id":328433,"properties":{"OBJECTID":328433,"PRIMENAME":"Central Avenue","ELEVTYP_F":0,"ELEVTYP_T":0},"geometry":{"type":"LineString","coordinates":[[-74.0462040016642,40.0930027538895],[-74.04723816671,40.0929198291302],[-74.0474787131902,40.0929012772511]]}},{"type":"Feature","id":328479,"properties":{"OBJECTID":328479,"PRIMENAME":"Trenton Avenue","ELEVTYP_F":0,"ELEVTYP_T":0},"geometry":{"type":"LineString","coordinates":[[-74.0584404633116,40.0893226243831],[-74.0579829426978,40.0892899668246],[-74.057515323657,40.0892603438463]]}},{"type":"Feature","id":328795,"properties":{"OBJECTID":328795,"PRIMENAME":"Old Bridge Road","ELEVTYP_F":0,"ELEVTYP_T":0},"geometry":{"type":"LineString","coordinates":[[-74.0676107039645,40.1147827685137],[-74.0665443160308,40.1152065650407],[-74.0656217126264,40.1155720221005],[-74.0654579887296,40.1156368744257],[-74.0654144399921,40.1156541249227]]}},{"type":"Feature","id":328901,"properties":{"OBJECTID":328901,"PRIMENAME":"Algonkin Trail","ELEVTYP_F":0,"ELEVTYP_T":0},"geometry":{"type":"LineString","coordinates":[[-74.0653158909261,40.1166202658338],[-74.0653576260138,40.1163442176249],[-74.0653669435232,40.1162785618445]]}},{"type":"Feature","id":329243,"properties":{"OBJECTID":329243,"PRIMENAME":"South Tamarack Drive","ELEVTYP_F":0,"ELEVTYP_T":0},"geometry":{"type":"LineString","coordinates":[[-74.0761974236463,40.0992794597901],[-74.0761136059609,40.0994003427831],[-74.0760095260474,40.0995504483016],[-74.0759843257714,40.0996075399859],[-74.0759778157564,40.099659979567],[-74.0759960206217,40.0997220073998],[-74.0760452315382,40.0997936483006],[-74.0761440366327,40.0998750242918],[-74.0764221033816,40.100081006174],[-74.0767557022566,40.1003252949149],[-74.076795492228,40.1003593377793],[-74.0769347148571,40.1004784510636],[-74.077008566106,40.1005835917473],[-74.0770826526712,40.100650572798],[-74.0772863593822,40.1008228987789],[-74.0774517102553,40.1009485782445]]}},{"type":"Feature","id":329356,"properties":{"OBJECTID":329356,"PRIMENAME":"Deep Creek Drive","ELEVTYP_F":0,"ELEVTYP_T":0},"geometry":{"type":"LineString","coordinates":[[-74.0416180796642,40.111306432495],[-74.0416421604847,40.1112239212101],[-74.0416854533523,40.11107573663],[-74.0416919000701,40.111015502518],[-74.0416866670931,40.1108949085244],[-74.0416462689985,40.1106118723071],[-74.0416466425265,40.1105562265818],[-74.0416531205479,40.1104913261262],[-74.0416838929312,40.1104079901508],[-74.0419036744112,40.1100564456296],[-74.0419583620935,40.1100056541491],[-74.0420189664023,40.1099734167935],[-74.0421279060373,40.1099367580718],[-74.0423094459256,40.1098864678269],[-74.0424183530003,40.1098544490473],[-74.042491042437,40.1098222591872],[-74.0425758792523,40.1097808653879],[-74.0425949647853,40.1097652444699],[-74.0426548280095,40.1097162510541],[-74.0427941482808,40.1096007843614],[-74.0428552692847,40.1095501277306]]}},{"type":"Feature","id":329700,"properties":{"OBJECTID":329700,"PRIMENAME":"Riverview Drive","ELEVTYP_F":0,"ELEVTYP_T":0},"geometry":{"type":"LineString","coordinates":[[-74.0575068858341,40.1080079723913],[-74.057425908288,40.1081012229355]]}},{"type":"Feature","id":330001,"properties":{"OBJECTID":330001,"PRIMENAME":"Unnamed Segment","ELEVTYP_F":0,"ELEVTYP_T":0},"geometry":{"type":"LineString","coordinates":[[-74.0429384252569,40.1124161368179],[-74.0429804250791,40.1124501377864],[-74.0430334261854,40.1124741367752],[-74.0430934237744,40.1124851366946],[-74.0431434238593,40.112481135825],[-74.0431804235142,40.1124661376012],[-74.0432074233787,40.1124431369475],[-74.043224424644,40.112402136242],[-74.0432194247196,40.1123711373697],[-74.0431924251192,40.1123341378154],[-74.0431614247057,40.1123121369383],[-74.0431374231989,40.1123011367391],[-74.0430964244761,40.1122921365621],[-74.0430174251107,40.1122901370022]]}},{"type":"Feature","id":330076,"properties":{"OBJECTID":330076,"PRIMENAME":"Iroquois Road","ELEVTYP_F":0,"ELEVTYP_T":0},"geometry":{"type":"LineString","coordinates":[[-74.0579217965317,40.1207210992867],[-74.0576337366737,40.1209934316502]]}},{"type":"Feature","id":330249,"properties":{"OBJECTID":330249,"PRIMENAME":"Woodland Avenue","ELEVTYP_F":0,"ELEVTYP_T":0},"geometry":{"type":"LineString","coordinates":[[-74.0553430241531,40.1144045319544],[-74.0555110455641,40.1144867674921],[-74.0556782042194,40.114558869442],[-74.0558638985115,40.1146453991913],[-74.0560617426888,40.1147605270107],[-74.0565254985375,40.1150482818788],[-74.0568964500711,40.1152784672941],[-74.0572736858632,40.1154991228464],[-74.0580898439226,40.1160074849342],[-74.0592524423977,40.1167030169821],[-74.0593883211986,40.1168083767003],[-74.0595800893381,40.1169139767216],[-74.0599388111052,40.1171250536051],[-74.0599971972468,40.1171594267943]]}},{"type":"Feature","id":330386,"properties":{"OBJECTID":330386,"PRIMENAME":"Warren Avenue","ELEVTYP_F":0,"ELEVTYP_T":0},"geometry":{"type":"LineString","coordinates":[[-74.0479785691763,40.1193864988338],[-74.0480012316463,40.1193661624083],[-74.0481136980479,40.1192522320756],[-74.0481886278241,40.1191905625631],[-74.0482388639731,40.1191049681136],[-74.0483585599801,40.118838537129],[-74.0483995982627,40.1187594403176]]}},{"type":"Feature","id":331493,"properties":{"OBJECTID":331493,"PRIMENAME":"Apache Road","ELEVTYP_F":0,"ELEVTYP_T":0},"geometry":{"type":"LineString","coordinates":[[-74.0703771456623,40.1166488044075],[-74.0703738355396,40.1166541278021],[-74.0703512087979,40.1166698022971],[-74.070314209057,40.1166853955437],[-74.0702752563653,40.1166931023171],[-74.0696116555767,40.1166827869515],[-74.0680444502697,40.1166560881088]]}},{"type":"Feature","id":333029,"properties":{"OBJECTID":333029,"PRIMENAME":"Woodchuck Lane","ELEVTYP_F":0,"ELEVTYP_T":0},"geometry":{"type":"LineString","coordinates":[[-74.0843065316263,40.106961722876],[-74.0846103337505,40.1075299651875],[-74.084654663545,40.1076129227273]]}},{"type":"Feature","id":334418,"properties":{"OBJECTID":334418,"PRIMENAME":"Holly Hill Drive","ELEVTYP_F":0,"ELEVTYP_T":0},"geometry":{"type":"LineString","coordinates":[[-74.0674488239571,40.0998141089341],[-74.0677334946319,40.1000059702439],[-74.0682281650667,40.1002985706295],[-74.0684693136778,40.1004424727595],[-74.0685434164796,40.1004999606438],[-74.0685801558652,40.1005810848384],[-74.068616406002,40.1007337490087],[-74.0686530551076,40.1008292028193],[-74.0687085085574,40.1008961477421],[-74.068801183269,40.1009679805459],[-74.0689002469634,40.1010017045413],[-74.068993186376,40.1010258799658],[-74.0691048410913,40.1010358210817],[-74.0693965458301,40.1010321565414],[-74.0695703916859,40.1010328026938],[-74.0696819812203,40.1010475202711],[-74.0697872362321,40.1010860437692],[-74.0698861857285,40.101143596053],[-74.0700099524007,40.1012060176424],[-74.070312802911,40.1014025525074],[-74.0708568147669,40.1017429558441],[-74.0714874749486,40.1021313354089],[-74.0718710222617,40.102369324419],[-74.0720748206209,40.1024957778003],[-74.0725448360189,40.1027691622578],[-74.0727611869955,40.1029081866431],[-74.0728847741391,40.1029944331371],[-74.0730391236424,40.1031236747371],[-74.0731933908608,40.1032719960379],[-74.0734217635414,40.1034730246269],[-74.0735268513358,40.1035448993457],[-74.0735886452516,40.1035880366099],[-74.0736812923977,40.1036598653877],[-74.0738420443252,40.1037605505888],[-74.0742872297451,40.1040338356812],[-74.0750487688201,40.1045046250654]]}},{"type":"Feature","id":334420,"properties":{"OBJECTID":334420,"PRIMENAME":"Arnold Avenue","ELEVTYP_F":0,"ELEVTYP_T":0},"geometry":{"type":"LineString","coordinates":[[-74.0511931531156,40.0916285888902],[-74.0507396466257,40.0916633440021],[-74.0497174611654,40.0917437103254]]}},{"type":"Feature","id":335518,"properties":{"OBJECTID":335518,"PRIMENAME":"Mountain Laurel Lane","ELEVTYP_F":0,"ELEVTYP_T":0},"geometry":{"type":"LineString","coordinates":[[-74.0718124334196,40.1086321351324],[-74.0716994322305,40.1086661353506],[-74.0714844332074,40.1087551351945],[-74.0713574333761,40.10881913567],[-74.0712944339506,40.1088561351797],[-74.0711644318365,40.1089431351275]]}},{"type":"Feature","id":335637,"properties":{"OBJECTID":335637,"PRIMENAME":"Birch Drive","ELEVTYP_F":0,"ELEVTYP_T":0},"geometry":{"type":"LineString","coordinates":[[-74.0731571922665,40.0972109056522],[-74.0732432269211,40.0972811180568],[-74.073404022752,40.0973722784099],[-74.0736884272003,40.0975449070587],[-74.073985231252,40.0977128042487],[-74.0740811139212,40.0977689969696]]}},{"type":"Feature","id":335948,"properties":{"OBJECTID":335948,"PRIMENAME":"Crestview Road","ELEVTYP_F":0,"ELEVTYP_T":0},"geometry":{"type":"LineString","coordinates":[[-74.0668494042208,40.1183948630577],[-74.0670463109866,40.1173037662816],[-74.0671308236642,40.1167035469927],[-74.0671403776235,40.1166403039961]]}},{"type":"Feature","id":336111,"properties":{"OBJECTID":336111,"PRIMENAME":"South Jackson Avenue","ELEVTYP_F":0,"ELEVTYP_T":0},"geometry":{"type":"LineString","coordinates":[[-74.0432954500098,40.1154444891471],[-74.0433993900614,40.1153518093331],[-74.0438651294231,40.1149365200082],[-74.0438962833059,40.1149083665201]]}},{"type":"Feature","id":336165,"properties":{"OBJECTID":336165,"PRIMENAME":"Summit Road","ELEVTYP_F":0,"ELEVTYP_T":0},"geometry":{"type":"LineString","coordinates":[[-74.0679279947311,40.1173385748021],[-74.0680178986674,40.1168117575868],[-74.0680444502697,40.1166560881088]]}},{"type":"Feature","id":336584,"properties":{"OBJECTID":336584,"PRIMENAME":"Arnold Avenue","ELEVTYP_F":0,"ELEVTYP_T":0},"geometry":{"type":"LineString","coordinates":[[-74.0587868004029,40.0893473611456],[-74.0587441605271,40.0893582349009],[-74.0587118050813,40.08937601109],[-74.0586920399262,40.089392462582],[-74.0586770310403,40.0894151091344],[-74.0586756881235,40.0894171359784],[-74.0584877665444,40.0899091314741]]}},{"type":"Feature","id":336644,"properties":{"OBJECTID":336644,"PRIMENAME":"Valley Road","ELEVTYP_F":0,"ELEVTYP_T":0},"geometry":{"type":"LineString","coordinates":[[-74.0733315364876,40.1005242864742],[-74.0732110212758,40.100450459653],[-74.0727964461281,40.1002487989016],[-74.0726666444392,40.1001625293531],[-74.0724012986887,40.0999137035736],[-74.0721853461119,40.0997126899237],[-74.0720001486548,40.0995500058013],[-74.0718334342166,40.0994159127643]]}},{"type":"Feature","id":336654,"properties":{"OBJECTID":336654,"PRIMENAME":"William Drive","ELEVTYP_F":0,"ELEVTYP_T":0},"geometry":{"type":"LineString","coordinates":[[-74.0694137824393,40.1081480834767],[-74.0688149503743,40.1080344792403]]}},{"type":"Feature","id":336910,"properties":{"OBJECTID":336910,"PRIMENAME":"Bayberry Road","ELEVTYP_F":0,"ELEVTYP_T":0},"geometry":{"type":"LineString","coordinates":[[-74.0647003767368,40.1190756892679],[-74.0649197468639,40.1190975923453]]}},{"type":"Feature","id":337210,"properties":{"OBJECTID":337210,"PRIMENAME":"Virginia Avenue","ELEVTYP_F":0,"ELEVTYP_T":0},"geometry":{"type":"LineString","coordinates":[[-74.0510441572533,40.1193780800437],[-74.0513623617256,40.1195764806459],[-74.0518879835995,40.1198930993105],[-74.0522898945238,40.1201424992358],[-74.0528896365344,40.1205165565141],[-74.0534646931073,40.1208714641762],[-74.05415100634,40.1213030611562],[-74.0545531503671,40.1215190980653],[-74.054632830947,40.1215618745758]]}},{"type":"Feature","id":337631,"properties":{"OBJECTID":337631,"PRIMENAME":"Momingstar Road","ELEVTYP_F":0,"ELEVTYP_T":0},"geometry":{"type":"LineString","coordinates":[[-74.0752958821065,40.1067911776247],[-74.0747339898124,40.1066428332001]]}},{"type":"Feature","id":337726,"properties":{"OBJECTID":337726,"PRIMENAME":"Brandywyne East","ELEVTYP_F":0,"ELEVTYP_T":0},"geometry":{"type":"LineString","coordinates":[[-74.0631208799362,40.1096716896745],[-74.0632349570143,40.1097689745512],[-74.0633184290734,40.1098661979717],[-74.0633944191942,40.1099369020769],[-74.0634512973786,40.1100163734554],[-74.063519616098,40.1100958879194],[-74.0635652417245,40.1101400945108],[-74.0636337517732,40.1101785121128],[-74.0637253069661,40.1102140793362],[-74.0638092867151,40.110232020307],[-74.0639124324031,40.1102441590902],[-74.064015673059,40.1102357345205],[-74.0641075647017,40.1102184557127],[-74.0641995334173,40.1101835794703],[-74.0642801541668,40.110133973838],[-74.0643339949549,40.1100901417105],[-74.064372478384,40.1100433416727],[-74.0644150472315,40.10996715491],[-74.0644385458466,40.1098762638312],[-74.0644390513854,40.1097970087431],[-74.064401449428,40.1096999577472],[-74.0643560270472,40.109629370177],[-74.0642914206958,40.1095674678181],[-74.06420764767,40.1095172427914],[-74.0638835679135,40.1093780717049],[-74.0637502126697,40.1093041597751],[-74.0636511747811,40.1092480295782],[-74.0636247754428,40.1092326661496],[-74.063559771097,40.1091948381883],[-74.0634874577363,40.1091417736163],[-74.0633885321425,40.1090738382912],[-74.0633198966381,40.1090383572114],[-74.0632282504614,40.1090174768498],[-74.0631481150693,40.109002487102],[-74.0630677579724,40.1090109693093],[-74.0629988198744,40.1090283068826],[-74.0629375141536,40.1090545125742],[-74.0628837470893,40.1090924970679],[-74.0628336750002,40.1091510023612],[-74.0628027319832,40.1092037325693],[-74.062789493518,40.1092295161482],[-74.0627756504316,40.1092564773453],[-74.0627753120676,40.1093093230707],[-74.0628016418964,40.1093739928254],[-74.0628357547356,40.1094181562504],[-74.0628927647078,40.1094711904946],[-74.0629421770743,40.109521286817],[-74.0630106285243,40.1095743920975],[-74.0631208799362,40.1096716896745]]}},{"type":"Feature","id":337876,"properties":{"OBJECTID":337876,"PRIMENAME":"Sunset Drive","ELEVTYP_F":0,"ELEVTYP_T":0},"geometry":{"type":"LineString","coordinates":[[-74.0786546101955,40.0981208156938],[-74.0786188938482,40.0981561729792],[-74.0783812901574,40.0983913874804],[-74.0782251813063,40.0985528750026],[-74.0781626167028,40.0986289122432],[-74.0781310576268,40.0987145880816],[-74.0781305868216,40.0987908235164],[-74.0781362776706,40.0988766350159],[-74.0781667761231,40.0989625368608],[-74.0782222091142,40.0990342544502],[-74.07828370189,40.0991202961391],[-74.0783577000171,40.0992015529135],[-74.0784565306361,40.099273400433],[-74.0786112893532,40.0993889501913],[-74.078623316745,40.0993979305967],[-74.0787532491292,40.0994698910013],[-74.0788078590027,40.0995012210551]]}},{"type":"Feature","id":338380,"properties":{"OBJECTID":338380,"PRIMENAME":"Meadow Point Road","ELEVTYP_F":0,"ELEVTYP_T":0},"geometry":{"type":"LineString","coordinates":[[-74.0825102759829,40.0900572713464],[-74.0824474054885,40.0900977298944],[-74.0823959094778,40.090142704953],[-74.0822860778632,40.0902814136134],[-74.0819995674344,40.0907057390441],[-74.0818612912448,40.0909115056265],[-74.0817647336199,40.0910551938738],[-74.0817035847415,40.0911586354962],[-74.0816752967196,40.0912193147258],[-74.0816610141729,40.0912693100844],[-74.0816467327721,40.0913193063456],[-74.0816418009911,40.0913657390094],[-74.0816414945768,40.0914157848401],[-74.0816435743945,40.0914241174454],[-74.0817079931939,40.0916821559784]]}},{"type":"Feature","id":338804,"properties":{"OBJECTID":338804,"PRIMENAME":"Ivy Road","ELEVTYP_F":0,"ELEVTYP_T":0},"geometry":{"type":"LineString","coordinates":[[-74.065031169713,40.1184020498845],[-74.0651458206421,40.1184119520419],[-74.0653135393336,40.1183935014868],[-74.0654750718833,40.1183750274794],[-74.065655355109,40.1183375992517],[-74.0658108227396,40.1183000227722],[-74.0659040220158,40.1182813198921],[-74.06597505091,40.1182793343754]]}},{"type":"Feature","id":338909,"properties":{"OBJECTID":338909,"PRIMENAME":"Ocean Avenue","ELEVTYP_F":0,"ELEVTYP_T":0},"geometry":{"type":"LineString","coordinates":[[-74.0492006524987,40.1081857381067],[-74.0491144260367,40.1081011367603],[-74.048698220698,40.1075913806531]]}},{"type":"Feature","id":340042,"properties":{"OBJECTID":340042,"PRIMENAME":"Lincoln Avenue","ELEVTYP_F":0,"ELEVTYP_T":0},"geometry":{"type":"LineString","coordinates":[[-74.056042223889,40.0926003648946],[-74.0560643113899,40.0925402455555],[-74.0560844188034,40.0924767680526],[-74.0560968049025,40.0923860285613],[-74.0561126021321,40.0922597770808]]}},{"type":"Feature","id":340359,"properties":{"OBJECTID":340359,"PRIMENAME":"Union Avenue","ELEVTYP_F":0,"ELEVTYP_T":0},"geometry":{"type":"LineString","coordinates":[[-74.0589660075333,40.1093985435736],[-74.0589580585846,40.1093654991831],[-74.0589517674862,40.1093322448586],[-74.058947143509,40.1092988296186],[-74.0589441934665,40.1092653027186],[-74.0589430816752,40.1092401245515],[-74.0589429141068,40.1092149322452],[-74.0589442916974,40.1091790837827],[-74.0589540993758,40.1091102499807],[-74.0589672592648,40.1090352368688],[-74.0589829586222,40.1089605123151],[-74.0589855461964,40.1089447935216],[-74.0589861794571,40.1089289571222],[-74.0589848526904,40.1089131460455],[-74.0589815778721,40.1088975029914],[-74.0589765371762,40.108881602744],[-74.0589701920226,40.1088659802823],[-74.0589625680109,40.1088506986327],[-74.0589536958996,40.1088358194466]]}},{"type":"Feature","id":340475,"properties":{"OBJECTID":340475,"PRIMENAME":"Wainright Place","ELEVTYP_F":0,"ELEVTYP_T":0},"geometry":{"type":"LineString","coordinates":[[-74.0530754283025,40.1072791363486],[-74.0531784278567,40.1071681365584],[-74.0532484276011,40.1072231360266],[-74.0533714268853,40.1072971363065],[-74.0534134280416,40.1073131350675],[-74.053470426785,40.1073261355963],[-74.0535354272392,40.1073311354999],[-74.0535844285731,40.1073301354634],[-74.0536394262561,40.1073221358447],[-74.0536924279942,40.1073081362271],[-74.0540084258945,40.1071701357723],[-74.0540754271279,40.1071331367552],[-74.054191427532,40.1070361350776],[-74.0543004284923,40.1069531363769]]}},{"type":"Feature","id":341357,"properties":{"OBJECTID":341357,"PRIMENAME":"Mountain Laurel Lane","ELEVTYP_F":0,"ELEVTYP_T":0},"geometry":{"type":"LineString","coordinates":[[-74.0704704331386,40.110055135206],[-74.0704434322441,40.110231135908],[-74.0704294327197,40.110513134617]]}},{"type":"Feature","id":341376,"properties":{"OBJECTID":341376,"PRIMENAME":"River Oaks Lane","ELEVTYP_F":0,"ELEVTYP_T":0},"geometry":{"type":"LineString","coordinates":[[-74.056042223889,40.0926003648946],[-74.0561273845315,40.092621173871]]}},{"type":"Feature","id":341402,"properties":{"OBJECTID":341402,"PRIMENAME":"Ramshorn Drive","ELEVTYP_F":0,"ELEVTYP_T":0},"geometry":{"type":"LineString","coordinates":[[-74.0861624928564,40.1087671211388],[-74.0860863640835,40.1085917533338],[-74.085859953861,40.1080523696882],[-74.0857716568374,40.1078379204732]]}},{"type":"Feature","id":341636,"properties":{"OBJECTID":341636,"PRIMENAME":"Old Bridge Road","ELEVTYP_F":0,"ELEVTYP_T":0},"geometry":{"type":"LineString","coordinates":[[-74.0720910520352,40.1099918862675],[-74.0720309331029,40.1101727827252],[-74.0718476867145,40.1107378577142],[-74.0716643821933,40.1113064736457],[-74.0715637813749,40.1115889771751],[-74.0715370688062,40.1116748850964],[-74.071449125849,40.1119577145449],[-74.0714332765453,40.1120023660701]]}},{"type":"Feature","id":341709,"properties":{"OBJECTID":341709,"PRIMENAME":"Saint Louis Avenue","ELEVTYP_F":0,"ELEVTYP_T":0},"geometry":{"type":"LineString","coordinates":[[-74.0465059531766,40.0982089333296],[-74.046546263284,40.0996650382854]]}},{"type":"Feature","id":341887,"properties":{"OBJECTID":341887,"PRIMENAME":"Cedar Avenue","ELEVTYP_F":0,"ELEVTYP_T":0},"geometry":{"type":"LineString","coordinates":[[-74.0520494898036,40.0974350787479],[-74.0505801021639,40.0971542242788],[-74.0504926396739,40.0971416688359]]}},{"type":"Feature","id":342210,"properties":{"OBJECTID":342210,"PRIMENAME":"Robin Way","ELEVTYP_F":0,"ELEVTYP_T":0},"geometry":{"type":"LineString","coordinates":[[-74.082271768686,40.1207196690979],[-74.0822873444762,40.1207934708427],[-74.0823034339136,40.1208575371077],[-74.0822926700739,40.1208929196121],[-74.0822881011158,40.120907940106],[-74.0822764009479,40.1209464022837],[-74.0822082487517,40.1209737021692],[-74.0815539226606,40.1210607169095],[-74.081490986597,40.1210655720803],[-74.0813952353147,40.1210220164715],[-74.0813658435815,40.1209558241158],[-74.0813598144117,40.120859213531],[-74.0814562474127,40.1208147024413],[-74.082271768686,40.1207196690979]]}},{"type":"Feature","id":342807,"properties":{"OBJECTID":342807,"PRIMENAME":"Collier Road","ELEVTYP_F":0,"ELEVTYP_T":0},"geometry":{"type":"LineString","coordinates":[[-74.0772846888782,40.1115595170979],[-74.0770664998623,40.1115990389925],[-74.0768499542945,40.1116699455668],[-74.0766518799334,40.1117736944048],[-74.076437454479,40.1119326934846],[-74.0762788264313,40.1121287677855],[-74.0762579359728,40.1121721018384],[-74.0762189951483,40.1122528871192],[-74.0761950385717,40.1123025841129],[-74.0761932938052,40.1123115305713],[-74.0761793383157,40.1123830518081],[-74.0761674812732,40.1124438283034],[-74.0761584753012,40.1126056265292],[-74.0761698295531,40.112698422766],[-74.0761755536274,40.1127451966424],[-74.0761787879923,40.1127716283686],[-74.0761811487158,40.112778356142],[-74.0762521953246,40.1129808440409],[-74.0763520330953,40.1131669699213]]}},{"type":"Feature","id":342811,"properties":{"OBJECTID":342811,"PRIMENAME":"McLean Avenue","ELEVTYP_F":0,"ELEVTYP_T":0},"geometry":{"type":"LineString","coordinates":[[-74.0529605236193,40.0937634514156],[-74.0539818269731,40.0938278400963]]}},{"type":"Feature","id":342917,"properties":{"OBJECTID":342917,"PRIMENAME":"Union Lane","ELEVTYP_F":0,"ELEVTYP_T":0},"geometry":{"type":"LineString","coordinates":[[-74.0545480795042,40.108940850584],[-74.0542077637304,40.1087289764937],[-74.0537938777811,40.1084719871265]]}},{"type":"Feature","id":342949,"properties":{"OBJECTID":342949,"PRIMENAME":"Unnamed Segment","ELEVTYP_F":0,"ELEVTYP_T":0},"geometry":{"type":"LineString","coordinates":[[-74.0743152645662,40.1124779052158],[-74.07413375176,40.1124625576324],[-74.0739699291287,40.112463565586],[-74.0737791601709,40.1125161610494]]}},{"type":"Feature","id":343623,"properties":{"OBJECTID":343623,"PRIMENAME":"River Place","ELEVTYP_F":0,"ELEVTYP_T":0},"geometry":{"type":"LineString","coordinates":[[-74.0444810741402,40.114379809142],[-74.044260869751,40.1142374773015],[-74.0441742697569,40.1141941998371],[-74.0441123578125,40.1141700996496],[-74.0440007172218,40.1141553851645],[-74.0429266707014,40.1141702587064],[-74.0427775887351,40.1141722777628]]}},{"type":"Feature","id":343715,"properties":{"OBJECTID":343715,"PRIMENAME":"Trenton Avenue","ELEVTYP_F":0,"ELEVTYP_T":0},"geometry":{"type":"LineString","coordinates":[[-74.0593612508569,40.089372663096],[-74.0593333599523,40.0893742593044],[-74.0592867968938,40.0893726824858],[-74.0588642817844,40.0893435932188],[-74.0588284135997,40.0893462019269],[-74.0587868004029,40.0893473611456]]}},{"type":"Feature","id":343917,"properties":{"OBJECTID":343917,"PRIMENAME":"Unnamed Segment","ELEVTYP_F":0,"ELEVTYP_T":0},"geometry":{"type":"LineString","coordinates":[[-74.0579425546661,40.0910736312357],[-74.058041912362,40.0911855925082],[-74.0580297987205,40.0913287417941],[-74.0579771900038,40.09139154531],[-74.0578836587945,40.0920155186954]]}},{"type":"Feature","id":344560,"properties":{"OBJECTID":344560,"PRIMENAME":"Union Lane","ELEVTYP_F":0,"ELEVTYP_T":0},"geometry":{"type":"LineString","coordinates":[[-74.0559296329449,40.1097998354262],[-74.0556791448827,40.1096450011731],[-74.0553850430936,40.1094619407176]]}},{"type":"Feature","id":345334,"properties":{"OBJECTID":345334,"PRIMENAME":"North Tamarack Drive","ELEVTYP_F":0,"ELEVTYP_T":0},"geometry":{"type":"LineString","coordinates":[[-74.0769869790264,40.1019508415909],[-74.0769073811117,40.1018843888809],[-74.0760425472594,40.1012282551681],[-74.0760161085447,40.101207377672],[-74.0759156854432,40.1011280807614],[-74.0758579435735,40.1010715077521],[-74.0757910893538,40.100991374414],[-74.0756573041493,40.1008663846701],[-74.074798702122,40.1002124882269]]}},{"type":"Feature","id":346087,"properties":{"OBJECTID":346087,"PRIMENAME":"Woodview Road","ELEVTYP_F":0,"ELEVTYP_T":0},"geometry":{"type":"LineString","coordinates":[[-74.0704422947879,40.0989173468076],[-74.0704716480368,40.0988484663806],[-74.0705282896946,40.0987152544385],[-74.0706224002941,40.0985582968575],[-74.0707038019401,40.0984442018869],[-74.0708287246039,40.0983159921723],[-74.0709785164271,40.0981783208095],[-74.0711093308107,40.0981025401845],[-74.0714519969599,40.0978941214123],[-74.0720625286457,40.0975246086714],[-74.0721373478152,40.0974677002171],[-74.0721812279021,40.0973963474582],[-74.072194234734,40.0973058553722],[-74.0721843971375,40.0972670821349]]}},{"type":"Feature","id":347054,"properties":{"OBJECTID":347054,"PRIMENAME":"Morningstar Road","ELEVTYP_F":0,"ELEVTYP_T":0},"geometry":{"type":"LineString","coordinates":[[-74.0754774426605,40.1068391086895],[-74.0753584766057,40.1068077023961]]}},{"type":"Feature","id":347228,"properties":{"OBJECTID":347228,"PRIMENAME":"Fisk Avenue","ELEVTYP_F":0,"ELEVTYP_T":0},"geometry":{"type":"LineString","coordinates":[[-74.0478235159165,40.1124276927222],[-74.0477235298526,40.1124024883765]]}},{"type":"Feature","id":347534,"properties":{"OBJECTID":347534,"PRIMENAME":"Ramshorn Drive","ELEVTYP_F":0,"ELEVTYP_T":0},"geometry":{"type":"LineString","coordinates":[[-74.0858138618681,40.1164408942476],[-74.0857953482593,40.116324896889],[-74.0857673909355,40.1161497256757],[-74.0857314629585,40.115930357101],[-74.0857197210895,40.1158207229842],[-74.085734148203,40.1157352992923]]}},{"type":"Feature","id":349482,"properties":{"OBJECTID":349482,"PRIMENAME":"State Highway 35","ELEVTYP_F":0,"ELEVTYP_T":0},"geometry":{"type":"LineString","coordinates":[[-74.0721258218417,40.118081484998],[-74.0721401519349,40.1180540165328],[-74.0723240365593,40.1176865234904],[-74.0725410214225,40.1172404997591],[-74.0726306937571,40.1170478079319],[-74.0726432624219,40.117022602632],[-74.0727249911877,40.116858702516],[-74.0727662378058,40.1167759193574]]}},{"type":"Feature","id":349483,"properties":{"OBJECTID":349483,"PRIMENAME":"State Highway 35","ELEVTYP_F":0,"ELEVTYP_T":0},"geometry":{"type":"LineString","coordinates":[[-74.0704867535524,40.121318382649],[-74.070683332908,40.120933331995],[-74.0707320305404,40.1208343882988],[-74.0708484006356,40.1205979460897],[-74.0709215503736,40.1204530389818]]}},{"type":"Feature","id":349672,"properties":{"OBJECTID":349672,"PRIMENAME":"State Highway 34","ELEVTYP_F":0,"ELEVTYP_T":0},"geometry":{"type":"LineString","coordinates":[[-74.0778376062874,40.1199670675465],[-74.0775499188688,40.1196263153329],[-74.0770638489672,40.1190717048632],[-74.0769904856443,40.1189879954555],[-74.0767547348183,40.1187154589226],[-74.076574396565,40.1185146120626],[-74.0763800786857,40.118313741706],[-74.0762972421493,40.1182419790463]]}},{"type":"Feature","id":349767,"properties":{"OBJECTID":349767,"PRIMENAME":"State Highway 35","ELEVTYP_F":0,"ELEVTYP_T":0},"geometry":{"type":"LineString","coordinates":[[-74.0566260873134,40.1083024699041],[-74.0566565417742,40.1083310824659],[-74.0567507181061,40.1084135001445]]}},{"type":"Feature","id":349791,"properties":{"OBJECTID":349791,"PRIMENAME":"State Highway 35","ELEVTYP_F":0,"ELEVTYP_T":0},"geometry":{"type":"LineString","coordinates":[[-74.0710489500706,40.1150253990714],[-74.0709328406422,40.1149595646391],[-74.0707228875793,40.1148405173294],[-74.0705312831138,40.1147318748721],[-74.0700070739196,40.1144332450832],[-74.0693999674213,40.1140807435332]]}},{"type":"Feature","id":349901,"properties":{"OBJECTID":349901,"PRIMENAME":"Richmond Avenue","ELEVTYP_F":0,"ELEVTYP_T":0},"geometry":{"type":"LineString","coordinates":[[-74.0503743401974,40.09660540707],[-74.0503996184133,40.0968490968769],[-74.0504164257013,40.0971307205851]]}},{"type":"Feature","id":350024,"properties":{"OBJECTID":350024,"PRIMENAME":"Hawthorne Avenue","ELEVTYP_F":0,"ELEVTYP_T":0},"geometry":{"type":"LineString","coordinates":[[-74.0506867032114,40.1006052990481],[-74.0507080362054,40.1006339048397],[-74.0508010753406,40.1007563568803],[-74.0509682924638,40.1009764303582],[-74.0509771192595,40.1009880789693],[-74.052172430557,40.1025654915075],[-74.0525905410574,40.1031201972282],[-74.0526077705043,40.1031430566237],[-74.0532462749099,40.1039916583623]]}},{"type":"Feature","id":350040,"properties":{"OBJECTID":350040,"PRIMENAME":"Richmond Avenue","ELEVTYP_F":0,"ELEVTYP_T":0},"geometry":{"type":"LineString","coordinates":[[-74.0494420316384,40.0896537040662],[-74.0495480711728,40.0904579438222],[-74.0495693492705,40.0906190395318]]}},{"type":"Feature","id":350146,"properties":{"OBJECTID":350146,"PRIMENAME":"State Highway 35","ELEVTYP_F":1,"ELEVTYP_T":1},"geometry":{"type":"LineString","coordinates":[[-74.0589559035469,40.1097284633147],[-74.0589705259778,40.1097340095914],[-74.0590166029744,40.1097523312032]]}},{"type":"Feature","id":350161,"properties":{"OBJECTID":350161,"PRIMENAME":"Higgins Avenue","ELEVTYP_F":0,"ELEVTYP_T":0},"geometry":{"type":"LineString","coordinates":[[-74.0592041359488,40.1081401514057],[-74.0601510726064,40.1087493383475],[-74.0603516172348,40.1088660255849]]}},{"type":"Feature","id":350375,"properties":{"OBJECTID":350375,"PRIMENAME":"State Highway 35","ELEVTYP_F":0,"ELEVTYP_T":0},"geometry":{"type":"LineString","coordinates":[[-74.072753906463,40.1160118997556],[-74.0725678727365,40.1159047349394],[-74.0724152665688,40.1158158159757],[-74.0722764043944,40.1157349051443]]}},{"type":"Feature","id":350624,"properties":{"OBJECTID":350624,"PRIMENAME":"Parkway","ELEVTYP_F":0,"ELEVTYP_T":0},"geometry":{"type":"LineString","coordinates":[[-74.0464005033323,40.0944283666355],[-74.0460964521743,40.0943897843189],[-74.0453137925102,40.0943946957816],[-74.0443354159677,40.0944008245409]]}},{"type":"Feature","id":350799,"properties":{"OBJECTID":350799,"PRIMENAME":"Union Avenue","ELEVTYP_F":0,"ELEVTYP_T":0},"geometry":{"type":"LineString","coordinates":[[-74.0590149834323,40.1096541806189],[-74.0590138188275,40.1096379809056],[-74.0590123890369,40.1096217936928],[-74.0590106987411,40.1096056207998],[-74.0590087432132,40.1095894676128],[-74.0590065248112,40.1095733323392],[-74.0590040458521,40.1095572194914],[-74.0590013051456,40.1095411317669],[-74.0589660075333,40.1093985435736]]}},{"type":"Feature","id":351335,"properties":{"OBJECTID":351335,"PRIMENAME":"State Highway 35","ELEVTYP_F":0,"ELEVTYP_T":0},"geometry":{"type":"LineString","coordinates":[[-74.0675198341728,40.1129859539176],[-74.0673119519683,40.1128646726271],[-74.0670744444514,40.1127266967601],[-74.0661476765685,40.1121882939958],[-74.0654333185649,40.1117780760991],[-74.0652605854244,40.1116768669278]]}},{"type":"Feature","id":351346,"properties":{"OBJECTID":351346,"PRIMENAME":"Union Avenue","ELEVTYP_F":0,"ELEVTYP_T":0},"geometry":{"type":"LineString","coordinates":[[-74.0586927546008,40.110447334363],[-74.058663900446,40.1104947551902],[-74.0586342533121,40.1105418867755],[-74.0586038181145,40.110588721302],[-74.0585725998995,40.1106352510019],[-74.0585406038432,40.110681468158],[-74.0585078352507,40.110727365105],[-74.0584742995553,40.1107729342306],[-74.0584400023177,40.110818167977]]}},{"type":"Feature","id":351382,"properties":{"OBJECTID":351382,"PRIMENAME":"State Highway 35","ELEVTYP_F":0,"ELEVTYP_T":0},"geometry":{"type":"LineString","coordinates":[[-74.0693057323733,40.1141177888104],[-74.0696817675972,40.1143355119729],[-74.0704499210362,40.1147912013889]]}},{"type":"Feature","id":351647,"properties":{"OBJECTID":351647,"PRIMENAME":"Union Avenue","ELEVTYP_F":0,"ELEVTYP_T":0},"geometry":{"type":"LineString","coordinates":[[-74.0589491895129,40.1096276029734],[-74.0589507608013,40.1096401745991],[-74.058952123295,40.1096527605797],[-74.0589532767726,40.1096653588712],[-74.0589542210466,40.1096779674269],[-74.0589549559635,40.109690584199],[-74.0589554814039,40.109703207138],[-74.0589557972821,40.1097158341936],[-74.0589559035469,40.1097284633147]]}},{"type":"Feature","id":351894,"properties":{"OBJECTID":351894,"PRIMENAME":"State Highway 70","ELEVTYP_F":0,"ELEVTYP_T":0},"geometry":{"type":"LineString","coordinates":[[-74.0739955131724,40.1140727283636],[-74.0740516951332,40.1139109345321],[-74.0741227877308,40.1137146054689],[-74.0741844449783,40.1135289472459],[-74.0742557010508,40.1133004434034],[-74.0743175146486,40.1130897762595],[-74.0743699999525,40.1128897542553],[-74.0744273772979,40.112650491894],[-74.0744752001585,40.1124468841671],[-74.0745376487595,40.1121397221539],[-74.0746147534594,40.1117182165781],[-74.0746584605644,40.111428830066],[-74.0746926941708,40.1111679866825],[-74.0747126447245,40.1109500284581],[-74.0747376436154,40.1106677102374],[-74.0747632701445,40.1102960630978],[-74.0747790754599,40.1100030045949],[-74.0747850046996,40.1098028383814],[-74.0747902846937,40.109695626264],[-74.0748148516095,40.109488391401],[-74.0748298014866,40.1093383050566],[-74.0748382333797,40.109281947483]]}},{"type":"Feature","id":352012,"properties":{"OBJECTID":352012,"PRIMENAME":"Union Avenue","ELEVTYP_F":0,"ELEVTYP_T":0},"geometry":{"type":"LineString","coordinates":[[-74.0590166029744,40.1097523312032],[-74.0590170054079,40.109735970829],[-74.0590171404075,40.1097196076353],[-74.0590170044424,40.1097032434098],[-74.0590166009971,40.10968688357],[-74.0590159265586,40.1096705272018],[-74.0590149834323,40.1096541806189]]}},{"type":"Feature","id":352028,"properties":{"OBJECTID":352028,"PRIMENAME":"Richmond Avenue","ELEVTYP_F":0,"ELEVTYP_T":0},"geometry":{"type":"LineString","coordinates":[[-74.0495693492705,40.0906190395318],[-74.0496766300969,40.091430751498],[-74.0497174611654,40.0917437103254]]}},{"type":"Feature","id":352248,"properties":{"OBJECTID":352248,"PRIMENAME":"State Highway 35","ELEVTYP_F":0,"ELEVTYP_T":1},"geometry":{"type":"LineString","coordinates":[[-74.0532462749099,40.1039916583623],[-74.0537569021529,40.1046702839154],[-74.0540817072605,40.1050995810171],[-74.0543991550363,40.1055191511597],[-74.0546845616758,40.1058963657207],[-74.0549627904037,40.1062692737072],[-74.0550791098758,40.1064251731809]]}},{"type":"Feature","id":352416,"properties":{"OBJECTID":352416,"PRIMENAME":"River Avenue","ELEVTYP_F":0,"ELEVTYP_T":0},"geometry":{"type":"LineString","coordinates":[[-74.0503742283636,40.0985885903392],[-74.0503728319757,40.0988007424432],[-74.0503806913348,40.0990188326889],[-74.050394149006,40.099177548661],[-74.0503979746984,40.0992226565506],[-74.0504135474683,40.0993333811599]]}},{"type":"Feature","id":352497,"properties":{"OBJECTID":352497,"PRIMENAME":"State Highway 70","ELEVTYP_F":0,"ELEVTYP_T":0},"geometry":{"type":"LineString","coordinates":[[-74.0745143336489,40.1114694009082],[-74.0744858883978,40.1116498520241],[-74.0744185249757,40.1119999047726],[-74.0744044143633,40.1120674189646]]}},{"type":"Feature","id":352559,"properties":{"OBJECTID":352559,"PRIMENAME":"State Highway 70","ELEVTYP_F":0,"ELEVTYP_T":0},"geometry":{"type":"LineString","coordinates":[[-74.0744044143633,40.1120674189646],[-74.0743513389985,40.1123213801709],[-74.0743152645662,40.1124779052158]]}},{"type":"Feature","id":352709,"properties":{"OBJECTID":352709,"PRIMENAME":"State Highway 70","ELEVTYP_F":0,"ELEVTYP_T":0},"geometry":{"type":"LineString","coordinates":[[-74.0756580282972,40.1061703223059],[-74.0756087771907,40.1062598307009],[-74.0754861581203,40.1065167821455],[-74.0754106428884,40.1066844902033],[-74.0753584766057,40.1068077023961]]}},{"type":"Feature","id":352907,"properties":{"OBJECTID":352907,"PRIMENAME":"State Highway 70","ELEVTYP_F":0,"ELEVTYP_T":0},"geometry":{"type":"LineString","coordinates":[[-74.0743152645662,40.1124779052158],[-74.0742747891262,40.1126535275749],[-74.0742726470515,40.1126618087358],[-74.074217521348,40.1128749458265],[-74.0741603118193,40.1130927948274],[-74.0740889523252,40.1133320326409],[-74.0740272282047,40.1135283970536],[-74.0739931234494,40.1136190753938],[-74.0739372744829,40.1137675663659],[-74.0738890428064,40.113887399316],[-74.0738468487166,40.1139922345837],[-74.0738237759851,40.1140495577444],[-74.0737006770463,40.1143743683973],[-74.0736108101982,40.1145992618328],[-74.0735210547306,40.1148062292066],[-74.0733841644036,40.1151060063117],[-74.073346828075,40.1151813374189]]}},{"type":"Feature","id":352926,"properties":{"OBJECTID":352926,"PRIMENAME":"Robin Way","ELEVTYP_F":0,"ELEVTYP_T":0},"geometry":{"type":"LineString","coordinates":[[-74.0806682532194,40.1190437587391],[-74.0808261575408,40.1193398395837],[-74.0809094975307,40.1194634002538],[-74.0809344276135,40.119500362802],[-74.0810431997333,40.11957955206],[-74.0811720079533,40.1196308536354],[-74.0813264370547,40.1196511370467]]}},{"type":"Feature","id":353117,"properties":{"OBJECTID":353117,"PRIMENAME":"State Highway 70","ELEVTYP_F":0,"ELEVTYP_T":0},"geometry":{"type":"LineString","coordinates":[[-74.0796683465275,40.1012075459259],[-74.0797359173705,40.1011309955645],[-74.0799655474984,40.1008851906966],[-74.0801482446009,40.1006963991761],[-74.0803682650679,40.1004898701839],[-74.0805555324339,40.1003189390392],[-74.0809111856253,40.1000128621916],[-74.081098283654,40.0998633704743],[-74.0811681770906,40.0998101987703]]}},{"type":"Feature","id":353162,"properties":{"OBJECTID":353162,"PRIMENAME":"Union Avenue","ELEVTYP_F":0,"ELEVTYP_T":0},"geometry":{"type":"LineString","coordinates":[[-74.0588021708162,40.1091401353404],[-74.0588057624127,40.1091773929962],[-74.0588121025553,40.1092144340408],[-74.0588207686896,40.1092500364994],[-74.0588319573544,40.1092852218236],[-74.0588430232318,40.1093137664015],[-74.0588557497088,40.1093419000024],[-74.0588863931505,40.1094088295137],[-74.058914232159,40.1094764775355],[-74.0589257705401,40.1095138490304],[-74.058935451761,40.1095515300904],[-74.0589432618441,40.1095894663245],[-74.0589491895129,40.1096276029734]]}},{"type":"Feature","id":353245,"properties":{"OBJECTID":353245,"PRIMENAME":"Hawthorne Avenue","ELEVTYP_F":0,"ELEVTYP_T":0},"geometry":{"type":"LineString","coordinates":[[-74.0489209440217,40.0935273974006],[-74.0489684901407,40.0936513689755],[-74.0489910397997,40.0937551469944],[-74.0490223296605,40.0939590257716],[-74.0490666047792,40.0943023621813],[-74.0491951400252,40.0952787372912],[-74.0492839533665,40.0959260983821],[-74.0493023552816,40.0960682115582]]}},{"type":"Feature","id":353397,"properties":{"OBJECTID":353397,"PRIMENAME":"State Highway 70","ELEVTYP_F":0,"ELEVTYP_T":0},"geometry":{"type":"LineString","coordinates":[[-74.0729050656583,40.1160989737312],[-74.0728773600769,40.1161665699535]]}},{"type":"Feature","id":353807,"properties":{"OBJECTID":353807,"PRIMENAME":"Osprey Point Drive","ELEVTYP_F":0,"ELEVTYP_T":0},"geometry":{"type":"LineString","coordinates":[[-74.0718222004873,40.0959096701376],[-74.0717748900756,40.0958839912823],[-74.0715211966238,40.0957638791101],[-74.0710232661307,40.0955337632451],[-74.0710014077286,40.0955236621065],[-74.070416851023,40.0952434613985],[-74.0702899042542,40.0951826109126]]}},{"type":"Feature","id":353850,"properties":{"OBJECTID":353850,"PRIMENAME":"State Highway 70","ELEVTYP_F":0,"ELEVTYP_T":0},"geometry":{"type":"LineString","coordinates":[[-74.073346828075,40.1151813374189],[-74.0732143936145,40.1154485438295],[-74.0731691870734,40.1155440230821],[-74.0731066602432,40.1156760802585],[-74.07310119278,40.115687626739],[-74.0729881123773,40.1159017005733],[-74.0729756491082,40.1159313034623]]}},{"type":"Feature","id":353951,"properties":{"OBJECTID":353951,"PRIMENAME":"State Highway 35","ELEVTYP_F":1,"ELEVTYP_T":0},"geometry":{"type":"LineString","coordinates":[[-74.0590166029744,40.1097523312032],[-74.0591345697888,40.1097993188592],[-74.0591609281767,40.1098098185344],[-74.0594117927045,40.1098965366394],[-74.0596951569738,40.1099834317951],[-74.0599926198321,40.1100631878211],[-74.0603644887701,40.1101539869589],[-74.0606672031323,40.1102234392965],[-74.0607921602557,40.1102521074577],[-74.0611175479218,40.1103319935044],[-74.0617962383647,40.1104882729248],[-74.0622006618281,40.1105827308365],[-74.0623377548909,40.1106146001152]]}},{"type":"Feature","id":354139,"properties":{"OBJECTID":354139,"PRIMENAME":"State Highway 35","ELEVTYP_F":0,"ELEVTYP_T":0},"geometry":{"type":"LineString","coordinates":[[-74.0729665180588,40.1163413628322],[-74.0729876271717,40.1162938095928],[-74.0730103307248,40.1162426666819]]}},{"type":"Feature","id":354189,"properties":{"OBJECTID":354189,"PRIMENAME":"West Laurel Avenue","ELEVTYP_F":0,"ELEVTYP_T":0},"geometry":{"type":"LineString","coordinates":[[-74.0537139122077,40.0903526166409],[-74.054889286774,40.0902479572577],[-74.0549569119064,40.0902428913041]]}},{"type":"Feature","id":354452,"properties":{"OBJECTID":354452,"PRIMENAME":"Union Avenue","ELEVTYP_F":0,"ELEVTYP_T":0},"geometry":{"type":"LineString","coordinates":[[-74.0589559035469,40.1097284633147],[-74.0589543799597,40.1097791517457],[-74.058949557719,40.1098297182957],[-74.0589414488788,40.1098800364856],[-74.0589300737143,40.1099299804572],[-74.0589156687934,40.1099818596407],[-74.0588992261413,40.1100333804232],[-74.0588807608093,40.1100844956291],[-74.0588602897009,40.110135158454],[-74.0588378315565,40.1101853225078],[-74.0588134069359,40.1102349418568],[-74.0587870381997,40.1102839710661],[-74.0587587494889,40.110332365241],[-74.0587263298094,40.1103900453209],[-74.0586927546008,40.110447334363]]}},{"type":"Feature","id":355548,"properties":{"OBJECTID":355548,"PRIMENAME":"State Highway 70","ELEVTYP_F":0,"ELEVTYP_T":0},"geometry":{"type":"LineString","coordinates":[[-74.0746242251513,40.1103497874893],[-74.0746181573146,40.1104853098409],[-74.0746080899747,40.1107101712154],[-74.0745834552507,40.1109281131262],[-74.0745635945792,40.1111317687244],[-74.0745343197466,40.1113426105499],[-74.0745143336489,40.1114694009082]]}},{"type":"Feature","id":355627,"properties":{"OBJECTID":355627,"PRIMENAME":"River Avenue","ELEVTYP_F":0,"ELEVTYP_T":0},"geometry":{"type":"LineString","coordinates":[[-74.0505358998316,40.0998627942119],[-74.050583799262,40.0999883578901]]}},{"type":"Feature","id":356681,"properties":{"OBJECTID":356681,"PRIMENAME":"State Highway 35","ELEVTYP_F":0,"ELEVTYP_T":0},"geometry":{"type":"LineString","coordinates":[[-74.0652605854244,40.1116768669278],[-74.0651470665577,40.1116103392654],[-74.0650158969802,40.1115334674492],[-74.0646540976756,40.1113247822668],[-74.0643773568836,40.11117933258],[-74.0643663763258,40.1111735602004],[-74.0641065147393,40.1110439101765],[-74.0638558000476,40.1109321384502],[-74.0637336313675,40.110881027234]]}},{"type":"Feature","id":357641,"properties":{"OBJECTID":357641,"PRIMENAME":"Unnamed Segment","ELEVTYP_F":0,"ELEVTYP_T":0},"geometry":{"type":"LineString","coordinates":[[-74.0561404676053,40.1076338580456],[-74.0561210029447,40.1075535374914],[-74.0560976350669,40.1075018366701],[-74.0560794689439,40.1074583358356],[-74.0560548995128,40.107393535286],[-74.0560264513247,40.1073037914999],[-74.0560022286008,40.1072131037691],[-74.0559841906088,40.1071224946832],[-74.0559824994169,40.1070196214331],[-74.0559825391693,40.1070191000866]]}},{"type":"Feature","id":357724,"properties":{"OBJECTID":357724,"PRIMENAME":"State Highway 35","ELEVTYP_F":1,"ELEVTYP_T":1},"geometry":{"type":"LineString","coordinates":[[-74.0590149834323,40.1096541806189],[-74.0589990398134,40.1096483275868],[-74.0589491895129,40.1096276029734]]}},{"type":"Feature","id":359210,"properties":{"OBJECTID":359210,"PRIMENAME":"State Highway 70","ELEVTYP_F":0,"ELEVTYP_T":0},"geometry":{"type":"LineString","coordinates":[[-74.0730574915525,40.1161403855086],[-74.0731217418462,40.1160100829573]]}},{"type":"Feature","id":360055,"properties":{"OBJECTID":360055,"PRIMENAME":"State Highway 35","ELEVTYP_F":0,"ELEVTYP_T":0},"geometry":{"type":"LineString","coordinates":[[-74.0562349492048,40.1077459532122],[-74.0561858698365,40.1076894315867],[-74.056172675421,40.1076732659056],[-74.0561404676053,40.1076338580456]]}},{"type":"Feature","id":360065,"properties":{"OBJECTID":360065,"PRIMENAME":"State Highway 35","ELEVTYP_F":0,"ELEVTYP_T":0},"geometry":{"type":"LineString","coordinates":[[-74.067801968399,40.1131505513169],[-74.0675198341728,40.1129859539176]]}},{"type":"Feature","id":361055,"properties":{"OBJECTID":361055,"PRIMENAME":"State Highway 70","ELEVTYP_F":0,"ELEVTYP_T":0},"geometry":{"type":"LineString","coordinates":[[-74.0765254237182,40.104797277583],[-74.0764411237662,40.1049116928752],[-74.0763049316755,40.1051042449566],[-74.0761640007184,40.1053110545575],[-74.0760417851041,40.1055036295348],[-74.0759006266612,40.1057354762309],[-74.0757500578852,40.1060029762914],[-74.0756580282972,40.1061703223059]]}},{"type":"Feature","id":361224,"properties":{"OBJECTID":361224,"PRIMENAME":"State Highway 35","ELEVTYP_F":0,"ELEVTYP_T":0},"geometry":{"type":"LineString","coordinates":[[-74.0729050656583,40.1160989737312],[-74.072753906463,40.1160118997556]]}},{"type":"Feature","id":361254,"properties":{"OBJECTID":361254,"PRIMENAME":"North McClellan Avenue","ELEVTYP_F":0,"ELEVTYP_T":0},"geometry":{"type":"LineString","coordinates":[[-74.0420774555291,40.1189357916928],[-74.0422626748525,40.1187669191677],[-74.0427356111573,40.1183415367012],[-74.0428060510656,40.1182781785644],[-74.0428835457467,40.1182079030325]]}},{"type":"Feature","id":363049,"properties":{"OBJECTID":363049,"PRIMENAME":"State Highway 35","ELEVTYP_F":0,"ELEVTYP_T":0},"geometry":{"type":"LineString","coordinates":[[-74.0727662378058,40.1167759193574],[-74.0728334484215,40.1166410434019],[-74.0729665180588,40.1163413628322]]}},{"type":"Feature","id":364567,"properties":{"OBJECTID":364567,"PRIMENAME":"State Highway 70","ELEVTYP_F":0,"ELEVTYP_T":0},"geometry":{"type":"LineString","coordinates":[[-74.0856544952157,40.0973557375438],[-74.0853766317965,40.097467294495],[-74.0843995263598,40.097867275279],[-74.0835772629254,40.0982376359113],[-74.0833285534049,40.0983592957995],[-74.0832554013623,40.0983967202334],[-74.0829369666383,40.0985596277163],[-74.0825769900031,40.0987606189363],[-74.0823762181838,40.0988671269587],[-74.082226733172,40.0989523786805],[-74.0820304842831,40.0990732062784],[-74.0818061415564,40.0992225371451],[-74.0814789411058,40.0994429846772],[-74.0810908145939,40.0997346978468],[-74.0807727651307,40.0999837544582],[-74.080585635505,40.1001439529377],[-74.0803655904654,40.1003433163764],[-74.0801175276178,40.1005640457808],[-74.0798979504625,40.100785675072]]}},{"type":"Feature","id":365285,"properties":{"OBJECTID":365285,"PRIMENAME":"Higgins Avenue","ELEVTYP_F":0,"ELEVTYP_T":0},"geometry":{"type":"LineString","coordinates":[[-74.0603516172348,40.1088660255849],[-74.0606747268598,40.1090540264985],[-74.0608189547304,40.1091379448097],[-74.0609637857803,40.1092226100964],[-74.0609664280681,40.1092241539847],[-74.0612456482792,40.1093873810162],[-74.0617280738289,40.1096608821823],[-74.0619948887123,40.1098205360648],[-74.0621609331972,40.1099198919385],[-74.0622907047534,40.1100061730103],[-74.0623778445128,40.1100888342216]]}},{"type":"Feature","id":366039,"properties":{"OBJECTID":366039,"PRIMENAME":"State Highway 34","ELEVTYP_F":0,"ELEVTYP_T":0},"geometry":{"type":"LineString","coordinates":[[-74.0776588013789,40.1200259069407],[-74.0779505198413,40.1203569821593],[-74.0784780901257,40.1209697387064],[-74.0788520357576,40.1214040548827],[-74.0791988036808,40.1217985246666],[-74.079786121101,40.1224512377173],[-74.0802863559076,40.1230207518771],[-74.0804381278679,40.1231935419411],[-74.0812102416622,40.1240864176637],[-74.0816795267457,40.1246258353078]]}},{"type":"Feature","id":366301,"properties":{"OBJECTID":366301,"PRIMENAME":"State Highway 35","ELEVTYP_F":0,"ELEVTYP_T":0},"geometry":{"type":"LineString","coordinates":[[-74.0730103307248,40.1162426666819],[-74.0730396730019,40.1161765301721]]}},{"type":"Feature","id":366414,"properties":{"OBJECTID":366414,"PRIMENAME":"State Highway 70","ELEVTYP_F":0,"ELEVTYP_T":0},"geometry":{"type":"LineString","coordinates":[[-74.0753584766057,40.1068077023961],[-74.075355054006,40.1068157861436],[-74.0752594774373,40.1070414294298],[-74.0751532157158,40.1073316993134],[-74.0751457828311,40.1073520006035],[-74.0750365694699,40.1076947634058],[-74.0749747279283,40.1079054310375],[-74.0749267016801,40.1081483246444],[-74.0749264161372,40.1081495359239],[-74.074845385989,40.10849486801],[-74.0747781394618,40.1088269672618],[-74.074725048359,40.1091306233369],[-74.0747033877398,40.109273875824],[-74.0746861557421,40.1093878523639],[-74.0746656571015,40.1096880316084],[-74.0746501021335,40.1099525112764],[-74.0746244131182,40.1103455999773],[-74.0746242251513,40.1103497874893]]}},{"type":"Feature","id":366576,"properties":{"OBJECTID":366576,"PRIMENAME":"Ashley Avenue","ELEVTYP_F":1,"ELEVTYP_T":0},"geometry":{"type":"LineString","coordinates":[[-74.0550791098758,40.1064251731809],[-74.0552008215622,40.1065883545956]]}},{"type":"Feature","id":367237,"properties":{"OBJECTID":367237,"PRIMENAME":"State Highway 35","ELEVTYP_F":0,"ELEVTYP_T":0},"geometry":{"type":"LineString","coordinates":[[-74.0728773600769,40.1161665699535],[-74.0728594207632,40.1162103744928],[-74.0728326225796,40.1162758051933]]}},{"type":"Feature","id":367269,"properties":{"OBJECTID":367269,"PRIMENAME":"Laurel Avenue","ELEVTYP_F":0,"ELEVTYP_T":0},"geometry":{"type":"LineString","coordinates":[[-74.0439447157638,40.091010091168],[-74.0426532647707,40.091123102536],[-74.0422958458819,40.0911512577963],[-74.042022915464,40.0912024497405]]}},{"type":"Feature","id":367994,"properties":{"OBJECTID":367994,"PRIMENAME":"State Highway 35","ELEVTYP_F":0,"ELEVTYP_T":0},"geometry":{"type":"LineString","coordinates":[[-74.0552008215622,40.1065883545956],[-74.0556775690977,40.1072125433052],[-74.0557045736104,40.1072478989531],[-74.0559630928361,40.1075849156769],[-74.0562310133981,40.1079005269348],[-74.0563411639103,40.1080222860862],[-74.0564159596625,40.1081049639578],[-74.0564231893478,40.1081117585196],[-74.0566260873134,40.1083024699041]]}},{"type":"Feature","id":371012,"properties":{"OBJECTID":371012,"PRIMENAME":"Osprey Lane","ELEVTYP_F":0,"ELEVTYP_T":0},"geometry":{"type":"LineString","coordinates":[[-74.0718222004873,40.0959096701376],[-74.0718929949684,40.0958558219042],[-74.0719740627375,40.095794159366],[-74.0720799078338,40.095737393493],[-74.0721732945281,40.0956948016164],[-74.0722470370174,40.0956896382892],[-74.0723965625583,40.095690190366],[-74.0725827240626,40.0957201426887],[-74.0729977475189,40.0958455967149],[-74.0731932719392,40.0959046820925]]}},{"type":"Feature","id":371859,"properties":{"OBJECTID":371859,"PRIMENAME":"Richmond Avenue","ELEVTYP_F":0,"ELEVTYP_T":0},"geometry":{"type":"LineString","coordinates":[[-74.050324028036,40.0962005532127],[-74.0503241295177,40.0962013498169],[-74.0503558525417,40.0964271373289],[-74.0503565992066,40.0964343277361],[-74.0503743401974,40.09660540707]]}},{"type":"Feature","id":372069,"properties":{"OBJECTID":372069,"PRIMENAME":"State Highway 70","ELEVTYP_F":0,"ELEVTYP_T":0},"geometry":{"type":"LineString","coordinates":[[-74.0748382333797,40.109281947483],[-74.0748393632323,40.1092743750358],[-74.0748831896988,40.1089810356278],[-74.0749601458407,40.1085881078993],[-74.0750111230694,40.1083230573676],[-74.0750226647872,40.1082630453767],[-74.0750945351937,40.1079344494782],[-74.0751801410076,40.1076452162721],[-74.0752560711134,40.1074167278106],[-74.075265706763,40.1073887093805],[-74.0753223761067,40.1072239208283],[-74.0754075789591,40.1069990086586],[-74.0754748938611,40.1068449421187],[-74.0754774426605,40.1068391086895]]}},{"type":"Feature","id":372315,"properties":{"OBJECTID":372315,"PRIMENAME":"State Highway 35","ELEVTYP_F":1,"ELEVTYP_T":0},"geometry":{"type":"LineString","coordinates":[[-74.0551570901326,40.1063476432726],[-74.0550385085344,40.1061902130206],[-74.0548472596733,40.1059363044017],[-74.0544981828271,40.1054750389555],[-74.0544918715667,40.1054666986187],[-74.0541563852381,40.105028701448],[-74.0540579664573,40.1049002094546],[-74.0534950430621,40.1041366306104],[-74.0533448927193,40.1039413172829]]}},{"type":"Feature","id":372522,"properties":{"OBJECTID":372522,"PRIMENAME":"Richmond Avenue","ELEVTYP_F":0,"ELEVTYP_T":0},"geometry":{"type":"LineString","coordinates":[[-74.0493288560761,40.0888260462858],[-74.049415105391,40.089449375668],[-74.0494420316384,40.0896537040662]]}},{"type":"Feature","id":372539,"properties":{"OBJECTID":372539,"PRIMENAME":"Union Avenue","ELEVTYP_F":0,"ELEVTYP_T":0},"geometry":{"type":"LineString","coordinates":[[-74.0581417942666,40.1111684018011],[-74.0580898343822,40.1112284237771],[-74.0580376502754,40.1112883309878]]}},{"type":"Feature","id":372977,"properties":{"OBJECTID":372977,"PRIMENAME":"State Highway 35","ELEVTYP_F":0,"ELEVTYP_T":0},"geometry":{"type":"LineString","coordinates":[[-74.0693999674213,40.1140807435332],[-74.0691396133251,40.1139295801637],[-74.0683603081577,40.1134762840249],[-74.067801968399,40.1131505513169]]}},{"type":"Feature","id":373181,"properties":{"OBJECTID":373181,"PRIMENAME":"Richmond Avenue","ELEVTYP_F":0,"ELEVTYP_T":0},"geometry":{"type":"LineString","coordinates":[[-74.0502884432903,40.0959478470685],[-74.050324028036,40.0962005532127]]}},{"type":"Feature","id":374640,"properties":{"OBJECTID":374640,"PRIMENAME":"Osprey Point Drive","ELEVTYP_F":0,"ELEVTYP_T":0},"geometry":{"type":"LineString","coordinates":[[-74.0724183646184,40.0962334585904],[-74.0723315439183,40.0961863030487],[-74.0718222004873,40.0959096701376]]}},{"type":"Feature","id":374652,"properties":{"OBJECTID":374652,"PRIMENAME":"Old Bridge Road","ELEVTYP_F":0,"ELEVTYP_T":0},"geometry":{"type":"LineString","coordinates":[[-74.0792578885834,40.1015012397822],[-74.0791762258607,40.1016000316429]]}},{"type":"Feature","id":374901,"properties":{"OBJECTID":374901,"PRIMENAME":"State Highway 35","ELEVTYP_F":0,"ELEVTYP_T":0},"geometry":{"type":"LineString","coordinates":[[-74.0704499210362,40.1147912013889],[-74.0706527632147,40.1149115459441],[-74.070818889261,40.1150101069612],[-74.0708459883116,40.1150261846782],[-74.0713601048958,40.1153233439089],[-74.0717833253235,40.1155679618524],[-74.0719357826424,40.1156560776869],[-74.0721032619339,40.1157528783095],[-74.0722887290283,40.1158519968373],[-74.072453918715,40.1159402778971],[-74.0728773600769,40.1161665699535]]}},{"type":"Feature","id":375348,"properties":{"OBJECTID":375348,"PRIMENAME":"State Highway 70","ELEVTYP_F":0,"ELEVTYP_T":0},"geometry":{"type":"LineString","coordinates":[[-74.0754774426605,40.1068391086895],[-74.0755634630086,40.1066421684887],[-74.0756672908106,40.1064173243515],[-74.075818089068,40.1061247878975],[-74.0759451535963,40.1059000276837],[-74.0760862405109,40.1056682085998],[-74.076236769394,40.1054185253769],[-74.076438778999,40.1051225789544],[-74.0765863478465,40.1049166831573]]}},{"type":"Feature","id":377315,"properties":{"OBJECTID":377315,"PRIMENAME":"Union Avenue","ELEVTYP_F":0,"ELEVTYP_T":0},"geometry":{"type":"LineString","coordinates":[[-74.0584400023177,40.110818167977],[-74.0582917306209,40.1109937025955],[-74.0581417942666,40.1111684018011]]}},{"type":"Feature","id":377594,"properties":{"OBJECTID":377594,"PRIMENAME":"Laurel Court","ELEVTYP_F":0,"ELEVTYP_T":0},"geometry":{"type":"LineString","coordinates":[[-74.0459173711404,40.090897925554],[-74.0456834450553,40.0908733165393],[-74.0439456814348,40.0910100121064],[-74.0439447157638,40.091010091168]]}},{"type":"Feature","id":377602,"properties":{"OBJECTID":377602,"PRIMENAME":"Hawthorne Avenue","ELEVTYP_F":0,"ELEVTYP_T":0},"geometry":{"type":"LineString","coordinates":[[-74.0494170330572,40.0969569301848],[-74.0494743601272,40.0974031560407],[-74.0495678972927,40.098039800635],[-74.0496351551158,40.0984332448842],[-74.049680236985,40.0986550763621],[-74.0497031483396,40.0987369480819]]}},{"type":"Feature","id":377690,"properties":{"OBJECTID":377690,"PRIMENAME":"Union Avenue","ELEVTYP_F":0,"ELEVTYP_T":0},"geometry":{"type":"LineString","coordinates":[[-74.0587517638645,40.1104451156169],[-74.0587666067714,40.1104249138806],[-74.0587810694686,40.1104045512722],[-74.0587951449241,40.1103840268642],[-74.05880883308,40.1103633496634],[-74.0588221280538,40.1103425223498],[-74.0588350321629,40.1103215494355],[-74.0588475371615,40.1103004362936],[-74.0588596430325,40.1102791856262],[-74.0588713485681,40.1102578028329],[-74.0588826490476,40.1102362923992],[-74.058893542102,40.110214657919],[-74.0589040265236,40.1101929047921],[-74.0589141011107,40.1101710375172],[-74.0589237611425,40.1101490605801],[-74.0589330077633,40.1101269784886],[-74.0589418339062,40.1101047957195],[-74.0589502442172,40.1100825194958],[-74.0589582328315,40.1100601497954],[-74.0589657961782,40.110037694711],[-74.0589729389322,40.1100151569626],[-74.0589796540209,40.1099925419274],[-74.0589849348935,40.1099727685068],[-74.0589898184905,40.1099529350284],[-74.058994304789,40.109933045095],[-74.0589983890506,40.1099131058942],[-74.0590020759563,40.109893119245],[-74.0590053595947,40.1098730923307],[-74.0590082411159,40.1098530287583],[-74.0590107216585,40.1098329339363],[-74.0590127976803,40.1098128114541],[-74.0590144691411,40.1097926676163],[-74.0590157395371,40.109772506039],[-74.0590166029744,40.1097523312032]]}},{"type":"Feature","id":377848,"properties":{"OBJECTID":377848,"PRIMENAME":"Richmond Avenue","ELEVTYP_F":0,"ELEVTYP_T":0},"geometry":{"type":"LineString","coordinates":[[-74.0499642359474,40.093579004727],[-74.0499827666388,40.0937125536858],[-74.0500671512188,40.0943276938601],[-74.050142206679,40.0949428247003],[-74.0501997354785,40.0953970123434],[-74.0502758763906,40.095858465101],[-74.0502884432903,40.0959478470685]]}},{"type":"Feature","id":378566,"properties":{"OBJECTID":378566,"PRIMENAME":"Parkway","ELEVTYP_F":0,"ELEVTYP_T":0},"geometry":{"type":"LineString","coordinates":[[-74.0443354159677,40.0944008245409],[-74.0439785465841,40.0944030445237],[-74.0432607201742,40.0944082567799],[-74.0424392425942,40.0944142143844],[-74.042328496748,40.0944147099839]]}},{"type":"Feature","id":378793,"properties":{"OBJECTID":378793,"PRIMENAME":"Cincinnati Avenue","ELEVTYP_F":0,"ELEVTYP_T":0},"geometry":{"type":"LineString","coordinates":[[-74.0480978813872,40.0907359960207],[-74.0481504313352,40.091113427578]]}},{"type":"Feature","id":379557,"properties":{"OBJECTID":379557,"PRIMENAME":"Riverview Drive","ELEVTYP_F":0,"ELEVTYP_T":0},"geometry":{"type":"LineString","coordinates":[[-74.0792180280242,40.1016544626977],[-74.079210026495,40.1016438045856],[-74.0791762258607,40.1016000316429]]}},{"type":"Feature","id":379740,"properties":{"OBJECTID":379740,"PRIMENAME":"State Highway 34","ELEVTYP_F":0,"ELEVTYP_T":0},"geometry":{"type":"LineString","coordinates":[[-74.0748923138213,40.1173471604838],[-74.0750774551869,40.117538968498],[-74.0752527328809,40.1176554623744],[-74.0754706577803,40.1178028059444],[-74.0756652836181,40.1179536592857],[-74.0758598739427,40.1181045130679],[-74.0760404665374,40.1182695623561],[-74.0762116906367,40.1184346608435],[-74.0763875349121,40.1186104536224],[-74.0765679173068,40.1188041359628],[-74.0765902257502,40.1188279362229]]}},{"type":"Feature","id":379912,"properties":{"OBJECTID":379912,"PRIMENAME":"River Avenue","ELEVTYP_F":0,"ELEVTYP_T":0},"geometry":{"type":"LineString","coordinates":[[-74.0504135474683,40.0993333811599],[-74.0504246469565,40.0994122138893],[-74.050451766322,40.099533854632],[-74.0504743213609,40.0996483117642],[-74.0505061581308,40.0997592633967],[-74.0505349853056,40.0998604299552],[-74.0505358998316,40.0998627942119]]}},{"type":"Feature","id":380161,"properties":{"OBJECTID":380161,"PRIMENAME":"State Highway 35","ELEVTYP_F":0,"ELEVTYP_T":1},"geometry":{"type":"LineString","coordinates":[[-74.0567507181061,40.1084135001445],[-74.0568370729898,40.1084890515933],[-74.0570013877118,40.1086226668426],[-74.0570269594816,40.1086434606676],[-74.0571242197806,40.1087189437239],[-74.0571257793354,40.1087201151781],[-74.0572251193647,40.1087947324334],[-74.0572724839594,40.1088303114511],[-74.0574346906412,40.1089417592832],[-74.0576154799439,40.1090604158204],[-74.0578102717764,40.1091755281835],[-74.0578705278625,40.1092108436325],[-74.0580189988567,40.1092978601735],[-74.0582556124524,40.1094202972462],[-74.0585155159183,40.1095464190596],[-74.0587708291278,40.1096581928488],[-74.0588188421246,40.109676421938],[-74.0589559035469,40.1097284633147]]}},{"type":"Feature","id":380174,"properties":{"OBJECTID":380174,"PRIMENAME":"Lincoln Avenue","ELEVTYP_F":0,"ELEVTYP_T":0},"geometry":{"type":"LineString","coordinates":[[-74.0556401813488,40.093542524958],[-74.0558234908693,40.0931129274316]]}},{"type":"Feature","id":380518,"properties":{"OBJECTID":380518,"PRIMENAME":"State Highway 35","ELEVTYP_F":0,"ELEVTYP_T":0},"geometry":{"type":"LineString","coordinates":[[-74.0719914384684,40.1180401900198],[-74.071765818751,40.1185120043307]]}},{"type":"Feature","id":381097,"properties":{"OBJECTID":381097,"PRIMENAME":"Hawthorne Avenue","ELEVTYP_F":0,"ELEVTYP_T":0},"geometry":{"type":"LineString","coordinates":[[-74.0499605788518,40.0994358607524],[-74.0499727982964,40.0994640755022],[-74.0501474658419,40.0998007518305],[-74.0502317256233,40.0999420081724],[-74.0502671551024,40.1000014048223],[-74.0503368815558,40.1001130251019]]}},{"type":"Feature","id":381182,"properties":{"OBJECTID":381182,"PRIMENAME":"State Highway 34","ELEVTYP_F":0,"ELEVTYP_T":0},"geometry":{"type":"LineString","coordinates":[[-74.0789442480283,40.1212497196787],[-74.0786362855582,40.120895691536],[-74.0784796836996,40.1207116877383],[-74.0784725471341,40.1207033024868],[-74.0783219470467,40.1205263474763],[-74.0782477086988,40.1204415359564],[-74.0779798177238,40.1201354883444],[-74.0778376062874,40.1199670675465]]}},{"type":"Feature","id":382287,"properties":{"OBJECTID":382287,"PRIMENAME":"Hawthorne Avenue","ELEVTYP_F":0,"ELEVTYP_T":0},"geometry":{"type":"LineString","coordinates":[[-74.0481504313352,40.091113427578],[-74.0481609416077,40.0911889167671],[-74.0482185014944,40.0916359678062],[-74.0482522064269,40.0918579205383]]}},{"type":"Feature","id":382519,"properties":{"OBJECTID":382519,"PRIMENAME":"Riverview Drive","ELEVTYP_F":0,"ELEVTYP_T":0},"geometry":{"type":"LineString","coordinates":[[-74.057425908288,40.1081012229355],[-74.0573834378063,40.108150174297],[-74.0573331274657,40.1081896240379],[-74.0573182714041,40.1081990181849],[-74.0572895439326,40.1082171851589],[-74.0572533084765,40.1082309379731],[-74.0572098871002,40.1082390898434],[-74.057166536858,40.1082416973302],[-74.0571213813872,40.1082359791377],[-74.057072668666,40.108227474104],[-74.0570203783379,40.1082142582758],[-74.0570113457175,40.1082119765113],[-74.0569156806905,40.1081935733952],[-74.0568860429814,40.1081878595309]]}},{"type":"Feature","id":382702,"properties":{"OBJECTID":382702,"PRIMENAME":"State Highway 35","ELEVTYP_F":0,"ELEVTYP_T":0},"geometry":{"type":"LineString","coordinates":[[-74.0722764043944,40.1157349051443],[-74.0717838591705,40.1154478751198],[-74.0714347667929,40.1152470554313],[-74.0713394539722,40.115192226405],[-74.0710833690522,40.1150449084429],[-74.0710489500706,40.1150253990714]]}},{"type":"Feature","id":382804,"properties":{"OBJECTID":382804,"PRIMENAME":"Hawthorne Avenue","ELEVTYP_F":0,"ELEVTYP_T":0},"geometry":{"type":"LineString","coordinates":[[-74.0482522064269,40.0918579205383],[-74.0482809446471,40.0920472948065],[-74.0483262781462,40.092229787644],[-74.0483627435141,40.0923478960198],[-74.0484404523587,40.0925590939516],[-74.0485321720967,40.0927703455322],[-74.0485872965606,40.0928777930172],[-74.0486930527488,40.0930748241113],[-74.0487895975656,40.0932539197945],[-74.0488539574043,40.0933757051879],[-74.0489209440217,40.0935273974006]]}},{"type":"Feature","id":382860,"properties":{"OBJECTID":382860,"PRIMENAME":"FR RT 35 NB to RT 71 NB","ELEVTYP_F":0,"ELEVTYP_T":0},"geometry":{"type":"LineString","coordinates":[[-74.058290511651,40.1103483429627],[-74.0583048591381,40.1104243329102],[-74.0583140636842,40.1105268501301],[-74.0583084178744,40.1106369152277],[-74.0582928191915,40.1107545189563],[-74.0582707422433,40.1108232563511],[-74.0582574967565,40.1108644987882],[-74.0581417942666,40.1111684018011]]}},{"type":"Feature","id":383035,"properties":{"OBJECTID":383035,"PRIMENAME":"Cincinnati Avenue","ELEVTYP_F":0,"ELEVTYP_T":0},"geometry":{"type":"LineString","coordinates":[[-74.0478612452438,40.0889384852954],[-74.0478860660428,40.089125318023],[-74.047952726965,40.0896009567837],[-74.047969291919,40.0897660695086]]}},{"type":"Feature","id":383151,"properties":{"OBJECTID":383151,"PRIMENAME":"State Highway 70","ELEVTYP_F":0,"ELEVTYP_T":0},"geometry":{"type":"LineString","coordinates":[[-74.0731217418462,40.1160100829573],[-74.0731449547404,40.115963004897],[-74.0732595857268,40.1157271471849],[-74.0733434335417,40.1155546276109],[-74.0733808044708,40.1154777357453],[-74.0735741274077,40.1150852379769],[-74.0737063477716,40.1147890399035],[-74.0737961463841,40.114574879649],[-74.0738527922502,40.1144535537479],[-74.0738762215408,40.1143851705477],[-74.0738907047465,40.1143428923961],[-74.0739711174065,40.1141430012832],[-74.0739955131724,40.1140727283636]]}},{"type":"Feature","id":383775,"properties":{"OBJECTID":383775,"PRIMENAME":"Union Lane","ELEVTYP_F":0,"ELEVTYP_T":0},"geometry":{"type":"LineString","coordinates":[[-74.0581417942666,40.1111684018011],[-74.0581153705186,40.1111519940324],[-74.057626633588,40.1108487490905],[-74.0559296329449,40.1097998354262]]}},{"type":"Feature","id":385416,"properties":{"OBJECTID":385416,"PRIMENAME":"State Highway 70","ELEVTYP_F":0,"ELEVTYP_T":0},"geometry":{"type":"LineString","coordinates":[[-74.0798979504625,40.100785675072],[-74.0798598912898,40.1008240532468],[-74.079695832414,40.100999715927],[-74.0796302959995,40.101069886856],[-74.0795040553356,40.1012138056697],[-74.0794146410812,40.1013157417946],[-74.0792786262497,40.1014761507267],[-74.0792578885834,40.1015012397822]]}},{"type":"Feature","id":386035,"properties":{"OBJECTID":386035,"PRIMENAME":"State Highway 70","ELEVTYP_F":0,"ELEVTYP_T":0},"geometry":{"type":"LineString","coordinates":[[-74.0729756491082,40.1159313034623],[-74.0729050656583,40.1160989737312]]}},{"type":"Feature","id":386119,"properties":{"OBJECTID":386119,"PRIMENAME":"Richmond Avenue","ELEVTYP_F":0,"ELEVTYP_T":0},"geometry":{"type":"LineString","coordinates":[[-74.0504164257013,40.0971307205851],[-74.0504291489299,40.0974624860608]]}},{"type":"Feature","id":386138,"properties":{"OBJECTID":386138,"PRIMENAME":"Hawthorne Avenue","ELEVTYP_F":0,"ELEVTYP_T":0},"geometry":{"type":"LineString","coordinates":[[-74.0533448927193,40.1039413172829],[-74.0529272859427,40.103398093774],[-74.0526841381185,40.1030786109238],[-74.0524934302285,40.102828030248],[-74.0522620517395,40.1025227093636],[-74.0519616209547,40.1021169993797],[-74.0514631977376,40.1014573490297],[-74.0511909462873,40.1010952593222],[-74.0510724053261,40.1009286983657],[-74.0510710409562,40.1009267818143],[-74.0509926217352,40.1008156497916],[-74.050928133696,40.1007117367126],[-74.0509278113088,40.1007111779358],[-74.0508770457584,40.1006233782261],[-74.050845279507,40.1005684399757],[-74.0507532955248,40.1004000703941],[-74.0506843953643,40.1002603970891],[-74.0506435384326,40.1001646411851],[-74.0506294027912,40.1001315103157],[-74.050583799262,40.0999883578901]]}},{"type":"Feature","id":389301,"properties":{"OBJECTID":389301,"PRIMENAME":"State Highway 35","ELEVTYP_F":1,"ELEVTYP_T":0},"geometry":{"type":"LineString","coordinates":[[-74.0589491895129,40.1096276029734],[-74.0588084462572,40.1095690085653],[-74.0587390193947,40.1095401057951],[-74.0585022756739,40.1094319721477],[-74.0583537902833,40.1093599184091],[-74.0581681544748,40.1092662539571],[-74.0580681519461,40.1092125381652],[-74.0580663903239,40.1092115911249],[-74.0579872246988,40.1091690665598],[-74.0578156147206,40.1090683171099],[-74.0576440635498,40.1089640000022],[-74.0574679230154,40.1088453612697],[-74.0572686464738,40.1087051929426],[-74.0570694635212,40.1085507216937],[-74.0568796005195,40.1083927172279],[-74.0567360924881,40.1082706336875],[-74.0565930368498,40.1081284555344],[-74.0564597954428,40.1079965294954],[-74.0564539212736,40.1079907128704],[-74.0563895680502,40.1079207990463],[-74.0563383595174,40.1078651664179],[-74.0562349492048,40.1077459532122]]}},{"type":"Feature","id":390239,"properties":{"OBJECTID":390239,"PRIMENAME":"State Highway 35","ELEVTYP_F":0,"ELEVTYP_T":0},"geometry":{"type":"LineString","coordinates":[[-74.0730396730019,40.1161765301721],[-74.0729050656583,40.1160989737312]]}},{"type":"Feature","id":391367,"properties":{"OBJECTID":391367,"PRIMENAME":"State Highway 35","ELEVTYP_F":0,"ELEVTYP_T":0},"geometry":{"type":"LineString","coordinates":[[-74.0637336313675,40.110881027234],[-74.0636143503539,40.1108311075711],[-74.0634850987834,40.1107822535517],[-74.0634425341563,40.1107661653523],[-74.0632892664203,40.110708402851],[-74.0631034484527,40.1106468929982],[-74.0630985793843,40.1106455677326],[-74.0628106280368,40.1105671624839],[-74.0626154926538,40.1105092419486],[-74.0623644385889,40.1104511089093],[-74.0623059843864,40.1104392205085]]}},{"type":"Feature","id":391637,"properties":{"OBJECTID":391637,"PRIMENAME":"Higgins Avenue","ELEVTYP_F":0,"ELEVTYP_T":0},"geometry":{"type":"LineString","coordinates":[[-74.0623778445128,40.1100888342216],[-74.0623639008791,40.1102114138723],[-74.0623447541531,40.110292355748],[-74.062319539603,40.1103494451764],[-74.0623059843864,40.1104392205085]]}},{"type":"Feature","id":394534,"properties":{"OBJECTID":394534,"PRIMENAME":"Union Avenue","ELEVTYP_F":0,"ELEVTYP_T":0},"geometry":{"type":"LineString","coordinates":[[-74.0589536958996,40.1088358194466],[-74.0588969357233,40.1088939408951],[-74.0588682435497,40.1089576877382],[-74.0588331622532,40.1090306341892],[-74.0588112209562,40.1090787302458],[-74.0588021708162,40.1091401353404]]}},{"type":"Feature","id":394812,"properties":{"OBJECTID":394812,"PRIMENAME":"Union Avenue","ELEVTYP_F":0,"ELEVTYP_T":0},"geometry":{"type":"LineString","coordinates":[[-74.0589660075333,40.1093985435736],[-74.0589212824759,40.1093149713064],[-74.0588963689101,40.1092762323875],[-74.0588567339515,40.109214604039],[-74.0588540965012,40.1092105030663],[-74.0588021708162,40.1091401353404]]}},{"type":"Feature","id":397072,"properties":{"OBJECTID":397072,"PRIMENAME":"State Highway 34","ELEVTYP_F":0,"ELEVTYP_T":0},"geometry":{"type":"LineString","coordinates":[[-74.0762972421493,40.1182419790463],[-74.0762226220034,40.1181773284966],[-74.0761160817601,40.1180876066298],[-74.0759771449214,40.1179691052836],[-74.0758334351437,40.1178649162275],[-74.0756573276622,40.117732002459],[-74.0754672546793,40.117602605755],[-74.0753096012985,40.1174983658343],[-74.0752749950632,40.117478013993],[-74.0751750700626,40.1174192469255],[-74.0750316502754,40.117382683358],[-74.0748923138213,40.1173471604838]]}},{"type":"Feature","id":397402,"properties":{"OBJECTID":397402,"PRIMENAME":"Union Avenue","ELEVTYP_F":0,"ELEVTYP_T":0},"geometry":{"type":"LineString","coordinates":[[-74.0584400023177,40.110818167977],[-74.0584583426851,40.110799535104],[-74.0584764726494,40.1107807852372],[-74.0584943969201,40.1107619156926],[-74.0585121084417,40.1107429291454],[-74.0585296107101,40.1107238292117],[-74.0585468990449,40.1107046140726],[-74.0585639745959,40.1106852873351],[-74.0585808350172,40.1106658489904],[-74.0585974779396,40.1106463026325],[-74.0586139045419,40.1106266473651],[-74.0586301136455,40.1106068840845],[-74.0586461017081,40.1105870163802],[-74.0586618687299,40.1105670442521],[-74.0586774135204,40.110546970398],[-74.0586927325549,40.1105267957051],[-74.0587078316929,40.1105065210966],[-74.0587227027058,40.1104861492431],[-74.0587373467668,40.1104656801495],[-74.0587517638645,40.1104451156169]]}},{"type":"Feature","id":397680,"properties":{"OBJECTID":397680,"PRIMENAME":"River Avenue","ELEVTYP_F":0,"ELEVTYP_T":0},"geometry":{"type":"LineString","coordinates":[[-74.0504291489299,40.0974624860608],[-74.0504216084632,40.0977500003226],[-74.0504056913636,40.0980501934955],[-74.0503744318183,40.0985576794482],[-74.0503742283636,40.0985885903392]]}},{"type":"Feature","id":397900,"properties":{"OBJECTID":397900,"PRIMENAME":"State Highway 35","ELEVTYP_F":0,"ELEVTYP_T":0},"geometry":{"type":"LineString","coordinates":[[-74.0623377548909,40.1106146001152],[-74.0625446803607,40.1106626832957],[-74.0628003612006,40.1107244028365],[-74.0629583199093,40.1107643392469],[-74.0631117153624,40.1108077997358],[-74.063241845109,40.1108440343355],[-74.0634648508286,40.1109163626928],[-74.0637342475466,40.1110139027043],[-74.0639617877752,40.1111041186423],[-74.0642264471159,40.1112159426037],[-74.0643355658331,40.111267333864]]}},{"type":"Feature","id":397981,"properties":{"OBJECTID":397981,"PRIMENAME":"Hawthorne Avenue","ELEVTYP_F":0,"ELEVTYP_T":0},"geometry":{"type":"LineString","coordinates":[[-74.0493023552816,40.0960682115582],[-74.0493249613454,40.0962429235585],[-74.0493769797189,40.0966449626123],[-74.0493978608419,40.0968075986217],[-74.0494170330572,40.0969569301848]]}},{"type":"Feature","id":398533,"properties":{"OBJECTID":398533,"PRIMENAME":"State Highway 70","ELEVTYP_F":0,"ELEVTYP_T":0},"geometry":{"type":"LineString","coordinates":[[-74.0833032311493,40.0984855283785],[-74.0834485306762,40.0984125195064],[-74.0838104599567,40.0982441312749],[-74.0842339133225,40.0980514522577],[-74.0855654866033,40.0974981362896],[-74.0857249301625,40.0974348647803]]}},{"type":"Feature","id":398589,"properties":{"OBJECTID":398589,"PRIMENAME":"State Highway 70","ELEVTYP_F":0,"ELEVTYP_T":0},"geometry":{"type":"LineString","coordinates":[[-74.0730396730019,40.1161765301721],[-74.0730574915525,40.1161403855086]]}},{"type":"Feature","id":399016,"properties":{"OBJECTID":399016,"PRIMENAME":"Hawthorne Avenue","ELEVTYP_F":0,"ELEVTYP_T":0},"geometry":{"type":"LineString","coordinates":[[-74.0503368815558,40.1001130251019],[-74.0503379781445,40.1001148136253],[-74.050339959396,40.100117979135],[-74.0504237663075,40.1002522478231],[-74.0506867032114,40.1006052990481]]}},{"type":"Feature","id":399058,"properties":{"OBJECTID":399058,"PRIMENAME":"River Oaks Lane","ELEVTYP_F":0,"ELEVTYP_T":0},"geometry":{"type":"LineString","coordinates":[[-74.0561273845315,40.092621173871],[-74.056149753091,40.0926266385105],[-74.0572109010871,40.092916787992]]}},{"type":"Feature","id":399310,"properties":{"OBJECTID":399310,"PRIMENAME":"Richmond Avenue","ELEVTYP_F":0,"ELEVTYP_T":0},"geometry":{"type":"LineString","coordinates":[[-74.0497174611654,40.0917437103254],[-74.0497918403716,40.0923141188212],[-74.0499027722255,40.0931367158783],[-74.0499642359474,40.093579004727]]}},{"type":"Feature","id":399546,"properties":{"OBJECTID":399546,"PRIMENAME":"State Highway 35","ELEVTYP_F":0,"ELEVTYP_T":0},"geometry":{"type":"LineString","coordinates":[[-74.071765818751,40.1185120043307],[-74.0717564345181,40.1185316262329],[-74.0715252789997,40.1190062017841],[-74.0713225990546,40.1193986891206],[-74.0710489708491,40.1199731457451],[-74.0708277439153,40.1204217645171],[-74.0708272590746,40.12042274537],[-74.0706522286075,40.1207958141927]]}},{"type":"Feature","id":399569,"properties":{"OBJECTID":399569,"PRIMENAME":"West Laurel Avenue","ELEVTYP_F":0,"ELEVTYP_T":0},"geometry":{"type":"LineString","coordinates":[[-74.0549569119064,40.0902428913041],[-74.0552479027736,40.0902210304826],[-74.0553621270132,40.0902176536584]]}},{"type":"Feature","id":400081,"properties":{"OBJECTID":400081,"PRIMENAME":"State Highway 35","ELEVTYP_F":0,"ELEVTYP_T":1},"geometry":{"type":"LineString","coordinates":[[-74.0623059843864,40.1104392205085],[-74.0620250351807,40.1103819068695],[-74.0616577318814,40.1103090018003],[-74.0612345925886,40.1102287740256],[-74.060704510289,40.1101266712315],[-74.0606678758485,40.1101188818308],[-74.0603279244471,40.1100465896837],[-74.0600443722261,40.1099775938421],[-74.0598119727561,40.1099159576015],[-74.0596261270792,40.1098652043904],[-74.0594309844662,40.1098036811129],[-74.0592451963367,40.1097386515974],[-74.0591212666171,40.1096931788314],[-74.0590149834323,40.1096541806189]]}},{"type":"Feature","id":400172,"properties":{"OBJECTID":400172,"PRIMENAME":"Hawthorne Avenue","ELEVTYP_F":0,"ELEVTYP_T":0},"geometry":{"type":"LineString","coordinates":[[-74.0497031483396,40.0987369480819],[-74.0497393315532,40.0988661729212],[-74.0497896389917,40.099005803374],[-74.0498595905214,40.099201000748],[-74.0498627587685,40.0992098443247],[-74.0499605788518,40.0994358607524]]}},{"type":"Feature","id":400374,"properties":{"OBJECTID":400374,"PRIMENAME":"State Highway 34","ELEVTYP_F":0,"ELEVTYP_T":0},"geometry":{"type":"LineString","coordinates":[[-74.0765902257502,40.1188279362229],[-74.0768732060227,40.119130514237],[-74.0769442871949,40.1192116195998],[-74.0775112557413,40.1198585363048],[-74.0776588013789,40.1200259069407]]}},{"type":"Feature","id":400828,"properties":{"OBJECTID":400828,"PRIMENAME":"State Highway 35","ELEVTYP_F":0,"ELEVTYP_T":0},"geometry":{"type":"LineString","coordinates":[[-74.0709215503736,40.1204530389818],[-74.0710087052275,40.120280387597],[-74.0711690531585,40.119955691078],[-74.0714096112706,40.1194597093603],[-74.0715605681935,40.1191492804083],[-74.0717537017273,40.1187961254784],[-74.0719186470423,40.1184785827741],[-74.0721258218417,40.118081484998]]}},{"type":"Feature","id":400941,"properties":{"OBJECTID":400941,"PRIMENAME":"State Highway 35","ELEVTYP_F":0,"ELEVTYP_T":0},"geometry":{"type":"LineString","coordinates":[[-74.0643355658331,40.111267333864],[-74.0644863914751,40.1113384547124],[-74.0647091483547,40.1114500929796],[-74.0649456915361,40.1115868190349],[-74.0650890430413,40.1116692813106],[-74.0652102405109,40.1117389965683]]}},{"type":"Feature","id":401062,"properties":{"OBJECTID":401062,"PRIMENAME":"State Highway 35","ELEVTYP_F":0,"ELEVTYP_T":0},"geometry":{"type":"LineString","coordinates":[[-74.0728326225796,40.1162758051933],[-74.0727139177838,40.1165655463794],[-74.0726553557092,40.1166837112957],[-74.0725158552877,40.1169651900742],[-74.0725071252431,40.1169832643744],[-74.0722469716437,40.1175218228914],[-74.0721007729877,40.1178215639435],[-74.0720662203273,40.1178904838818],[-74.0719970268419,40.1180285053378],[-74.0719914384684,40.1180401900198]]}},{"type":"Feature","id":401188,"properties":{"OBJECTID":401188,"PRIMENAME":"Cincinnati Avenue","ELEVTYP_F":0,"ELEVTYP_T":0},"geometry":{"type":"LineString","coordinates":[[-74.047969291919,40.0897660695086],[-74.0480978813872,40.0907359960207]]}},{"type":"Feature","id":401242,"properties":{"OBJECTID":401242,"PRIMENAME":"State Highway 35","ELEVTYP_F":0,"ELEVTYP_T":1},"geometry":{"type":"LineString","coordinates":[[-74.0561404676053,40.1076338580456],[-74.0560591452441,40.1075343562299],[-74.0560334870791,40.1075029634529],[-74.0557887591967,40.1071838991628],[-74.0557475728338,40.1071280444052],[-74.0555350087676,40.1068397623712],[-74.0552952536691,40.106529442866],[-74.0552441809673,40.1064633352535],[-74.0551570901326,40.1063476432726]]}},{"type":"Feature","id":401353,"properties":{"OBJECTID":401353,"PRIMENAME":"State Highway 70","ELEVTYP_F":0,"ELEVTYP_T":0},"geometry":{"type":"LineString","coordinates":[[-74.0811681770906,40.0998101987703],[-74.0812993804563,40.0997103875381],[-74.0815285051933,40.0995396331083],[-74.0818149986578,40.0993568882006],[-74.0821403649942,40.0991468955187],[-74.0824361066235,40.0989631907593],[-74.0828180877565,40.098747156645],[-74.0830544396984,40.0986203833951],[-74.0833032311493,40.0984855283785]]}},{"type":"Feature","id":401376,"properties":{"OBJECTID":401376,"PRIMENAME":"State Highway 35","ELEVTYP_F":0,"ELEVTYP_T":0},"geometry":{"type":"LineString","coordinates":[[-74.0652102405109,40.1117389965683],[-74.0656275864654,40.1119790197254],[-74.0667083377486,40.1126086120481],[-74.0670154994297,40.1127865892438],[-74.0675000902777,40.1130673726507],[-74.0677258906535,40.1131982038222],[-74.0678819337146,40.113288616236],[-74.0690230356039,40.1139541288115],[-74.0693057323733,40.1141177888104]]}},{"type":"Feature","id":402476,"properties":{"OBJECTID":402476,"PRIMENAME":"Lenape Trail","ELEVTYP_F":0,"ELEVTYP_T":0},"geometry":{"type":"LineString","coordinates":[[-74.0633586873183,40.1182414985747],[-74.0631897953385,40.1184099171013],[-74.0627056028627,40.1188760536537]]}},{"type":"Feature","id":402530,"properties":{"OBJECTID":402530,"PRIMENAME":"Lenape Trail","ELEVTYP_F":0,"ELEVTYP_T":0},"geometry":{"type":"LineString","coordinates":[[-74.0617118424748,40.1201598977218],[-74.0615680085517,40.1205676067456],[-74.0615373787765,40.1206482256539]]}},{"type":"Feature","id":402546,"properties":{"OBJECTID":402546,"PRIMENAME":"West Union Lane","ELEVTYP_F":0,"ELEVTYP_T":0},"geometry":{"type":"LineString","coordinates":[[-74.0654522293549,40.1156774918443],[-74.0656595590758,40.1156487459067],[-74.0658156583142,40.1156271022254],[-74.0658216066751,40.1156262769774],[-74.0668592300826,40.1154824106074],[-74.0671636815143,40.1154406670484],[-74.0672692291737,40.1154362842009],[-74.0673374159656,40.1154365389436]]}},{"type":"Feature","id":402548,"properties":{"OBJECTID":402548,"PRIMENAME":"Lenape Trail","ELEVTYP_F":0,"ELEVTYP_T":0},"geometry":{"type":"LineString","coordinates":[[-74.0620801260587,40.1195028850853],[-74.0620027623686,40.1195778962734],[-74.0619337600826,40.1196872552087],[-74.0618710107782,40.1197918614125],[-74.0618144473006,40.1198965171039],[-74.0617577353607,40.1200297519002],[-74.0617118424748,40.1201598977218]]}},{"type":"Feature","id":402552,"properties":{"OBJECTID":402552,"PRIMENAME":"Lenape Trail","ELEVTYP_F":0,"ELEVTYP_T":0},"geometry":{"type":"LineString","coordinates":[[-74.0627056028627,40.1188760536537],[-74.0625339015937,40.1190413307056],[-74.0621839019753,40.1194022509715],[-74.0620801260587,40.1195028850853]]}},{"type":"Feature","id":402568,"properties":{"OBJECTID":402568,"PRIMENAME":"Lenape Trail","ELEVTYP_F":0,"ELEVTYP_T":0},"geometry":{"type":"LineString","coordinates":[[-74.0650654945534,40.1166719340468],[-74.0650632874501,40.1166725490342],[-74.0649449604243,40.1167292892665],[-74.06487011388,40.1167862197617],[-74.0647952673831,40.1168431231872],[-74.0646994516681,40.1169311277517],[-74.0646453855135,40.1169807856893],[-74.0638707959626,40.1177309073516],[-74.0633586873183,40.1182414985747]]}},{"type":"Feature","id":402574,"properties":{"OBJECTID":402574,"PRIMENAME":"State Highway 70","ELEVTYP_F":0,"ELEVTYP_T":0},"geometry":{"type":"LineString","coordinates":[[-74.0777721493833,40.1032865743965],[-74.077698248604,40.1033756435054],[-74.0772620403713,40.1038987112904]]}},{"type":"Feature","id":402575,"properties":{"OBJECTID":402575,"PRIMENAME":"State Highway 70","ELEVTYP_F":0,"ELEVTYP_T":0},"geometry":{"type":"LineString","coordinates":[[-74.0765863478465,40.1049166831573],[-74.0766125341651,40.1048801442332],[-74.0768658924843,40.104559347349],[-74.0770159811626,40.1043740112218],[-74.0773535976812,40.1039784646293],[-74.0777334857101,40.1035222889844],[-74.0779492420751,40.1032621338035],[-74.0781743350545,40.1029948472212],[-74.0784182293193,40.1026990497276],[-74.0785921612785,40.1024894967498],[-74.0788027942097,40.1022357233873],[-74.0790372424824,40.1019577896074],[-74.0792513359293,40.1016988336977]]}},{"type":"Feature","id":402576,"properties":{"OBJECTID":402576,"PRIMENAME":"State Highway 70","ELEVTYP_F":0,"ELEVTYP_T":0},"geometry":{"type":"LineString","coordinates":[[-74.0791762258607,40.1016000316429],[-74.0788554337958,40.1019879377128],[-74.0788425152974,40.1020035591457],[-74.0785933331114,40.1022995635089],[-74.078434545268,40.1024881873401],[-74.0777721493833,40.1032865743965]]}},{"type":"Feature","id":402578,"properties":{"OBJECTID":402578,"PRIMENAME":"State Highway 70","ELEVTYP_F":0,"ELEVTYP_T":0},"geometry":{"type":"LineString","coordinates":[[-74.0772620403713,40.1038987112904],[-74.0770979315854,40.1040954965717],[-74.0765960892664,40.1047013647914],[-74.0765254237182,40.104797277583]]}},{"type":"Feature","id":402582,"properties":{"OBJECTID":402582,"PRIMENAME":"State Highway 70","ELEVTYP_F":0,"ELEVTYP_T":0},"geometry":{"type":"LineString","coordinates":[[-74.0792513359293,40.1016988336977],[-74.0794968728398,40.1014018040726],[-74.0796683465275,40.1012075459259]]}},{"type":"Feature","id":402658,"properties":{"OBJECTID":402658,"PRIMENAME":"South Street","ELEVTYP_F":0,"ELEVTYP_T":0},"geometry":{"type":"LineString","coordinates":[[-74.0587646666356,40.1182855820681],[-74.0588836977723,40.1181768271708],[-74.0590109246448,40.1180605817165]]}},{"type":"Feature","id":403136,"properties":{"OBJECTID":403136,"PRIMENAME":"Mariners Bend","ELEVTYP_F":0,"ELEVTYP_T":0},"geometry":{"type":"LineString","coordinates":[[-74.0764845548449,40.104737840264],[-74.0765254237182,40.104797277583]]}},{"type":"Feature","id":403137,"properties":{"OBJECTID":403137,"PRIMENAME":"Old Bridge Road","ELEVTYP_F":0,"ELEVTYP_T":0},"geometry":{"type":"LineString","coordinates":[[-74.0792513359293,40.1016988336977],[-74.0792180280242,40.1016544626977]]}},{"type":"Feature","id":403138,"properties":{"OBJECTID":403138,"PRIMENAME":"State Highway 70","ELEVTYP_F":0,"ELEVTYP_T":0},"geometry":{"type":"LineString","coordinates":[[-74.0857249301625,40.0974348647803],[-74.0865664076848,40.0971009390101]]}},{"type":"Feature","id":403139,"properties":{"OBJECTID":403139,"PRIMENAME":"State Highway 70","ELEVTYP_F":0,"ELEVTYP_T":0},"geometry":{"type":"LineString","coordinates":[[-74.0866000539029,40.0969801323263],[-74.0865513627935,40.0969991936967],[-74.0864030320834,40.09705804581],[-74.0858048607099,40.0972953678996],[-74.0856544952157,40.0973557375438]]}},{"type":"Feature","id":434805,"properties":{"OBJECTID":434805,"PRIMENAME":"Trenton Court","ELEVTYP_F":0,"ELEVTYP_T":0},"geometry":{"type":"LineString","coordinates":[[-74.0550662686185,40.089098515419],[-74.0550623807375,40.0891686436422],[-74.0550293244074,40.0894804945958],[-74.0549569119064,40.0902428913041]]}}]}
